date,airline,departure_time,arrival_time,duration,transit,price,origin,destination,seat_class,baggage,city,duration_minutes,airline_encoded,seat_class_encoded,cluster,cluster_label
08/12/25,AirAsia,08:25,11:10,1h 45m,0,1401500.0,CGK,SIN,Economy,10,Singapura,105,0,1,0,Budget Flight
08/12/25,AirAsia,11:10,14:00,1h 50m,0,1229000.0,CGK,SIN,Economy,10,Singapura,110,0,1,0,Budget Flight
08/12/25,AirAsia,11:50,12:35,1h 45m,0,923342.0,SIN,CGK,Economy,10,Jakarta,105,0,1,0,Budget Flight
08/12/25,AirAsia,14:40,15:30,1h 50m,0,923342.0,SIN,CGK,Economy,10,Jakarta,110,0,1,0,Budget Flight
08/12/25,AirAsia,16:30,19:20,1h 50m,0,986145.0,CGK,SIN,Economy,10,Singapura,110,0,1,0,Budget Flight
08/12/25,AirAsia,19:25,07:05,10h 40m,1,1547769.0,CGK,SIN,Economy,10,Singapura,640,0,1,0,Budget Flight
08/12/25,AirAsia,21:15,08:20,10h 5m,1,1547769.0,CGK,SIN,Economy,10,Singapura,605,0,1,0,Budget Flight
08/12/25,Batik Air,05:00,06:20,1h 20m,0,2754189.0,SUB,HLP,Business,30,Jakarta,80,8,0,2,Mid-range Flight
08/12/25,Batik Air,05:05,06:35,1h 30m,0,1740598.0,SUB,CGK,Business,30,Jakarta,90,8,0,2,Mid-range Flight
08/12/25,Batik Air,05:05,08:45,3h 40m,1,2946880.0,SUB,SRG,Business,10,Semarang,220,8,0,0,Budget Flight
08/12/25,Batik Air,05:15,07:15,1h 0m,0,570572.0,SUB,DPS,Economy,20,Bali,60,8,1,0,Budget Flight
08/12/25,Batik Air,05:25,06:50,1h 25m,0,2740826.0,HLP,SUB,Business,30,Surabaya,85,8,0,2,Mid-range Flight
08/12/25,Batik Air,06:00,07:30,1h 30m,0,1807434.0,CGK,SUB,Business,30,Surabaya,90,8,0,2,Mid-range Flight
08/12/25,Batik Air,06:20,08:20,1h 0m,0,1045980.0,SUB,DPS,Business,30,Bali,60,8,0,2,Mid-range Flight
08/12/25,Batik Air,07:00,15:00,8h 0m,1,2958530.0,SRG,SUB,Business,30,Surabaya,480,8,0,2,Mid-range Flight
08/12/25,Batik Air,07:45,10:30,1h 45m,0,1327600.0,CGK,SIN,Economy,20,Singapura,105,8,1,0,Budget Flight
08/12/25,Batik Air,07:50,11:30,3h 40m,1,3266242.0,SUB,SRG,Business,10,Semarang,220,8,0,0,Budget Flight
08/12/25,Batik Air,08:00,09:30,1h 30m,0,2790193.0,CGK,SUB,Business,30,Surabaya,90,8,0,2,Mid-range Flight
08/12/25,Batik Air,08:30,10:00,1h 30m,0,2752045.0,SUB,CGK,Business,30,Jakarta,90,8,0,2,Mid-range Flight
08/12/25,Batik Air,08:40,20:40,11h 0m,1,5410500.0,SUB,SIN,Business,10,Singapura,660,8,0,1,High-end Flight
08/12/25,Batik Air,08:50,10:15,1h 25m,0,2740826.0,HLP,SUB,Business,30,Surabaya,85,8,0,2,Mid-range Flight
08/12/25,Batik Air,09:15,20:40,10h 25m,1,4910100.0,CGK,SIN,Business,10,Singapura,625,8,0,1,High-end Flight
08/12/25,Batik Air,09:30,10:55,1h 25m,0,2740826.0,HLP,SUB,Business,30,Surabaya,85,8,0,2,Mid-range Flight
08/12/25,Batik Air,09:30,13:30,4h,1,2941343.0,SRG,SUB,Business,10,Surabaya,240,8,0,0,Budget Flight
08/12/25,Batik Air,10:55,12:15,1h 20m,0,2754189.0,SUB,HLP,Business,30,Jakarta,80,8,0,2,Mid-range Flight
08/12/25,Batik Air,11:00,13:45,1h 45m,0,1327600.0,CGK,SIN,Economy,20,Singapura,105,8,1,0,Budget Flight
08/12/25,Batik Air,11:20,12:10,1h 50m,0,4630300.0,SIN,CGK,Business,30,Jakarta,110,8,0,2,Mid-range Flight
08/12/25,Batik Air,11:35,12:55,1h 20m,0,1802380.0,SUB,CGK,Business,30,Jakarta,80,8,0,2,Mid-range Flight
08/12/25,Batik Air,11:35,12:55,1h 20m,0,2754189.0,SUB,HLP,Business,30,Jakarta,80,8,0,2,Mid-range Flight
08/12/25,Batik Air,12:30,15:15,1h 45m,0,1327600.0,CGK,SIN,Economy,20,Singapura,105,8,1,0,Budget Flight
08/12/25,Batik Air,13:35,15:00,1h 25m,0,1763600.0,CGK,SUB,Business,30,Surabaya,85,8,0,2,Mid-range Flight
08/12/25,Batik Air,13:35,15:00,1h 25m,0,2740826.0,HLP,SUB,Business,30,Surabaya,85,8,0,2,Mid-range Flight
08/12/25,Batik Air,15:20,16:50,1h 30m,0,2790193.0,CGK,SUB,Business,30,Surabaya,90,8,0,2,Mid-range Flight
08/12/25,Batik Air,15:40,17:00,1h 20m,0,1802380.0,SUB,CGK,Business,30,Jakarta,80,8,0,2,Mid-range Flight
08/12/25,Batik Air,15:40,17:00,1h 20m,0,2754189.0,SUB,HLP,Business,30,Jakarta,80,8,0,2,Mid-range Flight
08/12/25,Batik Air,16:25,17:55,1h 30m,0,2752045.0,SUB,CGK,Business,30,Jakarta,90,8,0,2,Mid-range Flight
08/12/25,Batik Air,16:35,18:00,1h 25m,0,1763600.0,CGK,SUB,Business,30,Surabaya,85,8,0,2,Mid-range Flight
08/12/25,Batik Air,16:35,18:00,1h 25m,0,2740826.0,HLP,SUB,Business,30,Surabaya,85,8,0,2,Mid-range Flight
08/12/25,Batik Air,17:00,18:30,1h 30m,0,1774538.0,CGK,SUB,Business,30,Surabaya,90,8,0,2,Mid-range Flight
08/12/25,Batik Air,17:30,18:20,1h 50m,0,4630300.0,SIN,CGK,Business,30,Jakarta,110,8,0,2,Mid-range Flight
08/12/25,Batik Air,17:30,19:00,1h 30m,0,2752045.0,SUB,CGK,Business,30,Jakarta,90,8,0,2,Mid-range Flight
08/12/25,Batik Air,17:45,20:30,1h 45m,0,1013594.0,CGK,SIN,Economy,20,Singapura,105,8,1,0,Budget Flight
08/12/25,Batik Air,18:30,21:15,1h 45m,0,1327600.0,CGK,SIN,Economy,20,Singapura,105,8,1,0,Budget Flight
08/12/25,Batik Air,18:40,20:00,1h 20m,0,1802380.0,SUB,CGK,Business,30,Jakarta,80,8,0,2,Mid-range Flight
08/12/25,Batik Air,18:40,20:00,1h 20m,0,2754189.0,SUB,HLP,Business,30,Jakarta,80,8,0,2,Mid-range Flight
08/12/25,Batik Air,18:45,18:45,1h 0m,0,656175.0,DPS,SUB,Economy,20,Surabaya,60,8,1,0,Budget Flight
08/12/25,Batik Air,19:15,20:45,1h 30m,0,2752045.0,SUB,CGK,Business,30,Jakarta,90,8,0,2,Mid-range Flight
08/12/25,Batik Air,20:00,21:30,1h 30m,0,1774538.0,CGK,SUB,Business,30,Surabaya,90,8,0,2,Mid-range Flight
08/12/25,Batik Air,20:15,21:40,1h 25m,0,1763600.0,CGK,SUB,Business,30,Surabaya,85,8,0,2,Mid-range Flight
08/12/25,Batik Air,20:15,21:40,1h 25m,0,2740826.0,HLP,SUB,Business,30,Surabaya,85,8,0,2,Mid-range Flight
08/12/25,Batik Air,20:30,20:30,1h 0m,0,615808.0,DPS,SUB,Economy,20,Surabaya,60,8,1,0,Budget Flight
08/12/25,Batik Air,21:25,22:15,1h 50m,0,4630300.0,SIN,CGK,Business,30,Jakarta,110,8,0,2,Mid-range Flight
08/12/25,Batik Air,22:10,23:00,1h 50m,0,4630300.0,SIN,CGK,Business,30,Jakarta,110,8,0,2,Mid-range Flight
08/12/25,Citilink,05:00,07:05,1h 5m,0,553791.0,SUB,DPS,Economy,15,Bali,65,12,1,0,Budget Flight
08/12/25,Citilink,05:25,06:55,1h 30m,0,1047248.0,CGK,SUB,Economy,15,Surabaya,90,12,1,0,Budget Flight
08/12/25,Citilink,07:05,07:10,1h 5m,0,619368.0,DPS,SUB,Economy,15,Surabaya,65,12,1,0,Budget Flight
08/12/25,Citilink,08:05,08:10,1h 5m,0,647739.0,DPS,SUB,Economy,15,Surabaya,65,12,1,0,Budget Flight
08/12/25,Citilink,10:10,11:00,1h 50m,0,1396602.0,SIN,CGK,Economy,10,Jakarta,110,12,1,0,Budget Flight
08/12/25,Citilink,10:20,11:45,1h 25m,0,1008212.0,SUB,CGK,Economy,10,Jakarta,85,12,1,0,Budget Flight
08/12/25,Citilink,13:05,14:40,1h 35m,0,980384.0,CGK,SUB,Economy,10,Surabaya,95,12,1,0,Budget Flight
08/12/25,Citilink,14:50,16:25,1h 35m,0,980384.0,CGK,SUB,Economy,10,Surabaya,95,12,1,0,Budget Flight
08/12/25,Citilink,16:45,18:45,1h 0m,0,624372.0,SUB,DPS,Economy,15,Bali,60,12,1,0,Budget Flight
08/12/25,Citilink,17:10,20:00,1h 50m,0,1187600.0,CGK,SIN,Economy,10,Singapura,110,12,1,0,Budget Flight
08/12/25,Citilink,17:15,18:50,1h 35m,0,980384.0,CGK,SUB,Economy,10,Surabaya,95,12,1,0,Budget Flight
08/12/25,Citilink,19:20,19:30,1h 10m,0,645133.0,DPS,SUB,Economy,10,Surabaya,70,12,1,0,Budget Flight
08/12/25,Citilink,20:10,22:10,1h 0m,0,645016.0,SUB,DPS,Economy,10,Bali,60,12,1,0,Budget Flight
08/12/25,Citilink,20:50,22:25,1h 35m,0,1008212.0,SUB,CGK,Economy,10,Jakarta,95,12,1,0,Budget Flight
08/12/25,Garuda Indonesia,05:50,08:35,1h 45m,0,2369600.0,CGK,SIN,Economy,30,Singapura,105,19,1,0,Budget Flight
08/12/25,Garuda Indonesia,06:55,07:55,2h 0m,0,3254365.0,SIN,CGK,Economy,30,Jakarta,120,19,1,0,Budget Flight
08/12/25,Garuda Indonesia,07:05,14:30,7h 25m,1,14907130.0,SRG,SUB,Business,10,Surabaya,445,19,0,1,High-end Flight
08/12/25,Garuda Indonesia,07:05,10:25,2h 20m,0,3157766.0,SUB,SIN,Economy,30,Singapura,140,19,1,0,Budget Flight
08/12/25,Garuda Indonesia,09:45,13:45,4h,1,18046573.0,SRG,SUB,Business,30,Surabaya,240,19,0,1,High-end Flight
08/12/25,Garuda Indonesia,15:15,16:45,1h 30m,0,1386641.0,SUB,HLP,Economy,20,Jakarta,90,19,1,0,Budget Flight
08/12/25,Garuda Indonesia,15:30,16:30,2h 0m,0,15015126.0,SIN,CGK,Business,40,Jakarta,120,19,0,1,High-end Flight
08/12/25,Garuda Indonesia,16:55,17:10,1h 15m,0,6324038.0,DPS,SUB,Business,30,Surabaya,75,19,0,2,Mid-range Flight
08/12/25,Garuda Indonesia,21:30,22:35,2h 5m,0,4508505.0,SIN,CGK,Economy,30,Jakarta,125,19,1,0,Budget Flight
08/12/25,Lion Air,03:30,05:00,1h 30m,0,939180.0,CGK,SUB,Economy,10,Surabaya,90,24,1,0,Budget Flight
08/12/25,Lion Air,07:00,07:00,1h 0m,0,619400.0,DPS,SUB,Economy,10,Surabaya,60,24,1,0,Budget Flight
08/12/25,Lion Air,07:00,10:35,3h 35m,1,1539530.0,SRG,SUB,Economy,10,Surabaya,215,24,1,0,Budget Flight
08/12/25,Lion Air,07:40,09:10,1h 30m,0,992274.0,SUB,CGK,Economy,10,Jakarta,90,24,1,0,Budget Flight
08/12/25,Lion Air,07:55,09:55,1h 0m,0,531478.0,SUB,DPS,Economy,10,Bali,60,24,1,0,Budget Flight
08/12/25,Lion Air,08:20,12:45,4h 25m,1,1510690.0,SUB,SRG,Economy,10,Semarang,265,24,1,0,Budget Flight
08/12/25,Lion Air,09:00,10:30,1h 30m,0,852433.0,CGK,SUB,Economy,10,Surabaya,90,24,1,0,Budget Flight
08/12/25,Lion Air,10:35,10:35,1h 0m,0,619400.0,DPS,SUB,Economy,10,Surabaya,60,24,1,0,Budget Flight
08/12/25,Lion Air,10:50,12:20,1h 30m,0,875500.0,CGK,SUB,Economy,10,Surabaya,90,24,1,0,Budget Flight
08/12/25,Lion Air,11:00,12:30,1h 30m,0,886458.0,SUB,CGK,Economy,10,Jakarta,90,24,1,0,Budget Flight
08/12/25,Lion Air,11:15,13:15,1h 0m,0,531478.0,SUB,DPS,Economy,10,Bali,60,24,1,0,Budget Flight
08/12/25,Lion Air,11:15,15:00,3h 45m,1,1589480.0,SUB,SRG,Economy,10,Semarang,225,24,1,0,Budget Flight
08/12/25,Lion Air,12:20,14:20,1h 0m,0,531478.0,SUB,DPS,Economy,10,Bali,60,24,1,0,Budget Flight
08/12/25,Lion Air,13:30,15:00,1h 30m,0,939965.0,SUB,CGK,Economy,10,Jakarta,90,24,1,0,Budget Flight
08/12/25,Lion Air,13:55,13:55,1h,0,603847.0,DPS,SUB,Economy,10,Surabaya,60,24,1,0,Budget Flight
08/12/25,Lion Air,14:40,16:10,1h 30m,0,831191.0,CGK,SUB,Economy,10,Surabaya,90,24,1,0,Budget Flight
08/12/25,Lion Air,15:45,20:30,4h 45m,1,1564786.0,SRG,SUB,Economy,10,Surabaya,285,24,1,0,Budget Flight
08/12/25,Lion Air,17:05,19:05,1h 0m,0,613619.0,SUB,DPS,Economy,10,Bali,60,24,1,0,Budget Flight
08/12/25,Lion Air,18:50,20:20,1h 30m,0,831191.0,CGK,SUB,Economy,10,Surabaya,90,24,1,0,Budget Flight
08/12/25,Lion Air,19:45,19:45,1h 0m,0,531478.0,DPS,SUB,Economy,10,Surabaya,60,24,1,0,Budget Flight
08/12/25,Lion Air,20:00,21:30,1h 30m,0,861724.0,SUB,CGK,Economy,10,Jakarta,90,24,1,0,Budget Flight
08/12/25,Lion Air,20:30,20:30,1h,0,520115.0,DPS,SUB,Economy,10,Surabaya,60,24,1,0,Budget Flight
08/12/25,Lion Air,21:00,22:30,1h 30m,0,861743.0,SUB,CGK,Economy,10,Jakarta,90,24,1,0,Budget Flight
08/12/25,Malaysia Airlines,04:25,16:40,11h 15m,1,1653000.0,CGK,SIN,Economy,25,Singapura,675,29,1,0,Budget Flight
08/12/25,Malaysia Airlines,06:00,17:05,12h 5m,1,6003235.0,SIN,SUB,Business,20,Surabaya,725,29,0,1,High-end Flight
08/12/25,Malaysia Airlines,09:40,16:40,6h 0m,1,1653000.0,CGK,SIN,Economy,25,Singapura,360,29,1,0,Budget Flight
08/12/25,Malaysia Airlines,15:40,09:05,16h 25m,1,1240400.0,CGK,SIN,Economy,25,Singapura,985,29,1,0,Budget Flight
08/12/25,Malaysia Airlines,18:05,09:05,14h 0m,1,1509000.0,SUB,SIN,Economy,20,Singapura,840,29,1,0,Budget Flight
08/12/25,Malaysia Airlines,18:15,23:05,5h 50m,1,2104041.0,SIN,CGK,Economy,10,Jakarta,350,29,1,0,Budget Flight
08/12/25,Malaysia Airlines,19:55,09:05,12h 10m,1,1125000.0,CGK,SIN,Economy,20,Singapura,730,29,1,0,Budget Flight
08/12/25,Pelita Air,07:55,10:45,1h 50m,0,1249000.0,CGK,SIN,Economy,20,Singapura,110,31,1,0,Budget Flight
08/12/25,Pelita Air,09:00,16:55,6h 55m,1,5637280.0,SUB,DPS,Business,25,Bali,415,31,0,1,High-end Flight
08/12/25,Pelita Air,11:40,12:25,1h 45m,0,1451819.0,SIN,CGK,Economy,20,Jakarta,105,31,1,0,Budget Flight
08/12/25,Pelita Air,14:25,16:00,1h 35m,0,971271.0,CGK,SUB,Economy,10,Surabaya,95,31,1,0,Budget Flight
08/12/25,Pelita Air,17:15,18:50,1h 35m,0,971271.0,CGK,SUB,Economy,10,Surabaya,95,31,1,0,Budget Flight
08/12/25,Scoot,07:30,09:00,2h 30m,0,1668195.0,SIN,SUB,Economy,10,Surabaya,150,33,1,0,Budget Flight
08/12/25,Scoot,09:35,12:25,1h 50m,0,1385116.0,CGK,SIN,Economy,10,Singapura,110,33,1,0,Budget Flight
08/12/25,Scoot,09:45,13:05,2h 20m,0,3139714.0,SUB,SIN,Economy,10,Singapura,140,33,1,0,Budget Flight
08/12/25,Scoot,11:20,14:05,1h 45m,0,1385116.0,CGK,SIN,Economy,10,Singapura,105,33,1,0,Budget Flight
08/12/25,Scoot,20:10,23:00,1h 50m,0,1385116.0,CGK,SIN,Economy,10,Singapura,110,33,1,0,Budget Flight
08/12/25,Scoot,22:10,01:00,1h 50m,0,1385116.0,CGK,SIN,Economy,10,Singapura,110,33,1,0,Budget Flight
08/12/25,Singapore Airlines,05:25,08:05,1h 40m,0,9304169.0,CGK,SIN,Business,40,Singapura,100,35,0,1,High-end Flight
08/12/25,Singapore Airlines,06:50,07:35,1h 45m,0,11979167.0,SIN,CGK,Business,40,Jakarta,105,35,0,1,High-end Flight
08/12/25,Singapore Airlines,07:50,09:20,2h 30m,0,2555017.0,SIN,SUB,Economy,25,Surabaya,150,35,1,0,Budget Flight
08/12/25,Singapore Airlines,10:15,13:35,2h 20m,0,6917389.0,SUB,SIN,Business,40,Singapura,140,35,0,2,Mid-range Flight
08/12/25,Singapore Airlines,14:10,15:40,2h 30m,0,19262565.0,SIN,SUB,Business,40,Surabaya,150,35,0,1,High-end Flight
08/12/25,Super Air Jet,13:30,15:30,1h 0m,0,583539.0,SUB,DPS,Economy,15,Bali,60,36,1,0,Budget Flight
08/12/25,TransNusa,07:45,10:40,1h 55m,0,1249000.0,CGK,SIN,Economy,20,Singapura,115,37,1,0,Budget Flight
08/12/25,TransNusa,11:40,12:25,1h 45m,0,1404000.0,SIN,CGK,Economy,20,Jakarta,105,37,1,0,Budget Flight
08/12/25,TransNusa,11:45,14:40,1h 55m,0,1249000.0,CGK,SIN,Economy,20,Singapura,115,37,1,0,Budget Flight
08/12/25,Wings Air,10:00,11:10,1h 10m,0,899480.0,SRG,SUB,Economy,10,Surabaya,70,38,1,0,Budget Flight
08/12/25,Wings Air,14:30,15:25,55m,0,804482.0,SUB,SRG,Economy,10,Semarang,55,38,1,0,Budget Flight
09/12/25,AirAsia,08:25,11:10,1h 45m,0,1401500.0,CGK,SIN,Economy,10,Singapura,105,0,1,0,Budget Flight
09/12/25,AirAsia,11:10,14:00,1h 50m,0,1221500.0,CGK,SIN,Economy,10,Singapura,110,0,1,0,Budget Flight
09/12/25,AirAsia,11:20,11:20,5h 40m,1,2152086.0,SUB,SIN,Economy,20,Singapura,340,0,1,0,Budget Flight
09/12/25,AirAsia,11:50,12:35,1h 45m,0,923164.0,SIN,CGK,Economy,10,Jakarta,105,0,1,0,Budget Flight
09/12/25,AirAsia,13:25,13:25,5h 15m,1,2287646.0,SUB,SIN,Economy,20,Singapura,315,0,1,0,Budget Flight
09/12/25,AirAsia,14:40,15:30,1h 50m,0,923164.0,SIN,CGK,Economy,10,Jakarta,110,0,1,0,Budget Flight
09/12/25,AirAsia,14:55,14:55,5h 30m,1,3372120.0,SIN,SUB,Economy,20,Surabaya,330,0,1,0,Budget Flight
09/12/25,AirAsia,16:30,19:20,1h 50m,0,986145.0,CGK,SIN,Economy,10,Singapura,110,0,1,0,Budget Flight
09/12/25,AirAsia,20:00,20:45,1h 45m,0,923342.0,SIN,CGK,Economy,10,Jakarta,105,0,1,0,Budget Flight
09/12/25,AirAsia,21:15,07:05,8h 50m,1,1508081.0,CGK,SIN,Economy,10,Singapura,530,0,1,0,Budget Flight
09/12/25,"AirAsia , Batik Air",08:40,08:40,6h 30m,1,2050417.0,SUB,SIN,Economy,20,Singapura,390,1,1,0,Budget Flight
09/12/25,"AirAsia , Batik Air",12:30,12:30,5h 40m,1,3219532.0,SIN,SUB,Economy,20,Surabaya,340,1,1,0,Budget Flight
09/12/25,"AirAsia , Batik Air",13:25,13:25,6h 15m,1,2101168.0,SUB,SIN,Economy,20,Singapura,375,1,1,0,Budget Flight
09/12/25,"AirAsia , Batik Air",14:10,14:10,5h 55m,1,3406010.0,SIN,SUB,Economy,20,Surabaya,355,1,1,0,Budget Flight
09/12/25,"AirAsia , Citilink",10:35,10:35,6h 10m,1,3202671.0,SIN,SUB,Economy,20,Surabaya,370,2,1,0,Budget Flight
09/12/25,"AirAsia , Lion Air",07:00,07:00,4h 30m,1,2423205.0,DPS,SUB,Economy,10,Surabaya,270,3,1,0,Budget Flight
09/12/25,"AirAsia , Lion Air",10:40,10:40,3h 50m,1,2168948.0,SUB,DPS,Economy,10,Bali,230,3,1,0,Budget Flight
09/12/25,"AirAsia , Lion Air",11:50,11:50,5h 20m,1,3761769.0,SIN,SUB,Economy,20,Surabaya,320,3,1,0,Budget Flight
09/12/25,"AirAsia , Malaysia Airlines",17:40,17:40,5h 50m,1,2253756.0,SUB,SIN,Economy,20,Singapura,350,4,1,0,Budget Flight
09/12/25,"AirAsia , Scoot",13:25,13:25,6h,1,2168948.0,SUB,SIN,Economy,20,Singapura,360,6,1,0,Budget Flight
09/12/25,"AirAsia , Super Air Jet",10:35,10:35,6h 35m,1,3134891.0,SIN,SUB,Economy,20,Surabaya,395,7,1,0,Budget Flight
09/12/25,Batik Air,05:00,06:20,1h 20m,0,1802380.0,SUB,CGK,Business,30,Jakarta,80,8,0,2,Mid-range Flight
09/12/25,Batik Air,05:00,06:20,1h 20m,0,1835471.0,SUB,HLP,Business,30,Jakarta,80,8,0,2,Mid-range Flight
09/12/25,Batik Air,05:00,05:00,7h 45m,1,6930550.0,SUB,SIN,Business,30,Singapura,465,8,0,1,High-end Flight
09/12/25,Batik Air,05:05,06:35,1h 30m,0,938645.0,SUB,CGK,Economy,20,Jakarta,90,8,1,0,Budget Flight
09/12/25,Batik Air,05:05,13:35,7h 30m,1,5150280.0,SUB,DPS,Business,30,Bali,450,8,0,1,High-end Flight
09/12/25,Batik Air,05:05,15:15,9h 10m,1,5391180.0,SUB,SIN,Business,30,Singapura,550,8,0,1,High-end Flight
09/12/25,Batik Air,05:05,08:45,3h 40m,1,2946880.0,SUB,SRG,Business,10,Semarang,220,8,0,0,Budget Flight
09/12/25,Batik Air,05:15,11:30,5h 15m,1,1314800.0,CGK,SIN,Economy,10,Singapura,315,8,1,0,Budget Flight
09/12/25,Batik Air,05:15,07:15,1h 0m,0,537705.0,SUB,DPS,Economy,20,Bali,60,8,1,0,Budget Flight
09/12/25,Batik Air,05:15,05:15,10h 15m,1,5879966.0,SUB,SIN,Business,30,Singapura,615,8,0,1,High-end Flight
09/12/25,Batik Air,05:25,06:50,1h 25m,0,1761217.0,HLP,SUB,Business,30,Surabaya,85,8,0,2,Mid-range Flight
09/12/25,Batik Air,06:00,07:30,1h 30m,0,1807434.0,CGK,SUB,Business,30,Surabaya,90,8,0,2,Mid-range Flight
09/12/25,Batik Air,06:20,08:20,1h 0m,0,571889.0,SUB,DPS,Economy,20,Bali,60,8,1,0,Budget Flight
09/12/25,Batik Air,06:20,06:20,9h 10m,1,5879966.0,SUB,SIN,Business,30,Singapura,550,8,0,1,High-end Flight
09/12/25,Batik Air,07:00,13:30,6h 30m,1,2958530.0,SRG,SUB,Business,30,Surabaya,390,8,0,2,Mid-range Flight
09/12/25,Batik Air,07:30,08:50,1h 20m,0,1802380.0,SUB,CGK,Business,30,Jakarta,80,8,0,2,Mid-range Flight
09/12/25,Batik Air,07:30,08:50,1h 20m,0,2778762.0,SUB,HLP,Business,30,Jakarta,80,8,0,2,Mid-range Flight
09/12/25,Batik Air,07:30,07:30,7h 25m,1,5557929.0,SUB,SRG,Business,30,Semarang,445,8,0,1,High-end Flight
09/12/25,Batik Air,07:45,10:30,1h 45m,0,1327600.0,CGK,SIN,Economy,20,Singapura,105,8,1,0,Budget Flight
09/12/25,Batik Air,07:50,07:50,3h 40m,1,2846744.0,SUB,SRG,Economy,20,Semarang,220,8,1,0,Budget Flight
09/12/25,Batik Air,08:00,08:00,1h 30m,0,2457095.0,CGK,SUB,Business,30,Surabaya,90,8,0,2,Mid-range Flight
09/12/25,Batik Air,08:30,08:30,1h 30m,0,2457095.0,SUB,CGK,Business,30,Jakarta,90,8,0,2,Mid-range Flight
09/12/25,Batik Air,08:30,21:15,11h 45m,1,5391180.0,SUB,SIN,Business,30,Singapura,705,8,0,1,High-end Flight
09/12/25,Batik Air,08:30,08:30,9h 05m,1,3863439.0,SUB,SRG,Business,30,Semarang,545,8,0,1,High-end Flight
09/12/25,Batik Air,08:40,08:40,6h 30m,1,1982637.0,SUB,SIN,Economy,20,Singapura,390,8,1,0,Budget Flight
09/12/25,Batik Air,08:50,10:15,1h 25m,0,1763600.0,CGK,SUB,Business,30,Surabaya,85,8,0,2,Mid-range Flight
09/12/25,Batik Air,08:50,10:15,1h 25m,0,2716589.0,HLP,SUB,Business,30,Surabaya,85,8,0,2,Mid-range Flight
09/12/25,Batik Air,09:15,09:15,5h 55m,1,1474290.0,CGK,SIN,Business,30,Singapura,355,8,0,2,Mid-range Flight
09/12/25,Batik Air,09:30,10:55,1h 25m,0,1763600.0,CGK,SUB,Business,30,Surabaya,85,8,0,2,Mid-range Flight
09/12/25,Batik Air,09:30,10:55,1h 25m,0,2716589.0,HLP,SUB,Business,30,Surabaya,85,8,0,2,Mid-range Flight
09/12/25,Batik Air,09:30,13:30,4h,1,2941343.0,SRG,SUB,Business,10,Surabaya,240,8,0,0,Budget Flight
09/12/25,Batik Air,10:10,10:10,1h 30m,0,1863939.0,SUB,CGK,Economy,20,Jakarta,90,8,1,0,Budget Flight
09/12/25,Batik Air,10:10,21:15,10h 5m,1,5391180.0,SUB,SIN,Business,30,Singapura,605,8,0,1,High-end Flight
09/12/25,Batik Air,10:10,10:10,7h 25m,1,3863439.0,SUB,SRG,Business,30,Semarang,445,8,0,1,High-end Flight
09/12/25,Batik Air,10:15,10:15,4h 45m,1,3846577.0,SRG,SUB,Business,30,Surabaya,285,8,0,2,Mid-range Flight
09/12/25,Batik Air,10:30,19:05,9h 35m,1,5089000.0,SIN,SUB,Business,10,Surabaya,575,8,0,1,High-end Flight
09/12/25,Batik Air,10:55,12:15,1h 20m,0,1802380.0,SUB,CGK,Business,30,Jakarta,80,8,0,2,Mid-range Flight
09/12/25,Batik Air,10:55,12:15,1h 20m,0,2778762.0,SUB,HLP,Business,30,Jakarta,80,8,0,2,Mid-range Flight
09/12/25,Batik Air,10:55,10:55,6h 40m,1,5490150.0,SUB,SRG,Business,30,Semarang,400,8,0,1,High-end Flight
09/12/25,Batik Air,11:00,11:00,1h 45m,0,1253923.0,CGK,SIN,Business,30,Singapura,105,8,0,2,Mid-range Flight
09/12/25,Batik Air,11:20,11:20,1h 50m,0,2626544.0,SIN,CGK,Economy,20,Jakarta,110,8,1,0,Budget Flight
09/12/25,Batik Air,11:20,11:20,6h 30m,1,6896661.0,SIN,SUB,Business,30,Surabaya,390,8,0,1,High-end Flight
09/12/25,Batik Air,11:35,12:55,1h 20m,0,2778762.0,SUB,HLP,Business,30,Jakarta,80,8,0,2,Mid-range Flight
09/12/25,Batik Air,11:35,11:35,7h 55m,1,6930550.0,SUB,SIN,Business,30,Singapura,475,8,0,1,High-end Flight
09/12/25,Batik Air,11:40,11:40,5h 10m,1,3846577.0,SRG,SUB,Business,30,Surabaya,310,8,0,2,Mid-range Flight
09/12/25,Batik Air,12:00,12:00,1h 30m,0,1999499.0,CGK,SUB,Economy,20,Surabaya,90,8,1,0,Budget Flight
09/12/25,Batik Air,12:15,12:15,4h 35m,1,3846577.0,SRG,SUB,Business,30,Surabaya,275,8,0,2,Mid-range Flight
09/12/25,Batik Air,12:30,20:40,7h 10m,1,1225800.0,CGK,SIN,Economy,10,Singapura,430,8,1,0,Budget Flight
09/12/25,Batik Air,12:30,12:30,7h 35m,1,6676293.0,SIN,SUB,Business,20,Surabaya,455,8,0,1,High-end Flight
09/12/25,Batik Air,13:30,13:30,1h 30m,0,1948747.0,CGK,SUB,Economy,20,Surabaya,90,8,1,0,Budget Flight
09/12/25,Batik Air,13:35,15:00,1h 25m,0,2716589.0,HLP,SUB,Business,30,Surabaya,85,8,0,2,Mid-range Flight
09/12/25,Batik Air,14:10,14:10,1h 30m,0,1863939.0,SUB,CGK,Economy,20,Jakarta,90,8,1,0,Budget Flight
09/12/25,Batik Air,14:10,14:10,6h 50m,1,4558263.0,SUB,SRG,Business,30,Semarang,410,8,0,1,High-end Flight
09/12/25,Batik Air,14:45,14:45,1h 50m,0,2745075.0,SIN,CGK,Business,30,Jakarta,110,8,0,2,Mid-range Flight
09/12/25,Batik Air,14:45,14:45,7h 45m,1,7811686.0,SIN,SUB,Business,30,Surabaya,465,8,0,1,High-end Flight
09/12/25,Batik Air,15:20,16:50,1h 30m,0,930258.0,CGK,SUB,Economy,20,Surabaya,90,8,1,0,Budget Flight
09/12/25,Batik Air,15:35,15:35,5h 55m,1,4863272.0,SRG,SUB,Business,30,Surabaya,355,8,0,1,High-end Flight
09/12/25,Batik Air,15:40,17:00,1h 20m,0,2778762.0,SUB,HLP,Business,30,Jakarta,80,8,0,2,Mid-range Flight
09/12/25,Batik Air,15:50,15:50,1h 25m,0,3422871.0,HLP,SUB,Business,30,Surabaya,85,8,0,2,Mid-range Flight
09/12/25,Batik Air,16:00,16:00,1h 30m,0,2457095.0,CGK,SUB,Business,30,Surabaya,90,8,0,2,Mid-range Flight
09/12/25,Batik Air,16:10,17:00,1h 50m,0,4630600.0,SIN,CGK,Business,30,Jakarta,110,8,0,2,Mid-range Flight
09/12/25,Batik Air,16:25,16:25,1h 30m,0,2457095.0,SUB,CGK,Business,30,Jakarta,90,8,0,2,Mid-range Flight
09/12/25,Batik Air,16:25,16:25,4h 35m,1,4558263.0,SUB,SRG,Business,30,Semarang,275,8,0,2,Mid-range Flight
09/12/25,Batik Air,16:35,18:00,1h 25m,0,2716589.0,HLP,SUB,Business,30,Surabaya,85,8,0,2,Mid-range Flight
09/12/25,Batik Air,17:00,18:30,1h 30m,0,930258.0,CGK,SUB,Economy,20,Surabaya,90,8,1,0,Budget Flight
09/12/25,Batik Air,17:30,17:30,1h 50m,0,1118363.0,SIN,CGK,Economy,20,Jakarta,110,8,1,0,Budget Flight
09/12/25,Batik Air,17:30,17:30,1h 30m,0,2457095.0,SUB,CGK,Business,30,Jakarta,90,8,0,2,Mid-range Flight
09/12/25,Batik Air,17:45,20:30,1h 45m,0,1027600.0,CGK,SIN,Economy,20,Singapura,105,8,1,0,Budget Flight
09/12/25,Batik Air,17:55,17:55,1h 20m,0,2440066.0,SUB,HLP,Business,30,Jakarta,80,8,0,2,Mid-range Flight
09/12/25,Batik Air,18:10,18:10,1h 30m,0,2457095.0,SUB,CGK,Business,30,Jakarta,90,8,0,2,Mid-range Flight
09/12/25,Batik Air,18:30,21:15,1h 45m,0,1027600.0,CGK,SIN,Economy,20,Singapura,105,8,1,0,Budget Flight
09/12/25,Batik Air,18:40,20:00,1h 20m,0,2778762.0,SUB,HLP,Business,30,Jakarta,80,8,0,2,Mid-range Flight
09/12/25,Batik Air,18:45,18:45,1h 0m,0,1046100.0,DPS,SUB,Business,30,Surabaya,60,8,0,2,Mid-range Flight
09/12/25,Batik Air,19:15,20:45,1h 30m,0,1774538.0,SUB,CGK,Business,30,Jakarta,90,8,0,2,Mid-range Flight
09/12/25,Batik Air,19:15,19:15,12h 30m,1,3863439.0,SUB,SRG,Business,30,Semarang,750,8,0,1,High-end Flight
09/12/25,Batik Air,20:00,21:30,1h 30m,0,1758846.0,CGK,SUB,Business,30,Surabaya,90,8,0,2,Mid-range Flight
09/12/25,Batik Air,20:15,21:40,1h 25m,0,2716589.0,HLP,SUB,Business,30,Surabaya,85,8,0,2,Mid-range Flight
09/12/25,Batik Air,20:30,20:30,1h,0,1239455.0,DPS,SUB,Business,30,Surabaya,60,8,0,2,Mid-range Flight
09/12/25,Batik Air,21:25,21:25,1h 50m,0,1169282.0,SIN,CGK,Business,30,Jakarta,110,8,0,2,Mid-range Flight
09/12/25,Batik Air,22:10,22:10,1h 50m,0,2677295.0,SIN,CGK,Economy,20,Jakarta,110,8,1,0,Budget Flight
09/12/25,Batik Air,22:10,22:10,10h 20m,1,6896661.0,SIN,SUB,Business,30,Surabaya,620,8,0,1,High-end Flight
09/12/25,"Batik Air , Citilink",05:35,05:35,4h,1,2660434.0,SUB,SRG,Economy,20,Semarang,240,9,1,0,Budget Flight
09/12/25,"Batik Air , Citilink",09:30,09:30,4h 05m,1,3067111.0,SRG,SUB,Economy,10,Surabaya,245,9,1,0,Budget Flight
09/12/25,"Batik Air , Citilink",13:00,13:00,4h 30m,1,2694323.0,SRG,SUB,Economy,20,Surabaya,270,9,1,0,Budget Flight
09/12/25,"Batik Air , Citilink",15:35,15:35,3h 45m,1,3134891.0,SRG,SUB,Economy,10,Surabaya,225,9,1,0,Budget Flight
09/12/25,"Batik Air , Lion Air",07:00,07:00,5h 20m,1,2592654.0,SRG,SUB,Economy,20,Surabaya,320,10,1,0,Budget Flight
09/12/25,"Batik Air , Lion Air",11:40,11:40,4h 30m,1,2728213.0,SRG,SUB,Economy,15,Surabaya,270,10,1,0,Budget Flight
09/12/25,"Batik Air , Lion Air",12:15,12:15,3h 55m,1,2728213.0,SRG,SUB,Economy,10,Surabaya,235,10,1,0,Budget Flight
09/12/25,"Batik Air , Lion Air",13:30,13:30,4h 05m,1,2829883.0,SUB,SRG,Economy,20,Semarang,245,10,1,0,Budget Flight
09/12/25,"Batik Air , Lion Air",16:40,16:40,4h 15m,1,2677295.0,DPS,SUB,Economy,20,Surabaya,255,10,1,0,Budget Flight
09/12/25,"Batik Air , Pelita Air",11:40,11:40,4h 20m,1,2999332.0,SRG,SUB,Economy,20,Surabaya,260,11,1,0,Budget Flight
09/12/25,"Batik Air , Pelita Air",12:15,12:15,3h 45m,1,2999332.0,SRG,SUB,Economy,10,Surabaya,225,11,1,0,Budget Flight
09/12/25,"Batik Air , Pelita Air",13:25,13:25,4h 10m,1,2863772.0,SUB,SRG,Economy,20,Semarang,250,11,1,0,Budget Flight
09/12/25,Citilink,05:00,07:05,1h 5m,0,525349.0,SUB,DPS,Economy,15,Bali,65,12,1,0,Budget Flight
09/12/25,Citilink,05:25,05:25,1h 35m,0,1321702.0,CGK,SUB,Economy,15,Surabaya,95,12,1,0,Budget Flight
09/12/25,Citilink,05:35,05:35,1h 35m,0,1287813.0,SUB,CGK,Economy,15,Jakarta,95,12,1,0,Budget Flight
09/12/25,Citilink,06:20,06:20,1h 50m,0,1406510.0,CGK,SIN,Economy,20,Singapura,110,12,1,0,Budget Flight
09/12/25,Citilink,07:00,07:00,1h 35m,0,1270951.0,CGK,SUB,Economy,15,Surabaya,95,12,1,0,Budget Flight
09/12/25,Citilink,07:05,07:10,1h 5m,0,596042.0,DPS,SUB,Economy,15,Surabaya,65,12,1,0,Budget Flight
09/12/25,Citilink,07:35,07:35,1h 35m,0,1406510.0,SUB,CGK,Economy,15,Jakarta,95,12,1,0,Budget Flight
09/12/25,Citilink,07:35,07:35,4h 55m,1,2101168.0,SUB,SRG,Economy,20,Semarang,295,12,1,0,Budget Flight
09/12/25,Citilink,08:05,08:10,1h 5m,0,596042.0,DPS,SUB,Economy,15,Surabaya,65,12,1,0,Budget Flight
09/12/25,Citilink,08:25,08:25,1h 25m,0,1372621.0,CGK,SUB,Economy,15,Surabaya,85,12,1,0,Budget Flight
09/12/25,Citilink,09:10,09:10,1h 35m,0,1338731.0,SUB,CGK,Economy,15,Jakarta,95,12,1,0,Budget Flight
09/12/25,Citilink,10:10,10:10,1h 50m,0,2728213.0,SIN,CGK,Economy,20,Jakarta,110,12,1,0,Budget Flight
09/12/25,Citilink,10:10,14:40,2h 5m,1,2389142.0,SIN,SUB,Economy,10,Surabaya,125,12,1,0,Budget Flight
09/12/25,Citilink,10:25,10:25,1h 35m,0,1440400.0,CGK,SUB,Economy,20,Surabaya,95,12,1,0,Budget Flight
09/12/25,Citilink,10:25,10:25,1h 35m,0,1406510.0,SUB,CGK,Economy,15,Jakarta,95,12,1,0,Budget Flight
09/12/25,Citilink,10:25,10:25,5h 50m,1,2152086.0,SUB,SRG,Economy,20,Semarang,350,12,1,0,Budget Flight
09/12/25,Citilink,12:00,12:00,1h 35m,0,1558931.0,CGK,SUB,Economy,15,Surabaya,95,12,1,0,Budget Flight
09/12/25,Citilink,12:45,12:45,1h 05m,0,1067612.0,SUB,DPS,Economy,15,Bali,65,12,1,0,Budget Flight
09/12/25,Citilink,12:50,12:50,1h 35m,0,1575959.0,SUB,CGK,Economy,15,Jakarta,95,12,1,0,Budget Flight
09/12/25,Citilink,14:10,14:10,1h 35m,0,1508180.0,SUB,CGK,Economy,15,Jakarta,95,12,1,0,Budget Flight
09/12/25,Citilink,14:50,16:25,1h 35m,0,929771.0,CGK,SUB,Economy,10,Surabaya,95,12,1,0,Budget Flight
09/12/25,Citilink,15:40,15:40,1h 05m,0,1067612.0,DPS,SUB,Economy,15,Surabaya,65,12,1,0,Budget Flight
09/12/25,Citilink,16:45,16:45,3h 55m,1,2304507.0,SRG,SUB,Economy,20,Surabaya,235,12,1,0,Budget Flight
09/12/25,Citilink,16:45,16:45,1h 05m,0,1067612.0,SUB,DPS,Economy,15,Bali,65,12,1,0,Budget Flight
09/12/25,Citilink,17:10,20:00,1h 50m,0,1012600.0,CGK,SIN,Economy,10,Singapura,110,12,1,0,Budget Flight
09/12/25,Citilink,17:15,18:50,1h 35m,0,929440.0,CGK,SUB,Economy,10,Surabaya,95,12,1,0,Budget Flight
09/12/25,Citilink,19:20,19:30,1h 10m,0,602234.0,DPS,SUB,Economy,10,Surabaya,70,12,1,0,Budget Flight
09/12/25,Citilink,19:25,19:25,1h 05m,0,1067612.0,DPS,SUB,Economy,15,Surabaya,65,12,1,0,Budget Flight
09/12/25,Citilink,19:45,19:45,1h 05m,0,1067612.0,SUB,DPS,Economy,15,Bali,65,12,1,0,Budget Flight
09/12/25,Citilink,20:10,22:10,1h 0m,0,553791.0,SUB,DPS,Economy,15,Bali,60,12,1,0,Budget Flight
09/12/25,Citilink,20:50,22:25,1h 35m,0,929980.0,SUB,CGK,Economy,15,Jakarta,95,12,1,0,Budget Flight
09/12/25,"Citilink , Garuda Indonesia",14:10,14:10,4h 35m,1,2694323.0,SUB,SRG,Economy,20,Semarang,275,13,1,0,Budget Flight
09/12/25,"Citilink , Koninklijke Luchtvaart Maatschappij",16:45,16:45,6h 25m,1,1897829.0,SUB,SIN,Economy,20,Singapura,385,14,1,0,Budget Flight
09/12/25,"Citilink , Lion Air",07:40,07:40,4h 50m,1,2253756.0,SUB,SRG,Economy,10,Semarang,290,15,1,0,Budget Flight
09/12/25,"Citilink , Lion Air",09:15,09:15,3h 30m,1,2457095.0,SUB,SRG,Economy,10,Semarang,210,15,1,0,Budget Flight
09/12/25,"Citilink , Lion Air",11:20,11:20,4h 55m,1,2321535.0,SUB,SRG,Economy,10,Semarang,295,15,1,0,Budget Flight
09/12/25,"Citilink , Lion Air",11:40,11:40,4h 05m,1,2236727.0,SRG,SUB,Economy,20,Surabaya,245,15,1,0,Budget Flight
09/12/25,"Citilink , Lion Air",13:25,13:25,5h 45m,1,2338397.0,SRG,SUB,Economy,15,Surabaya,345,15,1,0,Budget Flight
09/12/25,"Citilink , Lion Air",16:45,16:45,3h 25m,1,2270617.0,SUB,SRG,Economy,10,Semarang,205,15,1,0,Budget Flight
09/12/25,"Citilink , Scoot",10:40,10:40,6h 05m,1,2948414.0,SIN,SUB,Economy,20,Surabaya,365,17,1,0,Budget Flight
09/12/25,Garuda Indonesia,05:10,05:10,3h 50m,1,3101001.0,SUB,SRG,Economy,20,Semarang,230,19,1,0,Budget Flight
09/12/25,Garuda Indonesia,05:50,05:50,1h 45m,0,1220033.0,CGK,SIN,Business,40,Singapura,105,19,0,2,Mid-range Flight
09/12/25,Garuda Indonesia,06:55,07:55,2h 0m,0,2806458.0,SIN,CGK,Economy,30,Jakarta,120,19,1,0,Budget Flight
09/12/25,Garuda Indonesia,07:00,10:25,4h 25m,1,23332800.0,DPS,SUB,Business,10,Surabaya,265,19,0,1,High-end Flight
09/12/25,Garuda Indonesia,07:05,07:05,2h 20m,0,3168781.0,SUB,SIN,Economy,30,Singapura,140,19,1,0,Budget Flight
09/12/25,Garuda Indonesia,08:55,08:55,2h,0,1220033.0,CGK,SIN,Business,40,Singapura,120,19,0,2,Mid-range Flight
09/12/25,Garuda Indonesia,09:20,11:20,1h,0,6324038.0,SUB,DPS,Business,30,Bali,60,19,0,2,Mid-range Flight
09/12/25,Garuda Indonesia,09:35,09:35,2h,0,1118363.0,SIN,CGK,Business,40,Jakarta,120,19,0,2,Mid-range Flight
09/12/25,Garuda Indonesia,09:45,13:45,4h,1,18046573.0,SRG,SUB,Business,30,Surabaya,240,19,0,1,High-end Flight
09/12/25,Garuda Indonesia,11:30,11:30,1h 50m,0,1220033.0,CGK,SIN,Business,40,Singapura,110,19,0,2,Mid-range Flight
09/12/25,Garuda Indonesia,13:00,14:30,1h 30m,0,1344374.0,HLP,SUB,Economy,20,Surabaya,90,19,1,0,Budget Flight
09/12/25,Garuda Indonesia,15:40,15:40,1h 45m,0,1186143.0,CGK,SIN,Business,40,Singapura,105,19,0,2,Mid-range Flight
09/12/25,Garuda Indonesia,16:55,16:55,1h 15m,0,6388313.0,DPS,SUB,Economy,30,Surabaya,75,19,1,0,Budget Flight
09/12/25,Garuda Indonesia,17:35,17:35,1h 50m,0,1186143.0,CGK,SIN,Business,40,Singapura,110,19,0,2,Mid-range Flight
09/12/25,Garuda Indonesia,18:55,18:55,2h,0,1067612.0,CGK,SIN,Business,40,Singapura,120,19,0,2,Mid-range Flight
09/12/25,Garuda Indonesia,19:00,19:00,2h 30m,0,4287145.0,SIN,SUB,Economy,30,Surabaya,150,19,1,0,Budget Flight
09/12/25,Garuda Indonesia,21:30,22:35,2h 5m,0,15015126.0,SIN,CGK,Business,40,Jakarta,125,19,0,1,High-end Flight
09/12/25,"Jetstar Airways , Lion Air",11:15,11:15,6h,1,2067278.0,SUB,SIN,Economy,20,Singapura,360,22,1,0,Budget Flight
09/12/25,"Koninklijke Luchtvaart Maatschappij , Lion Air",17:05,17:05,6h 05m,1,1863939.0,SUB,SIN,Economy,20,Singapura,365,23,1,0,Budget Flight
09/12/25,Lion Air,03:30,05:00,1h 30m,0,867438.0,CGK,SUB,Economy,10,Surabaya,90,24,1,0,Budget Flight
09/12/25,Lion Air,05:05,05:05,3h 50m,1,2355425.0,SUB,DPS,Economy,10,Bali,230,24,1,0,Budget Flight
09/12/25,Lion Air,07:00,07:00,1h,0,542979.0,DPS,SUB,Economy,10,Surabaya,60,24,1,0,Budget Flight
09/12/25,Lion Air,07:00,10:35,3h 35m,1,1448530.0,SRG,SUB,Economy,10,Surabaya,215,24,1,0,Budget Flight
09/12/25,Lion Air,07:40,09:10,1h 30m,0,850744.0,SUB,CGK,Economy,10,Jakarta,90,24,1,0,Budget Flight
09/12/25,Lion Air,07:55,09:55,1h 0m,0,511687.0,SUB,DPS,Economy,10,Bali,60,24,1,0,Budget Flight
09/12/25,Lion Air,07:55,15:00,7h 5m,1,1537280.0,SUB,SRG,Economy,10,Semarang,425,24,1,0,Budget Flight
09/12/25,Lion Air,08:20,08:20,4h 25m,1,2185976.0,SUB,DPS,Economy,10,Bali,265,24,1,0,Budget Flight
09/12/25,Lion Air,08:20,12:45,4h 25m,1,1368835.0,SUB,SRG,Economy,10,Semarang,265,24,1,0,Budget Flight
09/12/25,Lion Air,09:00,10:30,1h 30m,0,867438.0,CGK,SUB,Economy,10,Surabaya,90,24,1,0,Budget Flight
09/12/25,Lion Air,10:35,10:35,1h 0m,0,546000.0,DPS,SUB,Economy,10,Surabaya,60,24,1,0,Budget Flight
09/12/25,Lion Air,10:50,12:20,1h 30m,0,815128.0,CGK,SUB,Economy,10,Surabaya,90,24,1,0,Budget Flight
09/12/25,Lion Air,11:00,12:30,1h 30m,0,903926.0,SUB,CGK,Economy,10,Jakarta,90,24,1,0,Budget Flight
09/12/25,Lion Air,11:15,13:15,1h 0m,0,511687.0,SUB,DPS,Economy,10,Bali,60,24,1,0,Budget Flight
09/12/25,Lion Air,11:15,15:00,1h 25m,1,1526703.0,SUB,SRG,Economy,20,Semarang,85,24,1,0,Budget Flight
09/12/25,Lion Air,11:20,11:20,1h 30m,0,1389482.0,SUB,CGK,Economy,10,Jakarta,90,24,1,0,Budget Flight
09/12/25,Lion Air,12:20,14:20,1h 0m,0,511687.0,SUB,DPS,Economy,10,Bali,60,24,1,0,Budget Flight
09/12/25,Lion Air,13:30,15:00,1h 30m,0,850744.0,SUB,CGK,Economy,10,Jakarta,90,24,1,0,Budget Flight
09/12/25,Lion Air,13:55,13:55,1h 0m,0,546000.0,DPS,SUB,Economy,10,Surabaya,60,24,1,0,Budget Flight
09/12/25,Lion Air,14:40,16:10,1h 30m,0,798955.0,CGK,SUB,Economy,10,Surabaya,90,24,1,0,Budget Flight
09/12/25,Lion Air,14:40,14:40,4h 10m,1,2423205.0,DPS,SUB,Economy,20,Surabaya,250,24,1,0,Budget Flight
09/12/25,Lion Air,17:05,19:05,1h 0m,0,530700.0,SUB,DPS,Economy,10,Bali,60,24,1,0,Budget Flight
09/12/25,Lion Air,17:50,19:50,1h 0m,0,605780.0,SUB,DPS,Economy,10,Bali,60,24,1,0,Budget Flight
09/12/25,Lion Air,18:50,20:20,1h 30m,0,815128.0,CGK,SUB,Economy,10,Surabaya,90,24,1,0,Budget Flight
09/12/25,Lion Air,19:45,19:45,1h 0m,0,525341.0,DPS,SUB,Economy,10,Surabaya,60,24,1,0,Budget Flight
09/12/25,Lion Air,20:00,21:30,1h 30m,0,799626.0,SUB,CGK,Economy,10,Jakarta,90,24,1,0,Budget Flight
09/12/25,Lion Air,20:30,20:30,1h,0,524770.0,DPS,SUB,Economy,10,Surabaya,60,24,1,0,Budget Flight
09/12/25,Lion Air,21:00,22:30,1h 30m,0,799626.0,SUB,CGK,Economy,10,Jakarta,90,24,1,0,Budget Flight
09/12/25,"Lion Air , Super Air Jet",06:00,06:00,5h 50m,1,1931719.0,SUB,DPS,Economy,10,Bali,350,26,1,0,Budget Flight
09/12/25,"Lion Air , Super Air Jet",11:40,11:40,4h 30m,1,2152086.0,SRG,SUB,Economy,10,Surabaya,270,26,1,0,Budget Flight
09/12/25,"Lion Air , Wings Air",09:25,09:25,3h 15m,1,2541736.0,DPS,SUB,Economy,20,Surabaya,195,28,1,0,Budget Flight
09/12/25,Malaysia Airlines,06:00,06:00,12h 05m,1,6744073.0,SIN,SUB,Business,40,Surabaya,725,29,0,1,High-end Flight
09/12/25,Malaysia Airlines,09:40,20:35,9h 55m,1,1125000.0,CGK,SIN,Economy,20,Singapura,595,29,1,0,Budget Flight
09/12/25,Malaysia Airlines,09:55,09:55,8h 10m,1,6744073.0,SIN,SUB,Business,40,Surabaya,490,29,0,1,High-end Flight
09/12/25,Malaysia Airlines,10:00,00:30,13h 30m,1,1509000.0,SUB,SIN,Economy,20,Singapura,810,29,1,0,Budget Flight
09/12/25,Malaysia Airlines,11:05,11:05,4h 35m,1,2592654.0,SIN,CGK,Business,40,Jakarta,275,29,0,2,Mid-range Flight
09/12/25,Malaysia Airlines,11:05,11:05,7h,1,6744073.0,SIN,SUB,Business,40,Surabaya,420,29,0,1,High-end Flight
09/12/25,Malaysia Airlines,11:10,18:35,6h 25m,1,1125000.0,CGK,SIN,Economy,20,Singapura,385,29,1,0,Budget Flight
09/12/25,Malaysia Airlines,12:15,20:35,7h 20m,1,1125000.0,CGK,SIN,Economy,20,Singapura,440,29,1,0,Budget Flight
09/12/25,Malaysia Airlines,15:40,00:30,7h 50m,1,1125000.0,CGK,SIN,Economy,20,Singapura,470,29,1,0,Budget Flight
09/12/25,Malaysia Airlines,18:05,00:30,5h 25m,1,1509000.0,SUB,SIN,Economy,20,Singapura,325,29,1,0,Budget Flight
09/12/25,Malaysia Airlines,18:25,00:30,5h 5m,1,1125000.0,CGK,SIN,Economy,20,Singapura,305,29,1,0,Budget Flight
09/12/25,Malaysia Airlines,19:55,09:05,12h 10m,1,1125000.0,CGK,SIN,Economy,20,Singapura,730,29,1,0,Budget Flight
09/12/25,"Malaysia Airlines , Operated By Fy",22:30,22:30,11h 40m,1,6710183.0,SIN,SUB,Business,30,Surabaya,700,30,0,1,High-end Flight
09/12/25,Pelita Air,06:10,07:40,1h 30m,0,916558.0,SUB,CGK,Economy,10,Jakarta,90,31,1,0,Budget Flight
09/12/25,Pelita Air,06:40,06:40,1h 35m,0,1389482.0,CGK,SUB,Economy,20,Surabaya,95,31,1,0,Budget Flight
09/12/25,Pelita Air,07:55,07:55,1h 50m,0,1355592.0,CGK,SIN,Economy,20,Singapura,110,31,1,0,Budget Flight
09/12/25,Pelita Air,08:30,08:30,1h 35m,0,1491151.0,CGK,SUB,Economy,20,Surabaya,95,31,1,0,Budget Flight
09/12/25,Pelita Air,09:00,10:35,1h 35m,0,1195198.0,SUB,CGK,Economy,20,Jakarta,95,31,1,0,Budget Flight
09/12/25,Pelita Air,10:40,10:40,1h 35m,0,1575959.0,CGK,SUB,Economy,15,Surabaya,95,31,1,0,Budget Flight
09/12/25,Pelita Air,10:50,10:50,1h 35m,0,1440400.0,SUB,CGK,Economy,20,Jakarta,95,31,1,0,Budget Flight
09/12/25,Pelita Air,11:40,12:25,1h 45m,0,1451819.0,SIN,CGK,Economy,20,Jakarta,105,31,1,0,Budget Flight
09/12/25,Pelita Air,11:40,11:40,5h 20m,1,3338230.0,SIN,SUB,Economy,20,Surabaya,320,31,1,0,Budget Flight
09/12/25,Pelita Air,13:25,13:25,1h 30m,0,1575959.0,SUB,CGK,Economy,20,Jakarta,90,31,1,0,Budget Flight
09/12/25,Pelita Air,14:25,16:00,1h 35m,0,958034.0,CGK,SUB,Economy,10,Surabaya,95,31,1,0,Budget Flight
09/12/25,Scoot,07:30,09:00,2h 30m,0,1668195.0,SIN,SUB,Economy,10,Surabaya,150,33,1,0,Budget Flight
09/12/25,Scoot,07:55,07:55,1h 55m,0,2694323.0,SIN,CGK,Economy,10,Jakarta,115,33,1,0,Budget Flight
09/12/25,Scoot,09:30,09:30,1h 55m,0,2829883.0,SIN,CGK,Economy,10,Jakarta,115,33,1,0,Budget Flight
09/12/25,Scoot,09:35,09:35,1h 50m,0,1880968.0,CGK,SIN,Economy,10,Singapura,110,33,1,0,Budget Flight
09/12/25,Scoot,09:45,09:45,2h 20m,0,1897829.0,SUB,SIN,Economy,10,Singapura,140,33,1,0,Budget Flight
09/12/25,Scoot,11:20,11:20,1h 45m,0,1626711.0,CGK,SIN,Economy,10,Singapura,105,33,1,0,Budget Flight
09/12/25,Scoot,17:00,18:30,2h 30m,0,1874485.0,SIN,SUB,Economy,10,Surabaya,150,33,1,0,Budget Flight
09/12/25,Scoot,18:25,18:25,1h 55m,0,2541736.0,SIN,CGK,Economy,10,Jakarta,115,33,1,0,Budget Flight
09/12/25,Scoot,19:30,19:30,2h 30m,0,1237061.0,SUB,SIN,Economy,10,Singapura,150,33,1,0,Budget Flight
09/12/25,Scoot,20:10,23:00,1h 50m,0,1385116.0,CGK,SIN,Economy,10,Singapura,110,33,1,0,Budget Flight
09/12/25,Scoot,20:25,20:25,2h,0,1321702.0,SIN,CGK,Economy,10,Jakarta,120,33,1,0,Budget Flight
09/12/25,Scoot,22:10,22:10,1h 50m,0,1406510.0,CGK,SIN,Economy,10,Singapura,110,33,1,0,Budget Flight
09/12/25,"Scoot , Super Air Jet",10:40,10:40,6h 30m,1,2863772.0,SIN,SUB,Economy,10,Surabaya,390,34,1,0,Budget Flight
09/12/25,Singapore Airlines,05:25,05:25,1h 40m,0,1220033.0,CGK,SIN,Business,40,Singapura,100,35,0,2,Mid-range Flight
09/12/25,Singapore Airlines,06:50,06:50,1h 45m,0,2660434.0,SIN,CGK,Business,40,Jakarta,105,35,0,2,Mid-range Flight
09/12/25,Singapore Airlines,07:40,07:40,1h 50m,0,2711185.0,SIN,CGK,Business,40,Jakarta,110,35,0,2,Mid-range Flight
09/12/25,Singapore Airlines,07:50,07:50,2h 30m,0,3575459.0,SIN,SUB,Economy,30,Surabaya,150,35,1,0,Budget Flight
09/12/25,Singapore Airlines,08:40,08:40,1h 40m,0,1220033.0,CGK,SIN,Business,40,Singapura,100,35,0,2,Mid-range Flight
09/12/25,Singapore Airlines,10:15,10:15,2h 20m,0,2457095.0,SUB,SIN,Economy,30,Singapura,140,35,1,0,Budget Flight
09/12/25,Singapore Airlines,14:10,14:10,2h 30m,0,5303839.0,SIN,SUB,Economy,30,Surabaya,150,35,1,0,Budget Flight
09/12/25,Singapore Airlines,15:15,15:15,1h 50m,0,2745075.0,SIN,CGK,Business,40,Jakarta,110,35,0,2,Mid-range Flight
09/12/25,Singapore Airlines,16:10,16:10,1h 55m,0,2592654.0,SIN,CGK,Business,40,Jakarta,115,35,0,2,Mid-range Flight
09/12/25,Singapore Airlines,16:25,16:25,2h 25m,0,5303839.0,SIN,SUB,Economy,30,Surabaya,145,35,1,0,Budget Flight
09/12/25,Singapore Airlines,16:30,16:30,2h 25m,0,11386978.0,SUB,SIN,Business,40,Singapura,145,35,0,1,High-end Flight
09/12/25,Singapore Airlines,17:20,17:20,1h 45m,0,2507846.0,SIN,CGK,Business,40,Jakarta,105,35,0,2,Mid-range Flight
09/12/25,Singapore Airlines,18:40,18:40,1h 45m,0,1118363.0,SIN,CGK,Business,40,Jakarta,105,35,0,2,Mid-range Flight
09/12/25,Singapore Airlines,18:40,18:40,2h 25m,0,3795659.0,SUB,SIN,Economy,30,Singapura,145,35,1,0,Budget Flight
09/12/25,Singapore Airlines,20:20,20:20,1h 45m,0,1220033.0,CGK,SIN,Business,40,Singapura,105,35,0,2,Mid-range Flight
09/12/25,Singapore Airlines,22:40,22:40,1h 45m,0,2558764.0,SIN,CGK,Business,40,Jakarta,105,35,0,2,Mid-range Flight
09/12/25,Super Air Jet,13:30,15:30,1h 0m,0,545880.0,SUB,DPS,Economy,10,Bali,60,36,1,0,Budget Flight
09/12/25,Super Air Jet,16:10,16:10,1h 0m,0,546000.0,DPS,SUB,Economy,10,Surabaya,60,36,1,0,Budget Flight
09/12/25,TransNusa,07:45,10:40,1h 55m,0,1249000.0,CGK,SIN,Economy,20,Singapura,115,37,1,0,Budget Flight
09/12/25,TransNusa,11:40,11:40,1h 45m,0,2931552.0,SIN,CGK,Economy,15,Jakarta,105,37,1,0,Budget Flight
09/12/25,TransNusa,11:45,14:40,1h 55m,0,880834.0,CGK,SIN,Economy,20,Singapura,115,37,1,0,Budget Flight
09/12/25,TransNusa,15:30,16:15,1h 45m,0,1068000.0,SIN,CGK,Economy,20,Jakarta,105,37,1,0,Budget Flight
09/12/25,Wings Air,10:00,11:10,1h 10m,0,948280.0,SRG,SUB,Economy,10,Surabaya,70,38,1,0,Budget Flight
09/12/25,Wings Air,11:40,12:35,55m,0,857230.0,SUB,SRG,Economy,10,Semarang,55,38,1,0,Budget Flight
09/12/25,Wings Air,14:30,14:30,55m,0,1321702.0,SUB,SRG,Economy,20,Semarang,55,38,1,0,Budget Flight
10/12/25,AirAsia,05:00,05:00,5h 35m,1,2185976.0,SUB,SIN,Economy,20,Singapura,335,0,1,0,Budget Flight
10/12/25,AirAsia,08:25,11:10,1h 45m,0,1061500.0,CGK,SIN,Economy,10,Singapura,105,0,1,0,Budget Flight
10/12/25,AirAsia,11:10,14:00,1h 50m,0,1061500.0,CGK,SIN,Economy,10,Singapura,110,0,1,0,Budget Flight
10/12/25,AirAsia,11:20,11:20,5h 40m,1,2185976.0,SUB,SIN,Economy,20,Singapura,340,0,1,0,Budget Flight
10/12/25,AirAsia,11:50,12:35,1h 45m,0,926770.0,SIN,CGK,Economy,10,Jakarta,105,0,1,0,Budget Flight
10/12/25,AirAsia,13:25,13:25,5h 15m,1,2338397.0,SUB,SIN,Economy,20,Singapura,315,0,1,0,Budget Flight
10/12/25,AirAsia,14:40,15:30,1h 50m,0,1247148.0,SIN,CGK,Economy,10,Jakarta,110,0,1,0,Budget Flight
10/12/25,AirAsia,14:55,14:55,5h 30m,1,3541569.0,SIN,SUB,Economy,20,Surabaya,330,0,1,0,Budget Flight
10/12/25,AirAsia,16:30,19:20,1h 50m,0,991500.0,CGK,SIN,Economy,10,Singapura,110,0,1,0,Budget Flight
10/12/25,AirAsia,18:35,18:35,5h 50m,1,3185642.0,SIN,SUB,Economy,20,Surabaya,350,0,1,0,Budget Flight
10/12/25,AirAsia,19:25,07:05,10h 40m,1,1389018.0,CGK,SIN,Economy,10,Singapura,640,0,1,0,Budget Flight
10/12/25,AirAsia,20:00,20:45,1h 45m,0,926770.0,SIN,CGK,Economy,10,Jakarta,105,0,1,0,Budget Flight
10/12/25,AirAsia,21:15,07:05,8h 50m,1,1389018.0,CGK,SIN,Economy,10,Singapura,530,0,1,0,Budget Flight
10/12/25,"AirAsia , Batik Air",08:40,08:40,6h 30m,1,2101168.0,SUB,SIN,Economy,20,Singapura,390,1,1,0,Budget Flight
10/12/25,"AirAsia , Batik Air",13:25,13:25,6h 15m,1,2033388.0,SUB,SIN,Economy,20,Singapura,375,1,1,0,Budget Flight
10/12/25,"AirAsia , Batik Air",14:40,14:40,4h 50m,1,3626210.0,SIN,SUB,Economy,20,Surabaya,290,1,1,0,Budget Flight
10/12/25,"AirAsia , Citilink",10:35,10:35,6h 10m,1,3372120.0,SIN,SUB,Economy,20,Surabaya,370,2,1,0,Budget Flight
10/12/25,"AirAsia , Citilink",14:40,14:40,5h 40m,1,3117863.0,SIN,SUB,Economy,20,Surabaya,340,2,1,0,Budget Flight
10/12/25,"AirAsia , Lion Air",09:35,09:35,4h 40m,1,2406176.0,SUB,DPS,Economy,20,Bali,280,3,1,0,Budget Flight
10/12/25,"AirAsia , Lion Air",11:50,11:50,5h 20m,1,3761769.0,SIN,SUB,Economy,20,Surabaya,320,3,1,0,Budget Flight
10/12/25,"AirAsia , Lion Air",13:30,13:30,4h 50m,1,2507846.0,SUB,SIN,Economy,20,Singapura,290,3,1,0,Budget Flight
10/12/25,"AirAsia , Lion Air",14:40,14:40,6h 40m,1,3151752.0,SIN,SUB,Economy,20,Surabaya,400,3,1,0,Budget Flight
10/12/25,"AirAsia , Pelita Air",11:50,11:50,5h 10m,1,3812687.0,SIN,SUB,Economy,20,Surabaya,310,5,1,0,Budget Flight
10/12/25,"AirAsia , Pelita Air",14:40,14:40,5h 10m,1,3151752.0,SIN,SUB,Economy,20,Surabaya,310,5,1,0,Budget Flight
10/12/25,Batik Air,05:00,06:20,1h 20m,0,1802380.0,SUB,CGK,Business,30,Jakarta,80,8,0,2,Mid-range Flight
10/12/25,Batik Air,05:00,06:20,1h 20m,0,1835471.0,SUB,HLP,Business,30,Jakarta,80,8,0,2,Mid-range Flight
10/12/25,Batik Air,05:00,05:00,9h 15m,1,6015525.0,SUB,SIN,Business,30,Singapura,555,8,0,1,High-end Flight
10/12/25,Batik Air,05:05,06:35,1h 30m,0,1740598.0,SUB,CGK,Business,30,Jakarta,90,8,0,2,Mid-range Flight
10/12/25,Batik Air,05:05,13:45,7h 40m,1,5391180.0,SUB,SIN,Business,30,Singapura,460,8,0,1,High-end Flight
10/12/25,Batik Air,05:05,08:45,3h 40m,1,2946880.0,SUB,SRG,Business,10,Semarang,220,8,0,0,Budget Flight
10/12/25,Batik Air,05:15,07:15,1h 0m,0,578716.0,SUB,DPS,Economy,20,Bali,60,8,1,0,Budget Flight
10/12/25,Batik Air,05:15,16:30,10h 15m,1,4744680.0,SUB,SIN,Business,30,Singapura,615,8,0,1,High-end Flight
10/12/25,Batik Air,05:25,06:50,1h 25m,0,1763600.0,CGK,SUB,Business,30,Surabaya,85,8,0,2,Mid-range Flight
10/12/25,Batik Air,05:25,06:50,1h 25m,0,1761217.0,HLP,SUB,Business,30,Surabaya,85,8,0,2,Mid-range Flight
10/12/25,Batik Air,06:00,07:30,1h 30m,0,1807434.0,CGK,SUB,Business,30,Surabaya,90,8,0,2,Mid-range Flight
10/12/25,Batik Air,06:20,08:20,1h 0m,0,615808.0,SUB,DPS,Economy,20,Bali,60,8,1,0,Budget Flight
10/12/25,Batik Air,06:20,16:30,9h 10m,1,4744680.0,SUB,SIN,Business,30,Singapura,550,8,0,1,High-end Flight
10/12/25,Batik Air,07:00,13:30,6h 30m,1,2958530.0,SRG,SUB,Business,30,Surabaya,390,8,0,2,Mid-range Flight
10/12/25,Batik Air,07:30,08:50,1h 20m,0,1802380.0,SUB,CGK,Business,30,Jakarta,80,8,0,2,Mid-range Flight
10/12/25,Batik Air,07:30,07:30,1h 20m,0,2440066.0,SUB,HLP,Business,30,Jakarta,80,8,0,2,Mid-range Flight
10/12/25,Batik Air,07:30,07:30,10h 05m,1,3863439.0,SUB,SRG,Business,30,Semarang,605,8,0,1,High-end Flight
10/12/25,Batik Air,07:45,10:30,1h 45m,0,1327600.0,CGK,SIN,Economy,20,Singapura,105,8,1,0,Budget Flight
10/12/25,Batik Air,07:50,07:50,3h 40m,1,2846744.0,SUB,SRG,Economy,20,Semarang,220,8,1,0,Budget Flight
10/12/25,Batik Air,08:00,08:00,1h 30m,0,1863939.0,CGK,SUB,Economy,20,Surabaya,90,8,1,0,Budget Flight
10/12/25,Batik Air,08:30,08:30,1h 30m,0,1863939.0,SUB,CGK,Economy,20,Jakarta,90,8,1,0,Budget Flight
10/12/25,Batik Air,08:30,08:30,11h,1,6032387.0,SUB,SIN,Business,30,Singapura,660,8,0,1,High-end Flight
10/12/25,Batik Air,08:30,08:30,9h 05m,1,3863439.0,SUB,SRG,Business,30,Semarang,545,8,0,1,High-end Flight
10/12/25,Batik Air,08:40,16:10,6h 30m,1,1396500.0,SUB,SIN,Economy,10,Singapura,390,8,1,0,Budget Flight
10/12/25,Batik Air,08:50,10:15,1h 25m,0,1763600.0,CGK,SUB,Business,30,Surabaya,85,8,0,2,Mid-range Flight
10/12/25,Batik Air,08:50,08:50,1h 25m,0,1965609.0,HLP,SUB,Economy,20,Surabaya,85,8,1,0,Budget Flight
10/12/25,Batik Air,09:15,16:10,5h 55m,1,1225800.0,CGK,SIN,Economy,10,Singapura,355,8,1,0,Budget Flight
10/12/25,Batik Air,09:30,10:55,1h 25m,0,1763600.0,CGK,SUB,Business,30,Surabaya,85,8,0,2,Mid-range Flight
10/12/25,Batik Air,09:30,10:55,1h 25m,0,2740826.0,HLP,SUB,Business,30,Surabaya,85,8,0,2,Mid-range Flight
10/12/25,Batik Air,09:30,13:30,4h,1,2941343.0,SRG,SUB,Business,10,Surabaya,240,8,0,0,Budget Flight
10/12/25,Batik Air,10:10,10:10,1h 30m,0,1863939.0,SUB,CGK,Economy,20,Jakarta,90,8,1,0,Budget Flight
10/12/25,Batik Air,10:10,10:10,9h 20m,1,6032387.0,SUB,SIN,Business,30,Singapura,560,8,0,1,High-end Flight
10/12/25,Batik Air,10:10,10:10,7h 25m,1,4880133.0,SUB,SRG,Business,30,Semarang,445,8,0,1,High-end Flight
10/12/25,Batik Air,10:15,10:15,4h 45m,1,3846577.0,SRG,SUB,Business,30,Surabaya,285,8,0,2,Mid-range Flight
10/12/25,Batik Air,10:30,19:10,9h 40m,1,4705000.0,SIN,CGK,Business,10,Jakarta,580,8,0,1,High-end Flight
10/12/25,Batik Air,10:30,19:05,9h 35m,1,5089000.0,SIN,SUB,Business,10,Surabaya,575,8,0,1,High-end Flight
10/12/25,Batik Air,10:55,12:15,1h 20m,0,1802380.0,SUB,CGK,Business,30,Jakarta,80,8,0,2,Mid-range Flight
10/12/25,Batik Air,10:55,10:55,1h 20m,0,1948747.0,SUB,HLP,Economy,20,Jakarta,80,8,1,0,Budget Flight
10/12/25,Batik Air,10:55,10:55,8h 35m,1,6930550.0,SUB,SIN,Business,30,Singapura,515,8,0,1,High-end Flight
10/12/25,Batik Air,10:55,10:55,6h 40m,1,4863272.0,SUB,SRG,Business,30,Semarang,400,8,0,1,High-end Flight
10/12/25,Batik Air,11:00,13:45,1h 45m,0,1027600.0,CGK,SIN,Economy,20,Singapura,105,8,1,0,Budget Flight
10/12/25,Batik Air,11:20,11:20,1h 50m,0,2694323.0,SIN,CGK,Economy,20,Jakarta,110,8,1,0,Budget Flight
10/12/25,Batik Air,11:20,11:20,7h 40m,1,6862771.0,SIN,SUB,Business,30,Surabaya,460,8,0,1,High-end Flight
10/12/25,Batik Air,11:35,11:35,1h 20m,0,1948747.0,SUB,HLP,Economy,20,Jakarta,80,8,1,0,Budget Flight
10/12/25,Batik Air,11:35,11:35,7h 55m,1,6015525.0,SUB,SIN,Business,30,Singapura,475,8,0,1,High-end Flight
10/12/25,Batik Air,11:35,11:35,9h 25m,1,3863439.0,SUB,SRG,Business,30,Semarang,565,8,0,1,High-end Flight
10/12/25,Batik Air,11:40,11:40,5h 10m,1,4541235.0,SRG,SUB,Business,30,Surabaya,310,8,0,2,Mid-range Flight
10/12/25,Batik Air,12:00,12:00,1h 30m,0,1863939.0,CGK,SUB,Economy,20,Surabaya,90,8,1,0,Budget Flight
10/12/25,Batik Air,12:15,12:15,4h 35m,1,4541235.0,SRG,SUB,Business,30,Surabaya,275,8,0,2,Mid-range Flight
10/12/25,Batik Air,12:30,20:40,7h 10m,1,1225800.0,CGK,SIN,Economy,10,Singapura,430,8,1,0,Budget Flight
10/12/25,Batik Air,12:30,12:30,7h 35m,1,5252921.0,SIN,SUB,Business,20,Surabaya,455,8,0,1,High-end Flight
10/12/25,Batik Air,13:30,13:30,1h 30m,0,1863939.0,CGK,SUB,Economy,20,Surabaya,90,8,1,0,Budget Flight
10/12/25,Batik Air,13:35,13:35,1h 25m,0,1897829.0,HLP,SUB,Economy,20,Surabaya,85,8,1,0,Budget Flight
10/12/25,Batik Air,14:10,14:10,1h 30m,0,1863939.0,SUB,CGK,Economy,20,Jakarta,90,8,1,0,Budget Flight
10/12/25,Batik Air,14:10,14:10,6h 50m,1,3863439.0,SUB,SRG,Business,30,Semarang,410,8,0,2,Mid-range Flight
10/12/25,Batik Air,14:45,14:45,1h 50m,0,1169282.0,SIN,CGK,Economy,20,Jakarta,110,8,1,0,Budget Flight
10/12/25,Batik Air,14:45,14:45,7h 55m,1,6862771.0,SIN,SUB,Business,30,Surabaya,475,8,0,1,High-end Flight
10/12/25,Batik Air,15:20,15:20,1h 30m,0,2457095.0,CGK,SUB,Business,30,Surabaya,90,8,0,2,Mid-range Flight
10/12/25,Batik Air,15:35,15:35,5h 55m,1,4541235.0,SRG,SUB,Business,30,Surabaya,355,8,0,2,Mid-range Flight
10/12/25,Batik Air,15:40,15:40,1h 20m,0,2440066.0,SUB,HLP,Business,30,Jakarta,80,8,0,2,Mid-range Flight
10/12/25,Batik Air,15:50,15:50,1h 25m,0,1830050.0,HLP,SUB,Economy,20,Surabaya,85,8,1,0,Budget Flight
10/12/25,Batik Air,16:00,16:00,1h 30m,0,2457095.0,CGK,SUB,Business,30,Surabaya,90,8,0,2,Mid-range Flight
10/12/25,Batik Air,16:10,16:10,1h 50m,0,2457095.0,SIN,CGK,Economy,20,Jakarta,110,8,1,0,Budget Flight
10/12/25,Batik Air,16:10,16:10,6h 20m,1,9506176.0,SIN,SUB,Business,30,Surabaya,380,8,0,1,High-end Flight
10/12/25,Batik Air,16:25,16:25,1h 30m,0,2457095.0,SUB,CGK,Business,30,Jakarta,90,8,0,2,Mid-range Flight
10/12/25,Batik Air,16:25,16:25,4h 35m,1,3863439.0,SUB,SRG,Business,30,Semarang,275,8,0,2,Mid-range Flight
10/12/25,Batik Air,16:35,16:35,1h 25m,0,2389315.0,HLP,SUB,Business,30,Surabaya,85,8,0,2,Mid-range Flight
10/12/25,Batik Air,17:00,18:30,1h 30m,0,1774538.0,CGK,SUB,Business,30,Surabaya,90,8,0,2,Mid-range Flight
10/12/25,Batik Air,17:10,17:10,7h,1,1118363.0,SIN,CGK,Business,20,Jakarta,420,8,0,2,Mid-range Flight
10/12/25,Batik Air,17:30,17:30,1h 30m,0,2457095.0,SUB,CGK,Business,30,Jakarta,90,8,0,2,Mid-range Flight
10/12/25,Batik Air,17:45,20:30,1h 45m,0,1027600.0,CGK,SIN,Economy,20,Singapura,105,8,1,0,Budget Flight
10/12/25,Batik Air,17:55,17:55,1h 20m,0,2440066.0,SUB,HLP,Business,30,Jakarta,80,8,0,2,Mid-range Flight
10/12/25,Batik Air,18:10,18:10,1h 30m,0,2457095.0,SUB,CGK,Business,30,Jakarta,90,8,0,2,Mid-range Flight
10/12/25,Batik Air,18:30,21:15,1h 45m,0,1027600.0,CGK,SIN,Economy,20,Singapura,105,8,1,0,Budget Flight
10/12/25,Batik Air,18:40,18:40,1h 20m,0,3456761.0,SUB,HLP,Business,30,Jakarta,80,8,0,2,Mid-range Flight
10/12/25,Batik Air,18:45,18:45,1h 0m,0,727600.0,DPS,SUB,Economy,20,Surabaya,60,8,1,0,Budget Flight
10/12/25,Batik Air,19:15,20:45,1h 30m,0,1740598.0,SUB,CGK,Business,30,Jakarta,90,8,0,2,Mid-range Flight
10/12/25,Batik Air,20:00,21:30,1h 30m,0,1005892.0,CGK,SUB,Economy,20,Surabaya,90,8,1,0,Budget Flight
10/12/25,Batik Air,20:15,20:15,1h 25m,0,2389315.0,HLP,SUB,Business,30,Surabaya,85,8,0,2,Mid-range Flight
10/12/25,Batik Air,20:30,20:30,1h 0m,0,727600.0,DPS,SUB,Economy,20,Surabaya,60,8,1,0,Budget Flight
10/12/25,Batik Air,21:25,21:25,1h 50m,0,2795993.0,SIN,CGK,Economy,20,Jakarta,110,8,1,0,Budget Flight
10/12/25,Batik Air,22:10,22:10,1h 50m,0,1118363.0,SIN,CGK,Business,30,Jakarta,110,8,0,2,Mid-range Flight
10/12/25,Batik Air,22:10,22:10,9h 40m,1,6862771.0,SIN,SUB,Business,30,Surabaya,580,8,0,1,High-end Flight
10/12/25,"Batik Air , Citilink",05:35,05:35,4h,1,2541736.0,SUB,SRG,Economy,20,Semarang,240,9,1,0,Budget Flight
10/12/25,"Batik Air , Citilink",09:30,09:30,4h 05m,1,2762103.0,SRG,SUB,Economy,15,Surabaya,245,9,1,0,Budget Flight
10/12/25,"Batik Air , Citilink",10:15,10:15,4h 25m,1,2762103.0,SRG,SUB,Economy,20,Surabaya,265,9,1,0,Budget Flight
10/12/25,"Batik Air , Citilink",15:35,15:35,3h 45m,1,2643405.0,SRG,SUB,Economy,10,Surabaya,225,9,1,0,Budget Flight
10/12/25,"Batik Air , Lion Air",11:40,11:40,4h 30m,1,2728213.0,SRG,SUB,Economy,20,Surabaya,270,10,1,0,Budget Flight
10/12/25,"Batik Air , Lion Air",12:15,12:15,3h 55m,1,2728213.0,SRG,SUB,Economy,15,Surabaya,235,10,1,0,Budget Flight
10/12/25,"Batik Air , Lion Air",13:30,13:30,4h 05m,1,2626544.0,SUB,SRG,Economy,20,Semarang,245,10,1,0,Budget Flight
10/12/25,"Batik Air , Pelita Air",10:50,10:50,4h 05m,1,2745075.0,SUB,SRG,Economy,20,Semarang,245,11,1,0,Budget Flight
10/12/25,"Batik Air , Pelita Air",12:15,12:15,3h 45m,1,2914524.0,SRG,SUB,Economy,10,Surabaya,225,11,1,0,Budget Flight
10/12/25,"Batik Air , Pelita Air",13:25,13:25,4h 10m,1,2745075.0,SUB,SRG,Economy,20,Semarang,250,11,1,0,Budget Flight
10/12/25,Citilink,05:00,07:05,1h 5m,0,583532.0,SUB,DPS,Economy,15,Bali,65,12,1,0,Budget Flight
10/12/25,Citilink,05:25,06:55,1h 30m,0,925822.0,CGK,SUB,Economy,10,Surabaya,90,12,1,0,Budget Flight
10/12/25,Citilink,05:35,05:35,1h 35m,0,1237061.0,SUB,CGK,Economy,15,Jakarta,95,12,1,0,Budget Flight
10/12/25,Citilink,07:00,07:00,1h 35m,0,1372621.0,CGK,SUB,Economy,15,Surabaya,95,12,1,0,Budget Flight
10/12/25,Citilink,07:05,07:05,1h 05m,0,1067612.0,DPS,SUB,Economy,15,Surabaya,65,12,1,0,Budget Flight
10/12/25,Citilink,07:35,07:35,4h 55m,1,2152086.0,SUB,SRG,Economy,20,Semarang,295,12,1,0,Budget Flight
10/12/25,Citilink,09:10,09:10,1h 35m,0,1338731.0,SUB,CGK,Economy,15,Jakarta,95,12,1,0,Budget Flight
10/12/25,Citilink,10:10,11:00,1h 50m,0,1296702.0,SIN,CGK,Economy,10,Jakarta,110,12,1,0,Budget Flight
10/12/25,Citilink,10:10,10:10,5h 30m,1,3134891.0,SIN,SUB,Economy,20,Surabaya,330,12,1,0,Budget Flight
10/12/25,Citilink,10:25,10:25,1h 35m,0,1372621.0,CGK,SUB,Economy,20,Surabaya,95,12,1,0,Budget Flight
10/12/25,Citilink,12:00,13:35,1h 35m,0,925822.0,CGK,SUB,Economy,10,Surabaya,95,12,1,0,Budget Flight
10/12/25,Citilink,12:45,12:45,1h 05m,0,1067612.0,SUB,DPS,Economy,15,Bali,65,12,1,0,Budget Flight
10/12/25,Citilink,12:50,12:50,1h 35m,0,1338731.0,SUB,CGK,Economy,15,Jakarta,95,12,1,0,Budget Flight
10/12/25,Citilink,13:00,13:00,6h 20m,1,2084307.0,SRG,SUB,Economy,10,Surabaya,380,12,1,0,Budget Flight
10/12/25,Citilink,13:05,14:40,1h 35m,0,925822.0,CGK,SUB,Economy,10,Surabaya,95,12,1,0,Budget Flight
10/12/25,Citilink,14:10,14:10,1h 35m,0,1389482.0,SUB,CGK,Economy,15,Jakarta,95,12,1,0,Budget Flight
10/12/25,Citilink,14:50,16:25,1h 35m,0,925822.0,CGK,SUB,Economy,10,Surabaya,95,12,1,0,Budget Flight
10/12/25,Citilink,15:40,15:40,1h 05m,0,1067612.0,DPS,SUB,Economy,15,Surabaya,65,12,1,0,Budget Flight
10/12/25,Citilink,16:45,16:45,3h 55m,1,2084307.0,SRG,SUB,Economy,20,Surabaya,235,12,1,0,Budget Flight
10/12/25,Citilink,16:45,18:45,1h 0m,0,675610.0,SUB,DPS,Economy,15,Bali,60,12,1,0,Budget Flight
10/12/25,Citilink,17:10,20:00,1h 50m,0,954324.0,CGK,SIN,Economy,10,Singapura,110,12,1,0,Budget Flight
10/12/25,Citilink,19:25,19:25,1h 05m,0,1033722.0,DPS,SUB,Economy,20,Surabaya,65,12,1,0,Budget Flight
10/12/25,Citilink,19:45,19:45,1h 05m,0,1067612.0,SUB,DPS,Economy,15,Bali,65,12,1,0,Budget Flight
10/12/25,Citilink,20:10,22:10,1h 0m,0,704522.0,SUB,DPS,Economy,10,Bali,60,12,1,0,Budget Flight
10/12/25,Citilink,21:00,21:50,1h 50m,0,1296702.0,SIN,CGK,Economy,10,Jakarta,110,12,1,0,Budget Flight
10/12/25,"Citilink , Garuda Indonesia",12:50,12:50,4h 10m,1,2677295.0,SUB,SRG,Economy,20,Semarang,250,13,1,0,Budget Flight
10/12/25,"Citilink , Koninklijke Luchtvaart Maatschappij",16:45,16:45,6h 25m,1,1897829.0,SUB,SIN,Economy,20,Singapura,385,14,1,0,Budget Flight
10/12/25,"Citilink , Lion Air",07:40,07:40,4h 50m,1,2253756.0,SUB,SRG,Economy,10,Semarang,290,15,1,0,Budget Flight
10/12/25,"Citilink , Lion Air",09:15,09:15,3h 30m,1,2219866.0,SUB,SRG,Economy,10,Semarang,210,15,1,0,Budget Flight
10/12/25,"Citilink , Lion Air",11:20,11:20,4h 55m,1,2321535.0,SUB,SRG,Economy,10,Semarang,295,15,1,0,Budget Flight
10/12/25,"Citilink , Lion Air",11:40,11:40,4h 05m,1,2219866.0,SRG,SUB,Economy,20,Surabaya,245,15,1,0,Budget Flight
10/12/25,"Citilink , Lion Air",13:25,13:25,5h 45m,1,2236727.0,SRG,SUB,Economy,20,Surabaya,345,15,1,0,Budget Flight
10/12/25,"Citilink , Lion Air",16:45,16:45,3h 25m,1,2202838.0,SUB,SRG,Economy,10,Semarang,205,15,1,0,Budget Flight
10/12/25,"Citilink , Scoot",07:55,07:55,5h 05m,1,3897328.0,SIN,SUB,Economy,20,Surabaya,305,17,1,0,Budget Flight
10/12/25,Garuda Indonesia,05:50,05:50,1h 45m,0,2778964.0,CGK,SIN,Business,40,Singapura,105,19,0,2,Mid-range Flight
10/12/25,Garuda Indonesia,06:55,06:55,2h,0,2897662.0,SIN,CGK,Business,40,Jakarta,120,19,0,2,Mid-range Flight
10/12/25,Garuda Indonesia,07:05,08:40,1h 35m,0,1386641.0,SUB,CGK,Economy,20,Jakarta,95,19,1,0,Budget Flight
10/12/25,Garuda Indonesia,07:05,10:25,2h 20m,0,2575038.0,SUB,SIN,Economy,30,Singapura,140,19,1,0,Budget Flight
10/12/25,Garuda Indonesia,09:20,09:20,1h,0,1542070.0,SUB,DPS,Economy,20,Bali,60,19,1,0,Budget Flight
10/12/25,Garuda Indonesia,09:35,09:35,2h,0,1118363.0,SIN,CGK,Business,40,Jakarta,120,19,0,2,Mid-range Flight
10/12/25,Garuda Indonesia,11:30,11:30,1h 50m,0,1796160.0,CGK,SIN,Business,40,Singapura,110,19,0,2,Mid-range Flight
10/12/25,Garuda Indonesia,12:55,14:00,2h 5m,0,17971313.0,SIN,CGK,Business,40,Jakarta,125,19,0,1,High-end Flight
10/12/25,Garuda Indonesia,13:00,14:30,1h 30m,0,1344374.0,HLP,SUB,Economy,20,Surabaya,90,19,1,0,Budget Flight
10/12/25,Garuda Indonesia,15:40,15:40,1h 45m,0,2541736.0,CGK,SIN,Business,40,Singapura,105,19,0,2,Mid-range Flight
10/12/25,Garuda Indonesia,16:55,16:55,1h 15m,0,1542070.0,DPS,SUB,Economy,20,Surabaya,75,19,1,0,Budget Flight
10/12/25,Garuda Indonesia,17:35,17:35,1h 50m,0,1728380.0,CGK,SIN,Business,40,Singapura,110,19,0,2,Mid-range Flight
10/12/25,Garuda Indonesia,18:00,18:00,3h 50m,1,3083973.0,SRG,SUB,Economy,20,Surabaya,230,19,1,0,Budget Flight
10/12/25,Garuda Indonesia,19:00,19:00,2h 30m,0,5507178.0,SIN,SUB,Economy,30,Surabaya,150,19,1,0,Budget Flight
10/12/25,Garuda Indonesia,21:30,22:35,2h 5m,0,15015126.0,SIN,CGK,Business,40,Jakarta,125,19,0,1,High-end Flight
10/12/25,"Garuda Indonesia , Lion Air",07:40,07:40,4h 15m,1,2762103.0,SUB,SRG,Economy,20,Semarang,255,20,1,0,Budget Flight
10/12/25,"Jetstar Airways , Lion Air",11:15,11:15,6h,1,2067278.0,SUB,SIN,Economy,20,Singapura,360,22,1,0,Budget Flight
10/12/25,"Koninklijke Luchtvaart Maatschappij , Lion Air",17:05,17:05,6h 05m,1,1830050.0,SUB,SIN,Economy,20,Singapura,365,23,1,0,Budget Flight
10/12/25,Lion Air,03:30,05:00,1h 30m,0,780427.0,CGK,SUB,Economy,10,Surabaya,90,24,1,0,Budget Flight
10/12/25,Lion Air,05:05,05:05,3h 50m,1,2423205.0,SUB,DPS,Economy,10,Bali,230,24,1,0,Budget Flight
10/12/25,Lion Air,07:00,07:00,1h 0m,0,637000.0,DPS,SUB,Economy,10,Surabaya,60,24,1,0,Budget Flight
10/12/25,Lion Air,07:00,10:35,3h 35m,1,1478430.0,SRG,SUB,Economy,10,Surabaya,215,24,1,0,Budget Flight
10/12/25,Lion Air,07:40,09:10,1h 30m,0,834304.0,SUB,CGK,Economy,10,Jakarta,90,24,1,0,Budget Flight
10/12/25,Lion Air,07:55,07:55,1h,0,1016694.0,SUB,DPS,Economy,10,Bali,60,24,1,0,Budget Flight
10/12/25,Lion Air,08:20,08:20,4h 25m,1,2185976.0,SUB,DPS,Economy,10,Bali,265,24,1,0,Budget Flight
10/12/25,Lion Air,08:20,12:45,4h 25m,1,1404580.0,SUB,SRG,Economy,10,Semarang,265,24,1,0,Budget Flight
10/12/25,Lion Air,09:00,10:30,1h 30m,0,884531.0,CGK,SUB,Economy,10,Surabaya,90,24,1,0,Budget Flight
10/12/25,Lion Air,10:35,10:35,1h 0m,0,575900.0,DPS,SUB,Economy,10,Surabaya,60,24,1,0,Budget Flight
10/12/25,Lion Air,10:50,12:20,1h 30m,0,831191.0,CGK,SUB,Economy,10,Surabaya,90,24,1,0,Budget Flight
10/12/25,Lion Air,11:00,12:30,1h 30m,0,834304.0,SUB,CGK,Economy,10,Jakarta,90,24,1,0,Budget Flight
10/12/25,Lion Air,11:15,13:15,1h 0m,0,525995.0,SUB,DPS,Economy,10,Bali,60,24,1,0,Budget Flight
10/12/25,Lion Air,11:15,15:00,3h 45m,1,1567280.0,SUB,SRG,Economy,10,Semarang,225,24,1,0,Budget Flight
10/12/25,Lion Air,11:20,11:20,1h 30m,0,1372621.0,SUB,CGK,Economy,20,Jakarta,90,24,1,0,Budget Flight
10/12/25,Lion Air,12:20,14:20,1h 0m,0,525995.0,SUB,DPS,Economy,10,Bali,60,24,1,0,Budget Flight
10/12/25,Lion Air,13:30,15:00,1h 30m,0,834304.0,SUB,CGK,Economy,10,Jakarta,90,24,1,0,Budget Flight
10/12/25,Lion Air,13:55,13:55,1h,0,1016694.0,DPS,SUB,Economy,20,Surabaya,60,24,1,0,Budget Flight
10/12/25,Lion Air,14:40,16:10,1h 30m,0,831191.0,CGK,SUB,Economy,10,Surabaya,90,24,1,0,Budget Flight
10/12/25,Lion Air,17:05,19:05,1h 0m,0,583713.0,SUB,DPS,Economy,10,Bali,60,24,1,0,Budget Flight
10/12/25,Lion Air,17:50,19:50,1h 0m,0,666880.0,SUB,DPS,Economy,10,Bali,60,24,1,0,Budget Flight
10/12/25,Lion Air,18:50,20:20,1h 30m,0,831191.0,CGK,SUB,Economy,10,Surabaya,90,24,1,0,Budget Flight
10/12/25,Lion Air,19:45,19:45,1h,0,1016694.0,DPS,SUB,Economy,20,Surabaya,60,24,1,0,Budget Flight
10/12/25,Lion Air,20:00,21:30,1h 30m,0,784214.0,SUB,CGK,Economy,10,Jakarta,90,24,1,0,Budget Flight
10/12/25,Lion Air,20:30,20:30,1h,0,531748.0,DPS,SUB,Economy,10,Surabaya,60,24,1,0,Budget Flight
10/12/25,Lion Air,21:00,22:30,1h 30m,0,784214.0,SUB,CGK,Economy,10,Jakarta,90,24,1,0,Budget Flight
10/12/25,"Lion Air , Super Air Jet",11:40,11:40,4h 30m,1,2152086.0,SRG,SUB,Economy,10,Surabaya,270,26,1,0,Budget Flight
10/12/25,"Lion Air , Wings Air",06:00,06:00,2h 25m,1,2321535.0,SUB,DPS,Economy,10,Bali,145,28,1,0,Budget Flight
10/12/25,"Lion Air , Wings Air",07:30,07:30,2h 20m,1,2270617.0,DPS,SUB,Economy,10,Surabaya,140,28,1,0,Budget Flight
10/12/25,"Lion Air , Wings Air",09:25,09:25,3h 15m,1,2304507.0,DPS,SUB,Economy,10,Surabaya,195,28,1,0,Budget Flight
10/12/25,"Lion Air , Wings Air",09:50,09:50,2h 50m,1,2304507.0,DPS,SUB,Economy,10,Surabaya,170,28,1,0,Budget Flight
10/12/25,Malaysia Airlines,04:25,18:35,13h 10m,1,1125000.0,CGK,SIN,Economy,20,Singapura,790,29,1,0,Budget Flight
10/12/25,Malaysia Airlines,06:00,06:00,9h 50m,1,6117195.0,SIN,SUB,Business,40,Surabaya,590,29,0,1,High-end Flight
10/12/25,Malaysia Airlines,09:40,18:35,7h 55m,1,1125000.0,CGK,SIN,Economy,20,Singapura,475,29,1,0,Budget Flight
10/12/25,Malaysia Airlines,09:55,09:55,5h 55m,1,6117195.0,SIN,SUB,Business,40,Surabaya,355,29,0,1,High-end Flight
10/12/25,Malaysia Airlines,10:00,18:35,7h 35m,1,1509000.0,SUB,SIN,Economy,20,Singapura,455,29,1,0,Budget Flight
10/12/25,Malaysia Airlines,11:10,18:35,6h 25m,1,1125000.0,CGK,SIN,Economy,20,Singapura,385,29,1,0,Budget Flight
10/12/25,Malaysia Airlines,12:15,18:35,5h 20m,1,1125000.0,CGK,SIN,Economy,20,Singapura,320,29,1,0,Budget Flight
10/12/25,Malaysia Airlines,13:40,13:40,4h 50m,1,2982303.0,SIN,CGK,Business,40,Jakarta,290,29,0,2,Mid-range Flight
10/12/25,Malaysia Airlines,15:40,09:05,16h 25m,1,1240400.0,CGK,SIN,Economy,25,Singapura,985,29,1,0,Budget Flight
10/12/25,Malaysia Airlines,18:25,09:05,13h 40m,1,1125000.0,CGK,SIN,Economy,20,Singapura,820,29,1,0,Budget Flight
10/12/25,Malaysia Airlines,19:55,09:05,12h 10m,1,1125000.0,CGK,SIN,Economy,20,Singapura,730,29,1,0,Budget Flight
10/12/25,"Malaysia Airlines , Operated By Fy",22:30,22:30,11h 40m,1,6066277.0,SIN,SUB,Business,30,Surabaya,700,30,0,1,High-end Flight
10/12/25,Pelita Air,06:10,06:10,1h 30m,0,1338731.0,SUB,CGK,Economy,20,Jakarta,90,31,1,0,Budget Flight
10/12/25,Pelita Air,07:55,10:45,1h 50m,0,1249000.0,CGK,SIN,Economy,20,Singapura,110,31,1,0,Budget Flight
10/12/25,Pelita Air,08:30,08:30,1h 35m,0,1491151.0,CGK,SUB,Economy,20,Surabaya,95,31,1,0,Budget Flight
10/12/25,Pelita Air,09:00,10:35,1h 35m,0,910764.0,SUB,CGK,Economy,10,Jakarta,95,31,1,0,Budget Flight
10/12/25,Pelita Air,09:00,16:55,6h 55m,1,5637280.0,SUB,DPS,Business,25,Bali,415,31,0,1,High-end Flight
10/12/25,Pelita Air,10:40,10:40,1h 35m,0,1491151.0,CGK,SUB,Economy,20,Surabaya,95,31,1,0,Budget Flight
10/12/25,Pelita Air,10:50,10:50,1h 35m,0,1440400.0,SUB,CGK,Economy,20,Jakarta,95,31,1,0,Budget Flight
10/12/25,Pelita Air,11:40,12:25,1h 45m,0,1451819.0,SIN,CGK,Economy,20,Jakarta,105,31,1,0,Budget Flight
10/12/25,Pelita Air,11:40,11:40,5h 20m,1,3253422.0,SIN,SUB,Economy,20,Surabaya,320,31,1,0,Budget Flight
10/12/25,Pelita Air,13:25,14:55,1h 30m,0,910764.0,SUB,CGK,Economy,10,Jakarta,90,31,1,0,Budget Flight
10/12/25,Pelita Air,14:25,16:00,1h 35m,0,966763.0,CGK,SUB,Economy,10,Surabaya,95,31,1,0,Budget Flight
10/12/25,Pelita Air,18:25,20:00,1h 35m,0,910764.0,SUB,CGK,Economy,10,Jakarta,95,31,1,0,Budget Flight
10/12/25,"Pelita Air , Scoot",06:10,06:10,5h 15m,1,2389315.0,SUB,SIN,Economy,20,Singapura,315,32,1,0,Budget Flight
10/12/25,Scoot,07:30,09:00,2h 30m,0,1665824.0,SIN,SUB,Economy,10,Surabaya,150,33,1,0,Budget Flight
10/12/25,Scoot,07:55,07:55,1h 55m,0,2795993.0,SIN,CGK,Economy,10,Jakarta,115,33,1,0,Budget Flight
10/12/25,Scoot,09:30,09:30,1h 55m,0,2457095.0,SIN,CGK,Economy,10,Jakarta,115,33,1,0,Budget Flight
10/12/25,Scoot,09:35,09:35,1h 50m,0,1575959.0,CGK,SIN,Economy,10,Singapura,110,33,1,0,Budget Flight
10/12/25,Scoot,09:45,13:05,2h 20m,0,1708091.0,SUB,SIN,Economy,10,Singapura,140,33,1,0,Budget Flight
10/12/25,Scoot,11:20,14:05,1h 45m,0,1410374.0,CGK,SIN,Economy,10,Singapura,105,33,1,0,Budget Flight
10/12/25,Scoot,18:25,18:25,1h 55m,0,2507846.0,SIN,CGK,Economy,10,Jakarta,115,33,1,0,Budget Flight
10/12/25,Scoot,20:10,23:00,1h 50m,0,1410374.0,CGK,SIN,Economy,10,Singapura,110,33,1,0,Budget Flight
10/12/25,Singapore Airlines,05:25,05:25,1h 40m,0,1813188.0,CGK,SIN,Business,40,Singapura,100,35,0,2,Mid-range Flight
10/12/25,Singapore Airlines,06:50,06:50,1h 45m,0,2473956.0,SIN,CGK,Business,40,Jakarta,105,35,0,2,Mid-range Flight
10/12/25,Singapore Airlines,07:40,07:40,1h 50m,0,2507846.0,SIN,CGK,Business,40,Jakarta,110,35,0,2,Mid-range Flight
10/12/25,Singapore Airlines,07:50,09:20,2h 30m,0,2555017.0,SIN,SUB,Economy,25,Surabaya,150,35,1,0,Budget Flight
10/12/25,Singapore Airlines,08:40,08:40,1h 40m,0,1813188.0,CGK,SIN,Business,40,Singapura,100,35,0,2,Mid-range Flight
10/12/25,Singapore Airlines,09:20,09:20,1h 55m,0,2507846.0,SIN,CGK,Business,40,Jakarta,115,35,0,2,Mid-range Flight
10/12/25,Singapore Airlines,10:15,10:15,2h 20m,0,3795659.0,SUB,SIN,Economy,30,Singapura,140,35,1,0,Budget Flight
10/12/25,Singapore Airlines,12:30,12:30,1h 50m,0,2660434.0,SIN,CGK,Business,40,Jakarta,110,35,0,2,Mid-range Flight
10/12/25,Singapore Airlines,14:10,15:40,2h 30m,0,9574974.0,SIN,SUB,Business,40,Surabaya,150,35,0,1,High-end Flight
10/12/25,Singapore Airlines,15:15,15:15,1h 50m,0,2795993.0,SIN,CGK,Business,40,Jakarta,110,35,0,2,Mid-range Flight
10/12/25,Singapore Airlines,16:10,16:10,1h 55m,0,2863772.0,SIN,CGK,Business,40,Jakarta,115,35,0,2,Mid-range Flight
10/12/25,Singapore Airlines,17:00,17:00,1h 45m,0,1863939.0,CGK,SIN,Business,40,Singapura,105,35,0,2,Mid-range Flight
10/12/25,Singapore Airlines,18:10,18:10,1h 45m,0,1423372.0,CGK,SIN,Business,40,Singapura,105,35,0,2,Mid-range Flight
10/12/25,Singapore Airlines,18:40,18:40,2h 25m,0,4880133.0,SUB,SIN,Economy,30,Singapura,145,35,1,0,Budget Flight
10/12/25,Singapore Airlines,19:00,19:00,2h 05m,0,1880968.0,CGK,SIN,Business,40,Singapura,125,35,0,2,Mid-range Flight
10/12/25,Singapore Airlines,20:20,20:20,1h 45m,0,1491151.0,CGK,SIN,Business,40,Singapura,105,35,0,2,Mid-range Flight
10/12/25,Super Air Jet,13:30,15:30,1h 0m,0,583539.0,SUB,DPS,Economy,15,Bali,60,36,1,0,Budget Flight
10/12/25,Super Air Jet,16:10,16:10,1h 0m,0,575900.0,DPS,SUB,Economy,10,Surabaya,60,36,1,0,Budget Flight
10/12/25,TransNusa,07:45,10:40,1h 55m,0,1249000.0,CGK,SIN,Economy,20,Singapura,115,37,1,0,Budget Flight
10/12/25,TransNusa,11:40,11:40,1h 45m,0,1118363.0,SIN,CGK,Economy,15,Jakarta,105,37,1,0,Budget Flight
10/12/25,TransNusa,11:45,14:40,1h 55m,0,1249000.0,CGK,SIN,Economy,20,Singapura,115,37,1,0,Budget Flight
10/12/25,TransNusa,15:30,15:30,1h 45m,0,2762103.0,SIN,CGK,Economy,15,Jakarta,105,37,1,0,Budget Flight
10/12/25,Wings Air,10:00,11:10,1h 10m,0,948280.0,SRG,SUB,Economy,10,Surabaya,70,38,1,0,Budget Flight
10/12/25,Wings Air,11:40,11:40,55m,0,1118363.0,SUB,SRG,Economy,20,Semarang,55,38,1,0,Budget Flight
10/12/25,Wings Air,14:30,15:25,55m,0,1323461.0,SUB,SRG,Economy,10,Semarang,55,38,1,0,Budget Flight
11/12/25,AirAsia,05:00,05:00,5h 35m,1,2931552.0,SUB,SIN,Economy,20,Singapura,335,0,1,0,Budget Flight
11/12/25,AirAsia,08:25,11:10,1h 45m,0,922435.0,CGK,SIN,Economy,10,Singapura,105,0,1,0,Budget Flight
11/12/25,AirAsia,11:10,14:00,1h 50m,0,922435.0,CGK,SIN,Economy,10,Singapura,110,0,1,0,Budget Flight
11/12/25,AirAsia,11:50,12:35,1h 45m,0,926770.0,SIN,CGK,Economy,10,Jakarta,105,0,1,0,Budget Flight
11/12/25,AirAsia,12:10,12:10,6h,1,3287312.0,SIN,SUB,Economy,20,Surabaya,360,0,1,0,Budget Flight
11/12/25,AirAsia,14:40,15:30,1h 50m,0,1247148.0,SIN,CGK,Economy,10,Jakarta,110,0,1,0,Budget Flight
11/12/25,AirAsia,14:55,14:55,5h 30m,1,3287312.0,SIN,SUB,Economy,20,Surabaya,330,0,1,0,Budget Flight
11/12/25,AirAsia,16:30,19:20,1h 50m,0,800621.0,CGK,SIN,Economy,10,Singapura,110,0,1,0,Budget Flight
11/12/25,AirAsia,18:35,18:35,5h 50m,1,2999332.0,SIN,SUB,Economy,20,Surabaya,350,0,1,0,Budget Flight
11/12/25,AirAsia,20:00,20:00,1h 45m,0,2236727.0,SIN,CGK,Economy,20,Jakarta,105,0,1,0,Budget Flight
11/12/25,"AirAsia , Batik Air",05:00,05:00,5h 30m,1,2965442.0,SUB,SIN,Economy,20,Singapura,330,1,1,0,Budget Flight
11/12/25,"AirAsia , Batik Air",05:15,05:15,5h 50m,1,2524874.0,SUB,SIN,Economy,20,Singapura,350,1,1,0,Budget Flight
11/12/25,"AirAsia , Batik Air",12:30,12:30,5h 40m,1,3372120.0,SIN,SUB,Economy,20,Surabaya,340,1,1,0,Budget Flight
11/12/25,"AirAsia , Batik Air",14:10,14:10,5h 55m,1,3083973.0,SIN,SUB,Economy,20,Surabaya,355,1,1,0,Budget Flight
11/12/25,"AirAsia , Citilink",07:35,07:35,5h 25m,1,2745075.0,SUB,SIN,Economy,20,Singapura,325,2,1,0,Budget Flight
11/12/25,"AirAsia , Lion Air",07:40,07:40,5h 20m,1,2660434.0,SUB,SIN,Economy,20,Singapura,320,3,1,0,Budget Flight
11/12/25,"AirAsia , Lion Air",10:40,10:40,3h 50m,1,2067278.0,SUB,DPS,Economy,10,Bali,230,3,1,0,Budget Flight
11/12/25,"AirAsia , Lion Air",13:30,13:30,4h 50m,1,2999332.0,SUB,SIN,Economy,20,Singapura,290,3,1,0,Budget Flight
11/12/25,"AirAsia , Pelita Air",13:25,13:25,4h 55m,1,3219532.0,SUB,SIN,Economy,20,Singapura,295,5,1,0,Budget Flight
11/12/25,"AirAsia , Super Air Jet",10:35,10:35,6h 35m,1,2711185.0,SIN,SUB,Economy,20,Surabaya,395,7,1,0,Budget Flight
11/12/25,Batik Air,05:00,06:20,1h 20m,0,1802380.0,SUB,CGK,Business,30,Jakarta,80,8,0,2,Mid-range Flight
11/12/25,Batik Air,05:00,06:20,1h 20m,0,1835471.0,SUB,HLP,Business,30,Jakarta,80,8,0,2,Mid-range Flight
11/12/25,Batik Air,05:00,05:00,7h 45m,1,6015525.0,SUB,SIN,Business,30,Singapura,465,8,0,1,High-end Flight
11/12/25,Batik Air,05:05,06:35,1h 30m,0,1774538.0,SUB,CGK,Business,30,Jakarta,90,8,0,2,Mid-range Flight
11/12/25,Batik Air,05:05,13:35,7h 30m,1,5150280.0,SUB,DPS,Business,30,Bali,450,8,0,1,High-end Flight
11/12/25,Batik Air,05:05,13:45,7h 40m,1,5391180.0,SUB,SIN,Business,30,Singapura,460,8,0,1,High-end Flight
11/12/25,Batik Air,05:05,09:35,4h 30m,1,2964080.0,SUB,SRG,Business,30,Semarang,270,8,0,2,Mid-range Flight
11/12/25,Batik Air,05:15,07:15,1h 0m,0,571889.0,SUB,DPS,Economy,20,Bali,60,8,1,0,Budget Flight
11/12/25,Batik Air,05:15,05:15,10h 15m,1,5371619.0,SUB,SIN,Business,30,Singapura,615,8,0,1,High-end Flight
11/12/25,Batik Air,05:25,06:50,1h 25m,0,1763600.0,CGK,SUB,Business,30,Surabaya,85,8,0,2,Mid-range Flight
11/12/25,Batik Air,05:25,06:50,1h 25m,0,1761217.0,HLP,SUB,Business,30,Surabaya,85,8,0,2,Mid-range Flight
11/12/25,Batik Air,06:00,07:30,1h 30m,0,1807434.0,CGK,SUB,Business,30,Surabaya,90,8,0,2,Mid-range Flight
11/12/25,Batik Air,06:20,08:20,1h 0m,0,642723.0,SUB,DPS,Economy,20,Bali,60,8,1,0,Budget Flight
11/12/25,Batik Air,06:20,06:20,9h 10m,1,5879966.0,SUB,SIN,Business,30,Singapura,550,8,0,1,High-end Flight
11/12/25,Batik Air,07:00,13:30,6h 30m,1,2958530.0,SRG,SUB,Business,30,Surabaya,390,8,0,2,Mid-range Flight
11/12/25,Batik Air,07:30,08:50,1h 20m,0,2778762.0,SUB,HLP,Business,30,Jakarta,80,8,0,2,Mid-range Flight
11/12/25,Batik Air,07:30,07:30,7h 25m,1,5541068.0,SUB,SRG,Business,30,Semarang,445,8,0,1,High-end Flight
11/12/25,Batik Air,07:45,07:45,1h 45m,0,1796160.0,CGK,SIN,Economy,7,Singapura,105,8,1,0,Budget Flight
11/12/25,Batik Air,07:50,07:50,3h 40m,1,2846744.0,SUB,SRG,Economy,20,Semarang,220,8,1,0,Budget Flight
11/12/25,Batik Air,08:00,09:30,1h 30m,0,1005892.0,CGK,SUB,Economy,20,Surabaya,90,8,1,0,Budget Flight
11/12/25,Batik Air,08:30,08:30,1h 30m,0,1863939.0,SUB,CGK,Economy,20,Jakarta,90,8,1,0,Budget Flight
11/12/25,Batik Air,08:30,20:30,11h 0m,1,5391180.0,SUB,SIN,Business,30,Singapura,660,8,0,1,High-end Flight
11/12/25,Batik Air,08:30,08:30,9h 05m,1,3863439.0,SUB,SRG,Business,30,Semarang,545,8,0,1,High-end Flight
11/12/25,Batik Air,08:40,08:40,6h 30m,1,5710517.0,SUB,SIN,Business,30,Singapura,390,8,0,1,High-end Flight
11/12/25,Batik Air,08:50,08:50,1h 25m,0,1830050.0,HLP,SUB,Economy,20,Surabaya,85,8,1,0,Budget Flight
11/12/25,Batik Air,09:30,10:55,1h 25m,0,1763600.0,CGK,SUB,Business,30,Surabaya,85,8,0,2,Mid-range Flight
11/12/25,Batik Air,09:30,09:30,1h 25m,0,1830050.0,HLP,SUB,Economy,20,Surabaya,85,8,1,0,Budget Flight
11/12/25,Batik Air,09:30,13:30,4h,1,2941343.0,SRG,SUB,Business,10,Surabaya,240,8,0,0,Budget Flight
11/12/25,Batik Air,10:10,10:10,1h 30m,0,1931719.0,SUB,CGK,Economy,20,Jakarta,90,8,1,0,Budget Flight
11/12/25,Batik Air,10:10,10:10,10h 05m,1,6032387.0,SUB,SIN,Business,30,Singapura,605,8,0,1,High-end Flight
11/12/25,Batik Air,10:10,10:10,7h 25m,1,3863439.0,SUB,SRG,Business,30,Semarang,445,8,0,1,High-end Flight
11/12/25,Batik Air,10:15,10:15,4h 45m,1,3033222.0,SRG,SUB,Economy,15,Surabaya,285,8,1,0,Budget Flight
11/12/25,Batik Air,10:55,12:15,1h 20m,0,1802380.0,SUB,CGK,Business,30,Jakarta,80,8,0,2,Mid-range Flight
11/12/25,Batik Air,10:55,10:55,1h 20m,0,1999499.0,SUB,HLP,Economy,20,Jakarta,80,8,1,0,Budget Flight
11/12/25,Batik Air,10:55,10:55,9h 20m,1,7489649.0,SUB,SIN,Business,30,Singapura,560,8,0,1,High-end Flight
11/12/25,Batik Air,10:55,10:55,6h 40m,1,5490150.0,SUB,SRG,Business,30,Semarang,400,8,0,1,High-end Flight
11/12/25,Batik Air,11:00,13:45,1h 45m,0,1027600.0,CGK,SIN,Economy,20,Singapura,105,8,1,0,Budget Flight
11/12/25,Batik Air,11:20,12:10,1h 50m,0,1435600.0,SIN,CGK,Economy,20,Jakarta,110,8,1,0,Budget Flight
11/12/25,Batik Air,11:20,11:20,7h 40m,1,6862771.0,SIN,SUB,Business,30,Surabaya,460,8,0,1,High-end Flight
11/12/25,Batik Air,11:35,11:35,1h 20m,0,1999499.0,SUB,HLP,Economy,20,Jakarta,80,8,1,0,Budget Flight
11/12/25,Batik Air,11:35,11:35,8h 40m,1,6930550.0,SUB,SIN,Business,30,Singapura,520,8,0,1,High-end Flight
11/12/25,Batik Air,11:40,11:40,5h 10m,1,3846577.0,SRG,SUB,Business,30,Surabaya,310,8,0,2,Mid-range Flight
11/12/25,Batik Air,12:00,12:00,1h 30m,0,1931719.0,CGK,SUB,Economy,20,Surabaya,90,8,1,0,Budget Flight
11/12/25,Batik Air,12:15,12:15,4h 35m,1,2965442.0,SRG,SUB,Economy,20,Surabaya,275,8,1,0,Budget Flight
11/12/25,Batik Air,12:30,20:40,7h 10m,1,1226100.0,CGK,SIN,Economy,10,Singapura,430,8,1,0,Budget Flight
11/12/25,Batik Air,12:30,12:30,7h 35m,1,5015692.0,SIN,SUB,Business,20,Surabaya,455,8,0,1,High-end Flight
11/12/25,Batik Air,13:30,13:30,1h 30m,0,1931719.0,CGK,SUB,Economy,20,Surabaya,90,8,1,0,Budget Flight
11/12/25,Batik Air,13:35,13:35,1h 25m,0,1897829.0,HLP,SUB,Economy,20,Surabaya,85,8,1,0,Budget Flight
11/12/25,Batik Air,14:10,14:10,1h 30m,0,1931719.0,SUB,CGK,Economy,20,Jakarta,90,8,1,0,Budget Flight
11/12/25,Batik Air,14:10,14:10,6h 50m,1,3863439.0,SUB,SRG,Business,30,Semarang,410,8,0,2,Mid-range Flight
11/12/25,Batik Air,14:45,14:45,1h 50m,0,2135058.0,SIN,CGK,Business,30,Jakarta,110,8,0,2,Mid-range Flight
11/12/25,Batik Air,14:45,14:45,7h 55m,1,6862771.0,SIN,SUB,Business,30,Surabaya,475,8,0,1,High-end Flight
11/12/25,Batik Air,15:20,15:20,1h 30m,0,1863939.0,CGK,SUB,Economy,20,Surabaya,90,8,1,0,Budget Flight
11/12/25,Batik Air,15:35,15:35,5h 55m,1,3846577.0,SRG,SUB,Business,30,Surabaya,355,8,0,2,Mid-range Flight
11/12/25,Batik Air,15:40,17:00,1h 20m,0,1802380.0,SUB,CGK,Business,30,Jakarta,80,8,0,2,Mid-range Flight
11/12/25,Batik Air,15:40,17:00,1h 20m,0,2778762.0,SUB,HLP,Business,30,Jakarta,80,8,0,2,Mid-range Flight
11/12/25,Batik Air,15:50,15:50,1h 25m,0,3456761.0,HLP,SUB,Business,30,Surabaya,85,8,0,2,Mid-range Flight
11/12/25,Batik Air,16:00,16:00,1h 30m,0,1863939.0,CGK,SUB,Economy,20,Surabaya,90,8,1,0,Budget Flight
11/12/25,Batik Air,16:10,17:00,1h 50m,0,4630600.0,SIN,CGK,Business,30,Jakarta,110,8,0,2,Mid-range Flight
11/12/25,Batik Air,16:25,17:55,1h 30m,0,910557.0,SUB,CGK,Economy,20,Jakarta,90,8,1,0,Budget Flight
11/12/25,Batik Air,16:25,16:25,4h 35m,1,3863439.0,SUB,SRG,Business,30,Semarang,275,8,0,2,Mid-range Flight
11/12/25,Batik Air,16:35,16:35,1h 25m,0,2389315.0,HLP,SUB,Business,30,Surabaya,85,8,0,2,Mid-range Flight
11/12/25,Batik Air,17:00,17:00,1h 30m,0,3524540.0,CGK,SUB,Business,30,Surabaya,90,8,0,2,Mid-range Flight
11/12/25,Batik Air,17:30,17:30,1h 50m,0,1152253.0,SIN,CGK,Business,30,Jakarta,110,8,0,2,Mid-range Flight
11/12/25,Batik Air,17:30,17:30,1h 30m,0,2440066.0,SUB,CGK,Business,30,Jakarta,90,8,0,2,Mid-range Flight
11/12/25,Batik Air,17:45,20:30,1h 45m,0,1027600.0,CGK,SIN,Economy,20,Singapura,105,8,1,0,Budget Flight
11/12/25,Batik Air,17:55,17:55,1h 20m,0,4134557.0,SUB,HLP,Business,30,Jakarta,80,8,0,2,Mid-range Flight
11/12/25,Batik Air,18:10,18:10,1h 30m,0,2440066.0,SUB,CGK,Business,30,Jakarta,90,8,0,2,Mid-range Flight
11/12/25,Batik Air,18:30,21:15,1h 45m,0,1027600.0,CGK,SIN,Economy,20,Singapura,105,8,1,0,Budget Flight
11/12/25,Batik Air,18:40,20:00,1h 20m,0,2778762.0,SUB,HLP,Business,30,Jakarta,80,8,0,2,Mid-range Flight
11/12/25,Batik Air,18:45,18:45,1h 0m,0,648434.0,DPS,SUB,Economy,20,Surabaya,60,8,1,0,Budget Flight
11/12/25,Batik Air,19:15,20:45,1h 30m,0,1774538.0,SUB,CGK,Business,30,Jakarta,90,8,0,2,Mid-range Flight
11/12/25,Batik Air,20:00,20:00,1h 30m,0,2440066.0,CGK,SUB,Business,30,Surabaya,90,8,0,2,Mid-range Flight
11/12/25,Batik Air,20:15,20:15,1h 25m,0,2389315.0,HLP,SUB,Business,30,Surabaya,85,8,0,2,Mid-range Flight
11/12/25,Batik Air,20:30,20:30,1h 0m,0,648434.0,DPS,SUB,Economy,20,Surabaya,60,8,1,0,Budget Flight
11/12/25,Batik Air,21:25,21:25,1h 50m,0,1203171.0,SIN,CGK,Economy,20,Jakarta,110,8,1,0,Budget Flight
11/12/25,Batik Air,21:25,21:25,11h 05m,1,6896661.0,SIN,SUB,Business,30,Surabaya,665,8,0,1,High-end Flight
11/12/25,Batik Air,22:10,22:10,1h 50m,0,1220033.0,SIN,CGK,Economy,20,Jakarta,110,8,1,0,Budget Flight
11/12/25,Batik Air,22:10,22:10,10h 20m,1,6896661.0,SIN,SUB,Business,30,Surabaya,620,8,0,1,High-end Flight
11/12/25,"Batik Air , Citilink",05:35,05:35,4h,1,2795993.0,SUB,SRG,Economy,20,Semarang,240,9,1,0,Budget Flight
11/12/25,"Batik Air , Citilink",13:00,13:00,3h 50m,1,2880634.0,SRG,SUB,Economy,10,Surabaya,230,9,1,0,Budget Flight
11/12/25,"Batik Air , Citilink",14:10,14:10,4h 50m,1,3236560.0,SUB,SIN,Economy,25,Singapura,290,9,1,0,Budget Flight
11/12/25,"Batik Air , Citilink",16:45,16:45,4h 45m,1,2931552.0,SRG,SUB,Economy,20,Surabaya,285,9,1,0,Budget Flight
11/12/25,"Batik Air , Lion Air",12:15,12:15,3h 55m,1,2778964.0,SRG,SUB,Economy,15,Surabaya,235,10,1,0,Budget Flight
11/12/25,"Batik Air , Lion Air",13:30,17:35,4h 5m,1,1662480.0,SUB,SRG,Economy,10,Semarang,245,10,1,0,Budget Flight
11/12/25,"Batik Air , Pelita Air",12:15,12:15,3h 45m,1,3134891.0,SRG,SUB,Economy,20,Surabaya,225,11,1,0,Budget Flight
11/12/25,Citilink,05:35,05:35,1h 35m,0,1287813.0,SUB,CGK,Economy,15,Jakarta,95,12,1,0,Budget Flight
11/12/25,Citilink,06:20,09:10,1h 50m,0,1186407.0,CGK,SIN,Economy,10,Singapura,110,12,1,0,Budget Flight
11/12/25,Citilink,07:00,07:00,1h 35m,0,1270951.0,CGK,SUB,Economy,15,Surabaya,95,12,1,0,Budget Flight
11/12/25,Citilink,07:05,07:10,1h 5m,0,577816.0,DPS,SUB,Economy,15,Surabaya,65,12,1,0,Budget Flight
11/12/25,Citilink,07:35,07:35,1h 35m,0,1287813.0,SUB,CGK,Economy,15,Jakarta,95,12,1,0,Budget Flight
11/12/25,Citilink,07:35,07:35,4h 55m,1,2372287.0,SUB,SRG,Economy,15,Semarang,295,12,1,0,Budget Flight
11/12/25,Citilink,08:25,08:25,1h 25m,0,1321702.0,CGK,SUB,Economy,15,Surabaya,85,12,1,0,Budget Flight
11/12/25,Citilink,09:10,09:10,1h 35m,0,1338731.0,SUB,CGK,Economy,15,Jakarta,95,12,1,0,Budget Flight
11/12/25,Citilink,10:10,11:00,1h 50m,0,1396602.0,SIN,CGK,Economy,10,Jakarta,110,12,1,0,Budget Flight
11/12/25,Citilink,10:25,10:25,1h 35m,0,1321702.0,CGK,SUB,Economy,20,Surabaya,95,12,1,0,Budget Flight
11/12/25,Citilink,10:25,10:25,1h 35m,0,1389482.0,SUB,CGK,Economy,15,Jakarta,95,12,1,0,Budget Flight
11/12/25,Citilink,10:25,10:25,5h 50m,1,2507846.0,SUB,SRG,Economy,15,Semarang,350,12,1,0,Budget Flight
11/12/25,Citilink,12:00,12:00,1h 35m,0,1423372.0,CGK,SUB,Economy,15,Surabaya,95,12,1,0,Budget Flight
11/12/25,Citilink,12:45,12:45,1h 05m,0,1067612.0,SUB,DPS,Economy,15,Bali,65,12,1,0,Budget Flight
11/12/25,Citilink,12:50,12:50,6h 10m,1,2575626.0,SUB,SIN,Economy,20,Singapura,370,12,1,0,Budget Flight
11/12/25,Citilink,13:30,15:30,1h 0m,0,746569.0,SUB,DPS,Economy,15,Bali,60,12,1,0,Budget Flight
11/12/25,Citilink,14:10,14:10,1h 35m,0,1508180.0,SUB,CGK,Economy,15,Jakarta,95,12,1,0,Budget Flight
11/12/25,Citilink,14:40,16:10,1h 30m,0,875500.0,CGK,SUB,Economy,10,Surabaya,90,12,1,0,Budget Flight
11/12/25,Citilink,15:35,17:10,1h 35m,0,953348.0,SUB,CGK,Economy,10,Jakarta,95,12,1,0,Budget Flight
11/12/25,Citilink,16:45,16:45,3h 55m,1,2592654.0,SRG,SUB,Economy,20,Surabaya,235,12,1,0,Budget Flight
11/12/25,Citilink,16:45,18:45,1h 0m,0,746569.0,SUB,DPS,Economy,15,Bali,60,12,1,0,Budget Flight
11/12/25,Citilink,17:10,20:00,1h 50m,0,757540.0,CGK,SIN,Economy,10,Singapura,110,12,1,0,Budget Flight
11/12/25,Citilink,19:25,19:25,1h 05m,0,1067612.0,DPS,SUB,Economy,15,Surabaya,65,12,1,0,Budget Flight
11/12/25,Citilink,19:45,19:45,1h 05m,0,1067612.0,SUB,DPS,Economy,15,Bali,65,12,1,0,Budget Flight
11/12/25,Citilink,20:50,22:25,1h 35m,0,946288.0,SUB,CGK,Economy,10,Jakarta,95,12,1,0,Budget Flight
11/12/25,"Citilink , Lion Air",07:40,07:40,4h 50m,1,2440066.0,SUB,SRG,Economy,10,Semarang,290,15,1,0,Budget Flight
11/12/25,"Citilink , Lion Air",09:15,09:15,3h 30m,1,2406176.0,SUB,SRG,Economy,10,Semarang,210,15,1,0,Budget Flight
11/12/25,"Citilink , Lion Air",11:20,11:20,4h 55m,1,2592654.0,SUB,SRG,Economy,10,Semarang,295,15,1,0,Budget Flight
11/12/25,"Citilink , Lion Air",13:25,13:25,5h 45m,1,2270617.0,SRG,SUB,Economy,10,Surabaya,345,15,1,0,Budget Flight
11/12/25,"Citilink , Lion Air",15:00,15:00,5h 10m,1,2101168.0,DPS,SUB,Economy,10,Surabaya,310,15,1,0,Budget Flight
11/12/25,"Citilink , Lion Air",16:45,16:45,3h 25m,1,2423205.0,SUB,SRG,Economy,10,Semarang,205,15,1,0,Budget Flight
11/12/25,"Citilink , Scoot",07:55,07:55,5h 05m,1,3168781.0,SIN,SUB,Economy,20,Surabaya,305,17,1,0,Budget Flight
11/12/25,"Citilink , Scoot",09:30,09:30,5h 05m,1,3626210.0,SIN,SUB,Economy,20,Surabaya,305,17,1,0,Budget Flight
11/12/25,Garuda Indonesia,05:10,05:10,3h 50m,1,3101001.0,SUB,SRG,Economy,20,Semarang,230,19,1,0,Budget Flight
11/12/25,Garuda Indonesia,05:50,08:35,1h 45m,0,1617100.0,CGK,SIN,Economy,30,Singapura,105,19,1,0,Budget Flight
11/12/25,Garuda Indonesia,06:55,07:55,2h 0m,0,2806458.0,SIN,CGK,Economy,30,Jakarta,120,19,1,0,Budget Flight
11/12/25,Garuda Indonesia,07:05,10:25,2h 20m,0,2575038.0,SUB,SIN,Economy,30,Singapura,140,19,1,0,Budget Flight
11/12/25,Garuda Indonesia,08:55,08:55,2h,0,2406176.0,CGK,SIN,Business,40,Singapura,120,19,0,2,Mid-range Flight
11/12/25,Garuda Indonesia,09:20,09:20,1h,0,1542070.0,SUB,DPS,Economy,20,Bali,60,19,1,0,Budget Flight
11/12/25,Garuda Indonesia,09:45,09:45,4h,1,3083973.0,SRG,SUB,Economy,20,Surabaya,240,19,1,0,Budget Flight
11/12/25,Garuda Indonesia,12:55,12:55,2h 05m,0,2812854.0,SIN,CGK,Business,40,Jakarta,125,19,0,2,Mid-range Flight
11/12/25,Garuda Indonesia,14:35,14:35,4h 10m,1,3101001.0,SUB,SRG,Economy,20,Semarang,250,19,1,0,Budget Flight
11/12/25,Garuda Indonesia,15:30,15:30,2h,0,2084307.0,SIN,CGK,Business,40,Jakarta,120,19,0,2,Mid-range Flight
11/12/25,Garuda Indonesia,15:40,15:40,1h 45m,0,2694323.0,CGK,SIN,Business,40,Singapura,105,19,0,2,Mid-range Flight
11/12/25,Garuda Indonesia,16:55,17:10,1h 15m,0,6324038.0,DPS,SUB,Business,30,Surabaya,75,19,0,2,Mid-range Flight
11/12/25,Garuda Indonesia,17:35,17:35,1h 50m,0,5151252.0,CGK,SIN,Business,40,Singapura,110,19,0,2,Mid-range Flight
11/12/25,Garuda Indonesia,18:00,21:50,3h 50m,1,2615689.0,SRG,SUB,Economy,20,Surabaya,230,19,1,0,Budget Flight
11/12/25,Garuda Indonesia,18:55,18:55,2h,0,2152086.0,CGK,SIN,Business,40,Singapura,120,19,0,2,Mid-range Flight
11/12/25,Garuda Indonesia,19:00,19:00,2h 30m,0,4897161.0,SIN,SUB,Economy,30,Surabaya,150,19,1,0,Budget Flight
11/12/25,Garuda Indonesia,19:30,19:30,2h,0,2355425.0,SIN,CGK,Business,40,Jakarta,120,19,0,2,Mid-range Flight
11/12/25,Garuda Indonesia,21:30,21:30,2h 05m,0,2135058.0,SIN,CGK,Business,40,Jakarta,125,19,0,2,Mid-range Flight
11/12/25,Lion Air,03:30,05:00,1h 30m,0,815128.0,CGK,SUB,Economy,10,Surabaya,90,24,1,0,Budget Flight
11/12/25,Lion Air,05:05,05:05,3h 50m,1,2541736.0,SUB,DPS,Economy,10,Bali,230,24,1,0,Budget Flight
11/12/25,Lion Air,05:25,06:55,1h 30m,0,910715.0,CGK,SUB,Economy,15,Surabaya,90,24,1,0,Budget Flight
11/12/25,Lion Air,07:00,07:00,1h 0m,0,546000.0,DPS,SUB,Economy,10,Surabaya,60,24,1,0,Budget Flight
11/12/25,Lion Air,07:00,13:55,6h 55m,1,1501730.0,SRG,SUB,Economy,10,Surabaya,415,24,1,0,Budget Flight
11/12/25,Lion Air,07:40,09:10,1h 30m,0,958487.0,SUB,CGK,Economy,10,Jakarta,90,24,1,0,Budget Flight
11/12/25,Lion Air,07:55,09:55,1h 0m,0,566049.0,SUB,DPS,Economy,10,Bali,60,24,1,0,Budget Flight
11/12/25,Lion Air,08:20,08:20,4h 25m,1,2135058.0,SUB,DPS,Economy,10,Bali,265,24,1,0,Budget Flight
11/12/25,Lion Air,08:20,12:45,4h 25m,1,1519990.0,SUB,SRG,Economy,10,Semarang,265,24,1,0,Budget Flight
11/12/25,Lion Air,09:00,10:30,1h 30m,0,867438.0,CGK,SUB,Economy,10,Surabaya,90,24,1,0,Budget Flight
11/12/25,Lion Air,10:35,10:35,1h 0m,0,546000.0,DPS,SUB,Economy,10,Surabaya,60,24,1,0,Budget Flight
11/12/25,Lion Air,10:50,12:20,1h 30m,0,867438.0,CGK,SUB,Economy,10,Surabaya,90,24,1,0,Budget Flight
11/12/25,Lion Air,11:00,12:30,1h 30m,0,958487.0,SUB,CGK,Economy,10,Jakarta,90,24,1,0,Budget Flight
11/12/25,Lion Air,11:15,13:15,1h 0m,0,566049.0,SUB,DPS,Economy,10,Bali,60,24,1,0,Budget Flight
11/12/25,Lion Air,11:20,11:20,1h 30m,0,1440400.0,SUB,CGK,Economy,10,Jakarta,90,24,1,0,Budget Flight
11/12/25,Lion Air,12:20,14:20,1h 0m,0,566049.0,SUB,DPS,Economy,10,Bali,60,24,1,0,Budget Flight
11/12/25,Lion Air,13:30,15:00,1h 30m,0,903926.0,SUB,CGK,Economy,10,Jakarta,90,24,1,0,Budget Flight
11/12/25,Lion Air,13:55,13:55,1h 0m,0,546000.0,DPS,SUB,Economy,10,Surabaya,60,24,1,0,Budget Flight
11/12/25,Lion Air,14:40,16:10,1h 30m,0,815128.0,CGK,SUB,Economy,10,Surabaya,90,24,1,0,Budget Flight
11/12/25,Lion Air,14:40,14:40,4h 10m,1,2423205.0,DPS,SUB,Economy,20,Surabaya,250,24,1,0,Budget Flight
11/12/25,Lion Air,17:05,19:05,1h 0m,0,612721.0,SUB,DPS,Economy,10,Bali,60,24,1,0,Budget Flight
11/12/25,Lion Air,17:50,19:50,1h 0m,0,696780.0,SUB,DPS,Economy,10,Bali,60,24,1,0,Budget Flight
11/12/25,Lion Air,18:50,20:20,1h 30m,0,867438.0,CGK,SUB,Economy,10,Surabaya,90,24,1,0,Budget Flight
11/12/25,Lion Air,19:45,19:45,1h 0m,0,530700.0,DPS,SUB,Economy,10,Surabaya,60,24,1,0,Budget Flight
11/12/25,Lion Air,20:00,21:30,1h 30m,0,799626.0,SUB,CGK,Economy,10,Jakarta,90,24,1,0,Budget Flight
11/12/25,Lion Air,20:30,20:30,1h,0,534071.0,DPS,SUB,Economy,10,Surabaya,60,24,1,0,Budget Flight
11/12/25,Lion Air,21:00,22:30,1h 30m,0,799626.0,SUB,CGK,Economy,10,Jakarta,90,24,1,0,Budget Flight
11/12/25,"Lion Air , Scoot",07:55,07:55,5h 25m,1,3185642.0,SIN,SUB,Economy,20,Surabaya,325,25,1,0,Budget Flight
11/12/25,"Lion Air , Super Air Jet",08:30,08:30,4h 55m,1,2829883.0,SRG,SUB,Economy,10,Surabaya,295,26,1,0,Budget Flight
11/12/25,"Lion Air , Wings Air",06:00,06:00,2h 25m,1,2321535.0,SUB,DPS,Economy,20,Bali,145,28,1,0,Budget Flight
11/12/25,"Lion Air , Wings Air",07:30,07:30,2h 20m,1,2236727.0,DPS,SUB,Economy,10,Surabaya,140,28,1,0,Budget Flight
11/12/25,"Lion Air , Wings Air",09:25,09:25,3h 15m,1,2304507.0,DPS,SUB,Economy,10,Surabaya,195,28,1,0,Budget Flight
11/12/25,"Lion Air , Wings Air",09:50,09:50,2h 50m,1,2304507.0,DPS,SUB,Economy,10,Surabaya,170,28,1,0,Budget Flight
11/12/25,Malaysia Airlines,04:25,16:40,11h 15m,1,1125400.0,CGK,SIN,Economy,20,Singapura,675,29,1,0,Budget Flight
11/12/25,Malaysia Airlines,09:40,18:35,7h 55m,1,1125400.0,CGK,SIN,Economy,20,Singapura,475,29,1,0,Budget Flight
11/12/25,Malaysia Airlines,09:55,09:55,5h 55m,1,3287312.0,SIN,SUB,Economy,25,Surabaya,355,29,1,0,Budget Flight
11/12/25,Malaysia Airlines,10:00,10:00,5h 40m,1,2762103.0,SUB,SIN,Economy,25,Singapura,340,29,1,0,Budget Flight
11/12/25,Malaysia Airlines,11:05,11:05,4h 35m,1,2863772.0,SIN,CGK,Business,40,Jakarta,275,29,0,2,Mid-range Flight
11/12/25,Malaysia Airlines,12:15,18:35,5h 20m,1,1125400.0,CGK,SIN,Economy,20,Singapura,320,29,1,0,Budget Flight
11/12/25,Malaysia Airlines,15:40,00:30,7h 50m,1,1125400.0,CGK,SIN,Economy,20,Singapura,470,29,1,0,Budget Flight
11/12/25,Malaysia Airlines,15:50,00:30,7h 40m,1,1509000.0,SUB,SIN,Economy,20,Singapura,460,29,1,0,Budget Flight
11/12/25,Malaysia Airlines,18:25,09:10,14h 45m,1,7716579.0,CGK,SUB,Business,30,Surabaya,885,29,0,1,High-end Flight
11/12/25,Malaysia Airlines,19:55,09:05,12h 10m,1,1125400.0,CGK,SIN,Economy,20,Singapura,730,29,1,0,Budget Flight
11/12/25,Malaysia Airlines,21:20,21:20,12h 50m,1,6117195.0,SIN,SUB,Business,40,Surabaya,770,29,0,1,High-end Flight
11/12/25,"Malaysia Airlines , Operated By Fy",22:30,22:30,11h 40m,1,6066277.0,SIN,SUB,Business,30,Surabaya,700,30,0,1,High-end Flight
11/12/25,Pelita Air,06:10,07:40,1h 30m,0,832454.0,SUB,CGK,Economy,10,Jakarta,90,31,1,0,Budget Flight
11/12/25,Pelita Air,06:40,08:15,1h 35m,0,960268.0,CGK,SUB,Economy,10,Surabaya,95,31,1,0,Budget Flight
11/12/25,Pelita Air,07:55,10:45,1h 50m,0,1249000.0,CGK,SIN,Economy,20,Singapura,110,31,1,0,Budget Flight
11/12/25,Pelita Air,08:30,10:05,1h 35m,0,960268.0,CGK,SUB,Economy,10,Surabaya,95,31,1,0,Budget Flight
11/12/25,Pelita Air,10:40,12:15,1h 35m,0,960268.0,CGK,SUB,Economy,10,Surabaya,95,31,1,0,Budget Flight
11/12/25,Pelita Air,10:50,10:50,1h 35m,0,1525041.0,SUB,CGK,Economy,20,Jakarta,95,31,1,0,Budget Flight
11/12/25,Pelita Air,11:40,12:25,1h 45m,0,1451819.0,SIN,CGK,Economy,20,Jakarta,105,31,1,0,Budget Flight
11/12/25,Pelita Air,13:25,13:25,1h 30m,0,1660601.0,SUB,CGK,Economy,20,Jakarta,90,31,1,0,Budget Flight
11/12/25,Pelita Air,13:35,15:00,1h 25m,0,1763600.0,CGK,SUB,Business,30,Surabaya,85,31,0,2,Mid-range Flight
11/12/25,Pelita Air,14:25,16:00,1h 35m,0,960268.0,CGK,SUB,Economy,10,Surabaya,95,31,1,0,Budget Flight
11/12/25,Pelita Air,17:15,18:50,1h 35m,0,960268.0,CGK,SUB,Economy,10,Surabaya,95,31,1,0,Budget Flight
11/12/25,Scoot,07:30,09:00,2h 30m,0,1874485.0,SIN,SUB,Economy,10,Surabaya,150,33,1,0,Budget Flight
11/12/25,Scoot,07:55,07:55,1h 55m,0,2880634.0,SIN,CGK,Economy,10,Jakarta,115,33,1,0,Budget Flight
11/12/25,Scoot,09:30,09:30,1h 55m,0,1169282.0,SIN,CGK,Economy,10,Jakarta,115,33,1,0,Budget Flight
11/12/25,Scoot,09:35,12:25,1h 50m,0,945116.0,CGK,SIN,Economy,10,Singapura,110,33,1,0,Budget Flight
11/12/25,Scoot,09:45,13:05,2h 20m,0,1691333.0,SUB,SIN,Economy,10,Singapura,140,33,1,0,Budget Flight
11/12/25,Scoot,11:20,14:05,1h 45m,0,1121116.0,CGK,SIN,Economy,10,Singapura,105,33,1,0,Budget Flight
11/12/25,Scoot,17:00,17:00,2h 30m,0,2524874.0,SIN,SUB,Economy,10,Surabaya,150,33,1,0,Budget Flight
11/12/25,Scoot,19:30,19:30,2h 30m,0,1728380.0,SUB,SIN,Economy,10,Singapura,150,33,1,0,Budget Flight
11/12/25,Scoot,20:10,23:00,1h 50m,0,1121116.0,CGK,SIN,Economy,10,Singapura,110,33,1,0,Budget Flight
11/12/25,Scoot,20:25,20:25,2h,0,2728213.0,SIN,CGK,Economy,10,Jakarta,120,33,1,0,Budget Flight
11/12/25,Scoot,22:10,22:10,1h 50m,0,1813188.0,CGK,SIN,Economy,10,Singapura,110,33,1,0,Budget Flight
11/12/25,"Scoot , Super Air Jet",10:40,10:40,6h 30m,1,2897662.0,SIN,SUB,Economy,10,Surabaya,390,34,1,0,Budget Flight
11/12/25,Singapore Airlines,05:25,05:25,1h 40m,0,1016694.0,CGK,SIN,Business,40,Singapura,100,35,0,2,Mid-range Flight
11/12/25,Singapore Airlines,06:50,06:50,1h 45m,0,2728213.0,SIN,CGK,Business,40,Jakarta,105,35,0,2,Mid-range Flight
11/12/25,Singapore Airlines,07:40,07:40,1h 50m,0,2880634.0,SIN,CGK,Business,40,Jakarta,110,35,0,2,Mid-range Flight
11/12/25,Singapore Airlines,07:50,09:20,2h 30m,0,2555017.0,SIN,SUB,Economy,25,Surabaya,150,35,1,0,Budget Flight
11/12/25,Singapore Airlines,08:40,08:40,1h 40m,0,2135058.0,CGK,SIN,Business,40,Singapura,100,35,0,2,Mid-range Flight
11/12/25,Singapore Airlines,09:20,09:20,1h 55m,0,2338397.0,SIN,CGK,Business,40,Jakarta,115,35,0,2,Mid-range Flight
11/12/25,Singapore Airlines,09:30,09:30,1h 45m,0,1016694.0,CGK,SIN,Business,40,Singapura,105,35,0,2,Mid-range Flight
11/12/25,Singapore Airlines,10:15,10:15,2h 20m,0,6218864.0,SUB,SIN,Economy,30,Singapura,140,35,1,0,Budget Flight
11/12/25,Singapore Airlines,14:10,15:40,2h 30m,0,20387391.0,SIN,SUB,Business,40,Surabaya,150,35,0,1,High-end Flight
11/12/25,Singapore Airlines,16:25,17:50,2h 25m,0,14578737.0,SIN,SUB,Business,40,Surabaya,145,35,0,1,High-end Flight
11/12/25,Singapore Airlines,17:20,17:20,1h 45m,0,1203171.0,SIN,CGK,Business,40,Jakarta,105,35,0,2,Mid-range Flight
11/12/25,Singapore Airlines,18:10,18:10,1h 45m,0,1016694.0,CGK,SIN,Business,40,Singapura,105,35,0,2,Mid-range Flight
11/12/25,Singapore Airlines,18:40,18:40,2h 25m,0,4880133.0,SUB,SIN,Economy,30,Singapura,145,35,1,0,Budget Flight
11/12/25,Singapore Airlines,20:20,20:20,1h 45m,0,1016694.0,CGK,SIN,Business,40,Singapura,105,35,0,2,Mid-range Flight
11/12/25,Singapore Airlines,22:40,22:40,1h 45m,0,1152253.0,SIN,CGK,Business,40,Jakarta,105,35,0,2,Mid-range Flight
11/12/25,Super Air Jet,13:30,15:30,1h 0m,0,606125.0,SUB,DPS,Economy,15,Bali,60,36,1,0,Budget Flight
11/12/25,Super Air Jet,16:10,16:10,1h 0m,0,575900.0,DPS,SUB,Economy,10,Surabaya,60,36,1,0,Budget Flight
11/12/25,TransNusa,07:45,10:40,1h 55m,0,1249000.0,CGK,SIN,Economy,20,Singapura,115,37,1,0,Budget Flight
11/12/25,TransNusa,11:40,12:25,1h 45m,0,1404000.0,SIN,CGK,Economy,20,Jakarta,105,37,1,0,Budget Flight
11/12/25,TransNusa,11:45,14:40,1h 55m,0,1049000.0,CGK,SIN,Economy,20,Singapura,115,37,1,0,Budget Flight
11/12/25,TransNusa,15:30,15:30,1h 45m,0,2931552.0,SIN,CGK,Economy,15,Jakarta,105,37,1,0,Budget Flight
11/12/25,Wings Air,10:00,11:10,1h 10m,0,899480.0,SRG,SUB,Economy,10,Surabaya,70,38,1,0,Budget Flight
11/12/25,Wings Air,14:30,15:25,55m,0,808430.0,SUB,SRG,Economy,10,Semarang,55,38,1,0,Budget Flight
12/12/25,AirAsia,08:25,08:25,1h 45m,0,1084474.0,CGK,SIN,Economy,20,Singapura,105,0,1,0,Budget Flight
12/12/25,AirAsia,11:10,14:00,1h 50m,0,849484.0,CGK,SIN,Economy,10,Singapura,110,0,1,0,Budget Flight
12/12/25,AirAsia,11:50,11:50,1h 45m,0,1101502.0,SIN,CGK,Economy,20,Jakarta,105,0,1,0,Budget Flight
12/12/25,AirAsia,12:10,12:10,6h,1,2812854.0,SIN,SUB,Economy,20,Surabaya,360,0,1,0,Budget Flight
12/12/25,AirAsia,14:10,14:10,6h 15m,1,2558764.0,SIN,SUB,Economy,20,Surabaya,375,0,1,0,Budget Flight
12/12/25,AirAsia,14:40,14:40,1h 50m,0,2287646.0,SIN,CGK,Economy,20,Jakarta,110,0,1,0,Budget Flight
12/12/25,AirAsia,14:55,14:55,5h 30m,1,2389315.0,SIN,SUB,Economy,20,Surabaya,330,0,1,0,Budget Flight
12/12/25,AirAsia,16:30,19:20,1h 50m,0,800621.0,CGK,SIN,Economy,10,Singapura,110,0,1,0,Budget Flight
12/12/25,AirAsia,18:35,18:35,5h 50m,1,2338397.0,SIN,SUB,Economy,20,Surabaya,350,0,1,0,Budget Flight
12/12/25,AirAsia,20:00,20:00,1h 45m,0,1101502.0,SIN,CGK,Economy,20,Jakarta,105,0,1,0,Budget Flight
12/12/25,"AirAsia , Batik Air",05:00,05:00,5h 30m,1,2270617.0,SUB,SIN,Economy,20,Singapura,330,1,1,0,Budget Flight
12/12/25,"AirAsia , Batik Air",05:15,05:15,5h 50m,1,2270617.0,SUB,SIN,Economy,20,Singapura,350,1,1,0,Budget Flight
12/12/25,"AirAsia , Batik Air",12:30,12:30,5h 40m,1,2660434.0,SIN,SUB,Economy,30,Surabaya,340,1,1,0,Budget Flight
12/12/25,"AirAsia , Batik Air",14:10,14:10,5h 55m,1,2795993.0,SIN,SUB,Economy,20,Surabaya,355,1,1,0,Budget Flight
12/12/25,"AirAsia , Citilink",10:35,10:35,6h 10m,1,2626544.0,SIN,SUB,Economy,20,Surabaya,370,2,1,0,Budget Flight
12/12/25,"AirAsia , Citilink",12:50,12:50,5h 30m,1,2304507.0,SUB,SIN,Economy,20,Singapura,330,2,1,0,Budget Flight
12/12/25,"AirAsia , Lion Air",07:40,07:40,5h 20m,1,2321535.0,SUB,SIN,Economy,20,Singapura,320,3,1,0,Budget Flight
12/12/25,"AirAsia , Lion Air",09:35,09:35,4h 40m,1,2135058.0,SUB,DPS,Economy,10,Bali,280,3,1,0,Budget Flight
12/12/25,"AirAsia , Lion Air",11:20,11:20,5h 25m,1,2236727.0,DPS,SUB,Economy,10,Surabaya,325,3,1,0,Budget Flight
12/12/25,"AirAsia , Lion Air",13:30,13:30,4h 50m,1,2304507.0,SUB,SIN,Economy,20,Singapura,290,3,1,0,Budget Flight
12/12/25,"AirAsia , Malaysia Airlines",17:40,17:40,5h 50m,1,2253756.0,SUB,SIN,Economy,20,Singapura,350,4,1,0,Budget Flight
12/12/25,"AirAsia , Pelita Air",13:25,13:25,4h 55m,1,2406176.0,SUB,SIN,Economy,20,Singapura,295,5,1,0,Budget Flight
12/12/25,"AirAsia , Super Air Jet",10:35,10:35,6h 35m,1,2575626.0,SIN,SUB,Economy,20,Surabaya,395,7,1,0,Budget Flight
12/12/25,Batik Air,03:30,05:00,1h 30m,0,875500.0,CGK,SUB,Economy,10,Surabaya,90,8,1,0,Budget Flight
12/12/25,Batik Air,05:00,06:20,1h 20m,0,2874752.0,SUB,HLP,Business,30,Jakarta,80,8,0,2,Mid-range Flight
12/12/25,Batik Air,05:00,05:00,7h 45m,1,6930550.0,SUB,SIN,Business,40,Singapura,465,8,0,1,High-end Flight
12/12/25,Batik Air,05:00,05:00,9h 55m,1,4846243.0,SUB,SRG,Business,30,Semarang,595,8,0,1,High-end Flight
12/12/25,Batik Air,05:05,06:35,1h 30m,0,982891.0,SUB,CGK,Economy,20,Jakarta,90,8,1,0,Budget Flight
12/12/25,Batik Air,05:05,05:05,7h 40m,1,6032387.0,SUB,SIN,Business,30,Singapura,460,8,0,1,High-end Flight
12/12/25,Batik Air,05:05,15:15,10h 10m,1,1635380.0,SUB,SRG,Economy,20,Semarang,610,8,1,0,Budget Flight
12/12/25,Batik Air,05:15,07:15,1h 0m,0,1045980.0,SUB,DPS,Business,30,Bali,60,8,0,2,Mid-range Flight
12/12/25,Batik Air,05:15,16:30,10h 15m,1,4744680.0,SUB,SIN,Business,30,Singapura,615,8,0,1,High-end Flight
12/12/25,Batik Air,05:25,06:50,1h 25m,0,2740826.0,HLP,SUB,Business,30,Surabaya,85,8,0,2,Mid-range Flight
12/12/25,Batik Air,06:00,07:30,1h 30m,0,1002260.0,CGK,SUB,Economy,20,Surabaya,90,8,1,0,Budget Flight
12/12/25,Batik Air,06:20,06:20,1h,0,1440400.0,SUB,DPS,Economy,20,Bali,60,8,1,0,Budget Flight
12/12/25,Batik Air,06:20,06:20,9h 10m,1,6557762.0,SUB,SIN,Business,30,Singapura,550,8,0,1,High-end Flight
12/12/25,Batik Air,06:40,08:15,1h 35m,0,2668000.0,CGK,SUB,Business,25,Surabaya,95,8,0,2,Mid-range Flight
12/12/25,Batik Air,07:00,15:00,8h 0m,1,2958530.0,SRG,SUB,Business,30,Surabaya,480,8,0,2,Mid-range Flight
12/12/25,Batik Air,07:30,08:50,1h 20m,0,2754189.0,SUB,HLP,Business,30,Jakarta,80,8,0,2,Mid-range Flight
12/12/25,Batik Air,07:30,07:30,7h 25m,1,4863272.0,SUB,SRG,Business,30,Semarang,445,8,0,1,High-end Flight
12/12/25,Batik Air,07:45,07:45,1h 45m,0,1016694.0,CGK,SIN,Business,30,Singapura,105,8,0,2,Mid-range Flight
12/12/25,Batik Air,07:50,07:50,3h 40m,1,2897662.0,SUB,SRG,Economy,20,Semarang,220,8,1,0,Budget Flight
12/12/25,Batik Air,08:00,09:30,1h 30m,0,1774538.0,CGK,SUB,Business,30,Surabaya,90,8,0,2,Mid-range Flight
12/12/25,Batik Air,08:30,08:30,1h 30m,0,1863939.0,SUB,CGK,Economy,20,Jakarta,90,8,1,0,Budget Flight
12/12/25,Batik Air,08:30,08:30,6h 25m,1,4880133.0,SUB,SRG,Business,30,Semarang,385,8,0,1,High-end Flight
12/12/25,Batik Air,08:40,16:10,6h 30m,1,1396500.0,SUB,SIN,Economy,10,Singapura,390,8,1,0,Budget Flight
12/12/25,Batik Air,08:50,08:50,1h 25m,0,4100667.0,HLP,SUB,Business,30,Surabaya,85,8,0,2,Mid-range Flight
12/12/25,Batik Air,09:15,08:35,5h 55m,1,4910100.0,CGK,SIN,Business,10,Singapura,355,8,0,0,Budget Flight
12/12/25,Batik Air,09:30,10:55,1h 25m,0,2740826.0,HLP,SUB,Business,30,Surabaya,85,8,0,2,Mid-range Flight
12/12/25,Batik Air,09:30,15:00,5h 30m,1,2958530.0,SRG,SUB,Business,30,Surabaya,330,8,0,2,Mid-range Flight
12/12/25,Batik Air,10:10,10:10,1h 30m,0,1863939.0,SUB,CGK,Economy,20,Jakarta,90,8,1,0,Budget Flight
12/12/25,Batik Air,10:10,10:10,9h 20m,1,6015525.0,SUB,SIN,Business,30,Singapura,560,8,0,1,High-end Flight
12/12/25,Batik Air,10:10,10:10,4h 45m,1,3863439.0,SUB,SRG,Business,30,Semarang,285,8,0,2,Mid-range Flight
12/12/25,Batik Air,10:15,10:15,6h 35m,1,3846577.0,SRG,SUB,Business,30,Surabaya,395,8,0,2,Mid-range Flight
12/12/25,Batik Air,10:55,10:55,1h 20m,0,1999499.0,SUB,HLP,Economy,20,Jakarta,80,8,1,0,Budget Flight
12/12/25,Batik Air,10:55,10:55,8h 35m,1,6913522.0,SUB,SIN,Business,30,Singapura,515,8,0,1,High-end Flight
12/12/25,Batik Air,10:55,10:55,6h 40m,1,5541068.0,SUB,SRG,Business,30,Semarang,400,8,0,1,High-end Flight
12/12/25,Batik Air,11:00,11:00,1h 45m,0,2304507.0,CGK,SIN,Business,30,Singapura,105,8,0,2,Mid-range Flight
12/12/25,Batik Air,11:20,11:20,1h 50m,0,1287813.0,SIN,CGK,Business,30,Jakarta,110,8,0,2,Mid-range Flight
12/12/25,Batik Air,11:20,11:20,7h 40m,1,6862771.0,SIN,SUB,Business,30,Surabaya,460,8,0,1,High-end Flight
12/12/25,Batik Air,11:35,11:35,1h 20m,0,1948747.0,SUB,HLP,Economy,20,Jakarta,80,8,1,0,Budget Flight
12/12/25,Batik Air,11:40,11:40,5h 10m,1,3846577.0,SRG,SUB,Business,30,Surabaya,310,8,0,2,Mid-range Flight
12/12/25,Batik Air,12:00,12:00,1h 30m,0,1863939.0,CGK,SUB,Economy,20,Surabaya,90,8,1,0,Budget Flight
12/12/25,Batik Air,12:15,12:15,4h 35m,1,3846577.0,SRG,SUB,Business,30,Surabaya,275,8,0,2,Mid-range Flight
12/12/25,Batik Air,12:30,12:30,1h 45m,0,1016694.0,CGK,SIN,Economy,20,Singapura,105,8,1,0,Budget Flight
12/12/25,Batik Air,12:30,12:30,7h 35m,1,4829382.0,SIN,SUB,Business,20,Surabaya,455,8,0,1,High-end Flight
12/12/25,Batik Air,13:30,15:00,1h 30m,0,1774538.0,CGK,SUB,Business,30,Surabaya,90,8,0,2,Mid-range Flight
12/12/25,Batik Air,13:35,13:35,1h 25m,0,1897829.0,HLP,SUB,Economy,20,Surabaya,85,8,1,0,Budget Flight
12/12/25,Batik Air,14:10,15:40,1h 30m,0,1809580.0,SUB,CGK,Business,30,Jakarta,90,8,0,2,Mid-range Flight
12/12/25,Batik Air,14:10,14:10,6h 50m,1,4541235.0,SUB,SRG,Business,30,Semarang,410,8,0,1,High-end Flight
12/12/25,Batik Air,14:45,14:45,1h 50m,0,2202838.0,SIN,CGK,Economy,20,Jakarta,110,8,1,0,Budget Flight
12/12/25,Batik Air,14:45,14:45,7h 55m,1,6862771.0,SIN,SUB,Business,30,Surabaya,475,8,0,1,High-end Flight
12/12/25,Batik Air,15:20,15:20,1h 30m,0,2440066.0,CGK,SUB,Business,30,Surabaya,90,8,0,2,Mid-range Flight
12/12/25,Batik Air,15:35,15:35,5h 55m,1,3846577.0,SRG,SUB,Business,30,Surabaya,355,8,0,2,Mid-range Flight
12/12/25,Batik Air,15:40,15:40,1h 20m,0,1863939.0,SUB,HLP,Economy,20,Jakarta,80,8,1,0,Budget Flight
12/12/25,Batik Air,15:50,15:50,1h 25m,0,1830050.0,HLP,SUB,Economy,20,Surabaya,85,8,1,0,Budget Flight
12/12/25,Batik Air,16:00,16:00,1h 30m,0,2440066.0,CGK,SUB,Business,30,Surabaya,90,8,0,2,Mid-range Flight
12/12/25,Batik Air,16:25,17:55,1h 30m,0,1809580.0,SUB,CGK,Business,30,Jakarta,90,8,0,2,Mid-range Flight
12/12/25,Batik Air,16:25,16:25,4h 35m,1,4541235.0,SUB,SRG,Business,30,Semarang,275,8,0,2,Mid-range Flight
12/12/25,Batik Air,16:35,16:35,1h 25m,0,1779298.0,HLP,SUB,Economy,20,Surabaya,85,8,1,0,Budget Flight
12/12/25,Batik Air,17:00,18:30,1h 30m,0,1105871.0,CGK,SUB,Economy,20,Surabaya,90,8,1,0,Budget Flight
12/12/25,Batik Air,17:30,17:30,1h 50m,0,3067111.0,SIN,CGK,Economy,20,Jakarta,110,8,1,0,Budget Flight
12/12/25,Batik Air,17:30,17:30,1h 30m,0,2440066.0,SUB,CGK,Business,30,Jakarta,90,8,0,2,Mid-range Flight
12/12/25,Batik Air,17:45,17:45,1h 45m,0,1016694.0,CGK,SIN,Economy,20,Singapura,105,8,1,0,Budget Flight
12/12/25,Batik Air,17:55,17:55,1h 20m,0,2440066.0,SUB,HLP,Business,30,Jakarta,80,8,0,2,Mid-range Flight
12/12/25,Batik Air,18:10,18:10,1h 30m,0,2440066.0,SUB,CGK,Business,30,Jakarta,90,8,0,2,Mid-range Flight
12/12/25,Batik Air,18:30,18:30,1h 45m,0,1016694.0,CGK,SIN,Business,30,Singapura,105,8,0,2,Mid-range Flight
12/12/25,Batik Air,18:40,18:40,1h 20m,0,2440066.0,SUB,HLP,Business,30,Jakarta,80,8,0,2,Mid-range Flight
12/12/25,Batik Air,18:40,18:40,13h 05m,1,3863439.0,SUB,SRG,Business,30,Semarang,785,8,0,1,High-end Flight
12/12/25,Batik Air,18:45,18:45,1h 0m,0,674447.0,DPS,SUB,Economy,20,Surabaya,60,8,1,0,Budget Flight
12/12/25,Batik Air,19:15,20:45,1h 30m,0,1740598.0,SUB,CGK,Business,30,Jakarta,90,8,0,2,Mid-range Flight
12/12/25,Batik Air,19:15,19:15,12h 30m,1,3863439.0,SUB,SRG,Business,30,Semarang,750,8,0,1,High-end Flight
12/12/25,Batik Air,20:00,21:30,1h 30m,0,1196551.0,CGK,SUB,Economy,20,Surabaya,90,8,1,0,Budget Flight
12/12/25,Batik Air,20:15,20:15,1h 25m,0,2389315.0,HLP,SUB,Business,30,Surabaya,85,8,0,2,Mid-range Flight
12/12/25,Batik Air,20:30,20:30,1h 0m,0,674447.0,DPS,SUB,Economy,20,Surabaya,60,8,1,0,Budget Flight
12/12/25,Batik Air,21:25,21:25,1h 50m,0,1152253.0,SIN,CGK,Economy,20,Jakarta,110,8,1,0,Budget Flight
12/12/25,Batik Air,22:10,22:10,1h 50m,0,2795993.0,SIN,CGK,Economy,20,Jakarta,110,8,1,0,Budget Flight
12/12/25,"Batik Air , Citilink",05:35,05:35,4h,1,2812854.0,SUB,SRG,Economy,20,Semarang,240,9,1,0,Budget Flight
12/12/25,"Batik Air , Citilink",09:30,09:30,4h 05m,1,2643405.0,SRG,SUB,Economy,10,Surabaya,245,9,1,0,Budget Flight
12/12/25,"Batik Air , Citilink",10:15,10:15,4h 25m,1,2643405.0,SRG,SUB,Economy,10,Surabaya,265,9,1,0,Budget Flight
12/12/25,"Batik Air , Citilink",10:25,10:25,4h 30m,1,2660434.0,SUB,SRG,Economy,20,Semarang,270,9,1,0,Budget Flight
12/12/25,"Batik Air , Citilink",15:35,15:35,3h 45m,1,2592654.0,SRG,SUB,Economy,10,Surabaya,225,9,1,0,Budget Flight
12/12/25,"Batik Air , Lion Air",06:20,06:20,4h 40m,1,2507846.0,SUB,SRG,Economy,20,Semarang,280,10,1,0,Budget Flight
12/12/25,"Batik Air , Lion Air",07:00,12:20,5h 20m,1,1800456.0,SRG,SUB,Economy,20,Surabaya,320,10,1,0,Budget Flight
12/12/25,"Batik Air , Lion Air",11:40,11:40,4h 30m,1,2609515.0,SRG,SUB,Economy,15,Surabaya,270,10,1,0,Budget Flight
12/12/25,"Batik Air , Lion Air",12:15,12:15,3h 55m,1,2609515.0,SRG,SUB,Economy,15,Surabaya,235,10,1,0,Budget Flight
12/12/25,"Batik Air , Lion Air",13:30,13:30,4h 05m,1,2592654.0,SUB,SRG,Economy,20,Semarang,245,10,1,0,Budget Flight
12/12/25,"Batik Air , Lion Air",15:35,15:35,4h 45m,1,2609515.0,SRG,SUB,Economy,10,Surabaya,285,10,1,0,Budget Flight
12/12/25,"Batik Air , Pelita Air",12:15,12:15,3h 45m,1,2914524.0,SRG,SUB,Economy,20,Surabaya,225,11,1,0,Budget Flight
12/12/25,"Batik Air , Pelita Air",13:25,13:25,4h 10m,1,2711185.0,SUB,SRG,Economy,20,Semarang,250,11,1,0,Budget Flight
12/12/25,Citilink,05:00,07:05,1h 5m,0,786662.0,SUB,DPS,Economy,15,Bali,65,12,1,0,Budget Flight
12/12/25,Citilink,05:25,06:55,1h 30m,0,980384.0,CGK,SUB,Economy,10,Surabaya,90,12,1,0,Budget Flight
12/12/25,Citilink,05:35,07:10,1h 35m,0,954749.0,SUB,CGK,Economy,10,Jakarta,95,12,1,0,Budget Flight
12/12/25,Citilink,06:20,06:20,1h 50m,0,1016694.0,CGK,SIN,Economy,20,Singapura,110,12,1,0,Budget Flight
12/12/25,Citilink,07:05,07:05,1h 05m,0,1067612.0,DPS,SUB,Economy,10,Surabaya,65,12,1,0,Budget Flight
12/12/25,Citilink,07:35,07:35,4h 55m,1,2490984.0,SUB,SRG,Economy,15,Semarang,295,12,1,0,Budget Flight
12/12/25,Citilink,08:25,08:25,1h 25m,0,1321702.0,CGK,SUB,Economy,15,Surabaya,85,12,1,0,Budget Flight
12/12/25,Citilink,09:10,09:10,1h 35m,0,1389482.0,SUB,CGK,Economy,15,Jakarta,95,12,1,0,Budget Flight
12/12/25,Citilink,10:10,11:00,1h 50m,0,1886112.0,SIN,CGK,Economy,10,Jakarta,110,12,1,0,Budget Flight
12/12/25,Citilink,10:10,10:10,5h 30m,1,2592654.0,SIN,SUB,Economy,20,Surabaya,330,12,1,0,Budget Flight
12/12/25,Citilink,10:25,10:25,1h 35m,0,1321702.0,CGK,SUB,Economy,15,Surabaya,95,12,1,0,Budget Flight
12/12/25,Citilink,10:25,10:25,1h 35m,0,1338731.0,SUB,CGK,Economy,15,Jakarta,95,12,1,0,Budget Flight
12/12/25,Citilink,12:00,12:00,1h 35m,0,1321702.0,CGK,SUB,Economy,20,Surabaya,95,12,1,0,Budget Flight
12/12/25,Citilink,12:45,12:45,1h 05m,0,1067612.0,SUB,DPS,Economy,15,Bali,65,12,1,0,Budget Flight
12/12/25,Citilink,12:50,12:50,1h 35m,0,1338731.0,SUB,CGK,Economy,15,Jakarta,95,12,1,0,Budget Flight
12/12/25,Citilink,13:00,13:00,6h 20m,1,2033388.0,SRG,SUB,Economy,10,Surabaya,380,12,1,0,Budget Flight
12/12/25,Citilink,13:05,13:05,1h 35m,0,1321702.0,CGK,SUB,Economy,15,Surabaya,95,12,1,0,Budget Flight
12/12/25,Citilink,13:30,15:30,1h 0m,0,770645.0,SUB,DPS,Economy,10,Bali,60,12,1,0,Budget Flight
12/12/25,Citilink,14:10,14:10,1h 35m,0,1389482.0,SUB,CGK,Economy,15,Jakarta,95,12,1,0,Budget Flight
12/12/25,Citilink,15:35,15:35,1h 35m,0,1338731.0,SUB,CGK,Economy,15,Jakarta,95,12,1,0,Budget Flight
12/12/25,Citilink,15:40,15:40,1h 05m,0,1067612.0,DPS,SUB,Economy,15,Surabaya,65,12,1,0,Budget Flight
12/12/25,Citilink,16:45,16:45,1h 30m,0,1287813.0,HLP,SUB,Economy,20,Surabaya,90,12,1,0,Budget Flight
12/12/25,Citilink,16:45,16:45,3h 55m,1,2033388.0,SRG,SUB,Economy,20,Surabaya,235,12,1,0,Budget Flight
12/12/25,Citilink,16:45,18:45,1h 0m,0,770645.0,SUB,DPS,Economy,10,Bali,60,12,1,0,Budget Flight
12/12/25,Citilink,17:10,20:00,1h 50m,0,996597.0,CGK,SIN,Economy,10,Singapura,110,12,1,0,Budget Flight
12/12/25,Citilink,19:25,19:25,1h 05m,0,1067612.0,DPS,SUB,Economy,15,Surabaya,65,12,1,0,Budget Flight
12/12/25,Citilink,19:45,19:45,1h 05m,0,1067612.0,SUB,DPS,Economy,15,Bali,65,12,1,0,Budget Flight
12/12/25,Citilink,20:10,22:10,1h 0m,0,770645.0,SUB,DPS,Economy,10,Bali,60,12,1,0,Budget Flight
12/12/25,"Citilink , Garuda Indonesia",10:25,10:25,4h 15m,1,2745075.0,SUB,SRG,Economy,20,Semarang,255,13,1,0,Budget Flight
12/12/25,"Citilink , Koninklijke Luchtvaart Maatschappij",16:45,16:45,6h 25m,1,2084307.0,SUB,SIN,Economy,20,Singapura,385,14,1,0,Budget Flight
12/12/25,"Citilink , Lion Air",07:40,07:40,4h 50m,1,2389315.0,SUB,SRG,Economy,10,Semarang,290,15,1,0,Budget Flight
12/12/25,"Citilink , Lion Air",09:15,09:15,3h 30m,1,2219866.0,SUB,SRG,Economy,10,Semarang,210,15,1,0,Budget Flight
12/12/25,"Citilink , Lion Air",11:20,11:20,4h 55m,1,2389315.0,SUB,SRG,Economy,10,Semarang,295,15,1,0,Budget Flight
12/12/25,"Citilink , Lion Air",11:40,11:40,4h 05m,1,2287646.0,SRG,SUB,Economy,20,Surabaya,245,15,1,0,Budget Flight
12/12/25,"Citilink , Lion Air",13:25,13:25,5h 45m,1,2135058.0,SRG,SUB,Economy,20,Surabaya,345,15,1,0,Budget Flight
12/12/25,"Citilink , Lion Air",13:30,13:30,5h 30m,1,2406176.0,SUB,SIN,Economy,20,Singapura,330,15,1,0,Budget Flight
12/12/25,"Citilink , Lion Air",14:40,14:40,4h 55m,1,2490984.0,DPS,SUB,Economy,20,Surabaya,295,15,1,0,Budget Flight
12/12/25,"Citilink , Lion Air",16:45,16:45,3h 25m,1,2202838.0,SUB,SRG,Economy,10,Semarang,205,15,1,0,Budget Flight
12/12/25,Garuda Indonesia,05:50,05:50,1h 45m,0,1016694.0,CGK,SIN,Business,40,Singapura,105,19,0,2,Mid-range Flight
12/12/25,Garuda Indonesia,06:55,07:55,2h 0m,0,2806458.0,SIN,CGK,Economy,30,Jakarta,120,19,1,0,Budget Flight
12/12/25,Garuda Indonesia,07:05,07:05,2h 20m,0,3168781.0,SUB,SIN,Economy,30,Singapura,140,19,1,0,Budget Flight
12/12/25,Garuda Indonesia,08:55,08:55,2h,0,1050584.0,CGK,SIN,Business,40,Singapura,120,19,0,2,Mid-range Flight
12/12/25,Garuda Indonesia,09:20,11:20,1h 0m,0,763540.0,SUB,DPS,Economy,15,Bali,60,19,1,0,Budget Flight
12/12/25,Garuda Indonesia,09:35,10:35,2h 0m,0,3254365.0,SIN,CGK,Economy,30,Jakarta,120,19,1,0,Budget Flight
12/12/25,Garuda Indonesia,12:55,12:55,2h 05m,0,11624207.0,SIN,CGK,Business,40,Jakarta,125,19,0,1,High-end Flight
12/12/25,Garuda Indonesia,15:15,16:45,1h 30m,0,1386641.0,SUB,HLP,Economy,20,Jakarta,90,19,1,0,Budget Flight
12/12/25,Garuda Indonesia,15:30,15:30,2h,0,11624207.0,SIN,CGK,Business,40,Jakarta,120,19,0,1,High-end Flight
12/12/25,Garuda Indonesia,15:40,15:40,1h 45m,0,1016694.0,CGK,SIN,Business,40,Singapura,105,19,0,2,Mid-range Flight
12/12/25,Garuda Indonesia,16:55,16:55,1h 15m,0,1542070.0,DPS,SUB,Economy,20,Surabaya,75,19,1,0,Budget Flight
12/12/25,Garuda Indonesia,18:00,21:50,3h 50m,1,18820939.0,SRG,SUB,Business,30,Surabaya,230,19,0,1,High-end Flight
12/12/25,Garuda Indonesia,18:55,18:55,2h,0,1016694.0,CGK,SIN,Business,40,Singapura,120,19,0,2,Mid-range Flight
12/12/25,Garuda Indonesia,19:00,19:00,2h 30m,0,3388981.0,SIN,SUB,Economy,30,Surabaya,150,19,1,0,Budget Flight
12/12/25,Garuda Indonesia,21:30,22:35,2h 5m,0,11316693.0,SIN,CGK,Business,40,Jakarta,125,19,0,1,High-end Flight
12/12/25,"Koninklijke Luchtvaart Maatschappij , Lion Air",17:05,17:05,6h 05m,1,2033388.0,SUB,SIN,Economy,20,Singapura,365,23,1,0,Budget Flight
12/12/25,Lion Air,03:30,05:00,1h 30m,0,831191.0,CGK,SUB,Economy,10,Surabaya,90,24,1,0,Budget Flight
12/12/25,Lion Air,05:05,05:05,3h 50m,1,2745075.0,SUB,DPS,Economy,10,Bali,230,24,1,0,Budget Flight
12/12/25,Lion Air,06:00,07:30,1h 30m,0,967080.0,CGK,SUB,Economy,20,Surabaya,90,24,1,0,Budget Flight
12/12/25,Lion Air,07:00,07:00,1h 0m,0,546000.0,DPS,SUB,Economy,10,Surabaya,60,24,1,0,Budget Flight
12/12/25,Lion Air,07:00,10:35,3h 35m,1,1531730.0,SRG,SUB,Economy,10,Surabaya,215,24,1,0,Budget Flight
12/12/25,Lion Air,07:40,09:10,1h 30m,0,886458.0,SUB,CGK,Economy,10,Jakarta,90,24,1,0,Budget Flight
12/12/25,Lion Air,07:55,09:55,1h 0m,0,673973.0,SUB,DPS,Economy,10,Bali,60,24,1,0,Budget Flight
12/12/25,Lion Air,08:20,08:20,4h 25m,1,2185976.0,SUB,DPS,Economy,10,Bali,265,24,1,0,Budget Flight
12/12/25,Lion Air,08:20,12:45,4h 25m,1,1415345.0,SUB,SRG,Economy,10,Semarang,265,24,1,0,Budget Flight
12/12/25,Lion Air,09:00,10:30,1h 30m,0,985400.0,CGK,SUB,Economy,10,Surabaya,90,24,1,0,Budget Flight
12/12/25,Lion Air,10:35,10:35,1h 0m,0,575900.0,DPS,SUB,Economy,10,Surabaya,60,24,1,0,Budget Flight
12/12/25,Lion Air,10:50,12:20,1h 30m,0,939180.0,CGK,SUB,Economy,10,Surabaya,90,24,1,0,Budget Flight
12/12/25,Lion Air,11:00,12:30,1h 30m,0,939965.0,SUB,CGK,Economy,10,Jakarta,90,24,1,0,Budget Flight
12/12/25,Lion Air,11:15,13:15,1h 0m,0,673973.0,SUB,DPS,Economy,10,Bali,60,24,1,0,Budget Flight
12/12/25,Lion Air,11:20,11:20,1h 30m,0,1372621.0,SUB,CGK,Economy,10,Jakarta,90,24,1,0,Budget Flight
12/12/25,Lion Air,12:20,14:20,1h,0,666655.0,SUB,DPS,Economy,10,Bali,60,24,1,0,Budget Flight
12/12/25,Lion Air,13:30,15:00,1h 30m,0,992274.0,SUB,CGK,Economy,10,Jakarta,90,24,1,0,Budget Flight
12/12/25,Lion Air,13:55,13:55,1h 0m,0,575900.0,DPS,SUB,Economy,10,Surabaya,60,24,1,0,Budget Flight
12/12/25,Lion Air,14:40,16:10,1h 30m,0,992357.0,CGK,SUB,Economy,10,Surabaya,90,24,1,0,Budget Flight
12/12/25,Lion Air,14:40,14:40,4h 10m,1,2473956.0,DPS,SUB,Economy,20,Surabaya,250,24,1,0,Budget Flight
12/12/25,Lion Air,15:45,20:30,4h 45m,1,1646959.0,SRG,SUB,Economy,10,Surabaya,285,24,1,0,Budget Flight
12/12/25,Lion Air,17:05,19:05,1h 0m,0,757948.0,SUB,DPS,Economy,10,Bali,60,24,1,0,Budget Flight
12/12/25,Lion Air,17:50,19:50,1h 0m,0,786680.0,SUB,DPS,Economy,10,Bali,60,24,1,0,Budget Flight
12/12/25,Lion Air,18:50,20:20,1h 30m,0,992357.0,CGK,SUB,Economy,10,Surabaya,90,24,1,0,Budget Flight
12/12/25,Lion Air,19:45,19:45,1h 0m,0,531478.0,DPS,SUB,Economy,10,Surabaya,60,24,1,0,Budget Flight
12/12/25,Lion Air,20:00,21:30,1h 30m,0,949780.0,SUB,CGK,Economy,10,Jakarta,90,24,1,0,Budget Flight
12/12/25,Lion Air,20:30,20:30,1h 0m,0,546000.0,DPS,SUB,Economy,10,Surabaya,60,24,1,0,Budget Flight
12/12/25,Lion Air,21:00,22:30,1h 30m,0,949780.0,SUB,CGK,Economy,10,Jakarta,90,24,1,0,Budget Flight
12/12/25,"Lion Air , Super Air Jet",06:00,06:00,5h 50m,1,1931719.0,SUB,DPS,Economy,10,Bali,350,26,1,0,Budget Flight
12/12/25,"Lion Air , Super Air Jet",11:40,11:40,4h 30m,1,2236727.0,SRG,SUB,Economy,10,Surabaya,270,26,1,0,Budget Flight
12/12/25,"Lion Air , Wings Air",09:25,09:25,3h 15m,1,2304507.0,DPS,SUB,Economy,20,Surabaya,195,28,1,0,Budget Flight
12/12/25,Malaysia Airlines,04:25,10:20,4h 55m,1,1125400.0,CGK,SIN,Economy,20,Singapura,295,29,1,0,Budget Flight
12/12/25,Malaysia Airlines,06:00,17:05,12h 5m,1,6003235.0,SIN,SUB,Business,40,Surabaya,725,29,0,1,High-end Flight
12/12/25,Malaysia Airlines,09:55,09:55,8h 10m,1,6100166.0,SIN,SUB,Business,40,Surabaya,490,29,0,1,High-end Flight
12/12/25,Malaysia Airlines,10:00,16:40,5h 40m,1,5574100.0,SUB,SIN,Business,40,Singapura,340,29,0,1,High-end Flight
12/12/25,Malaysia Airlines,11:05,11:05,4h 35m,1,6794991.0,SIN,CGK,Business,40,Jakarta,275,29,0,1,High-end Flight
12/12/25,Malaysia Airlines,11:05,11:05,7h,1,6100166.0,SIN,SUB,Business,40,Surabaya,420,29,0,1,High-end Flight
12/12/25,Malaysia Airlines,12:55,12:55,5h 10m,1,6100166.0,SIN,SUB,Business,40,Surabaya,310,29,0,1,High-end Flight
12/12/25,Malaysia Airlines,18:05,18:05,5h 25m,1,9065609.0,SUB,SIN,Business,40,Singapura,325,29,0,1,High-end Flight
12/12/25,"Malaysia Airlines , Operated By Fy",22:30,22:30,11h 40m,1,6066277.0,SIN,SUB,Business,30,Surabaya,700,30,0,1,High-end Flight
12/12/25,Pelita Air,06:10,07:40,1h 30m,0,910764.0,SUB,CGK,Economy,10,Jakarta,90,31,1,0,Budget Flight
12/12/25,Pelita Air,06:40,08:15,1h 35m,0,966763.0,CGK,SUB,Economy,10,Surabaya,95,31,1,0,Budget Flight
12/12/25,Pelita Air,07:55,07:55,1h 50m,0,1084474.0,CGK,SIN,Economy,20,Singapura,110,31,1,0,Budget Flight
12/12/25,Pelita Air,08:30,08:30,1h 35m,0,1389482.0,CGK,SUB,Economy,20,Surabaya,95,31,1,0,Budget Flight
12/12/25,Pelita Air,09:00,16:55,6h 55m,1,5637280.0,SUB,DPS,Business,25,Bali,415,31,0,1,High-end Flight
12/12/25,Pelita Air,10:40,12:15,1h 35m,0,1003126.0,CGK,SUB,Economy,10,Surabaya,95,31,1,0,Budget Flight
12/12/25,Pelita Air,10:50,10:50,1h 35m,0,1525041.0,SUB,CGK,Economy,20,Jakarta,95,31,1,0,Budget Flight
12/12/25,Pelita Air,11:40,12:25,1h 45m,0,1575683.0,SIN,CGK,Economy,20,Jakarta,105,31,1,0,Budget Flight
12/12/25,Pelita Air,11:40,11:40,5h 20m,1,3067111.0,SIN,SUB,Economy,20,Surabaya,320,31,1,0,Budget Flight
12/12/25,Pelita Air,13:25,13:25,1h 30m,0,1423372.0,SUB,CGK,Economy,20,Jakarta,90,31,1,0,Budget Flight
12/12/25,Pelita Air,14:25,16:00,1h 35m,0,966763.0,CGK,SUB,Economy,10,Surabaya,95,31,1,0,Budget Flight
12/12/25,Scoot,07:30,07:30,2h 30m,0,1863939.0,SIN,SUB,Economy,10,Surabaya,150,33,1,0,Budget Flight
12/12/25,Scoot,07:55,07:55,1h 55m,0,2863772.0,SIN,CGK,Economy,10,Jakarta,115,33,1,0,Budget Flight
12/12/25,Scoot,09:35,12:25,1h 50m,0,970374.0,CGK,SIN,Economy,10,Singapura,110,33,1,0,Budget Flight
12/12/25,Scoot,09:45,13:05,2h 20m,0,1454330.0,SUB,SIN,Economy,10,Singapura,140,33,1,0,Budget Flight
12/12/25,Scoot,11:20,11:20,1h 45m,0,1016694.0,CGK,SIN,Economy,10,Singapura,105,33,1,0,Budget Flight
12/12/25,Scoot,17:00,18:30,2h 30m,0,1874485.0,SIN,SUB,Economy,10,Surabaya,150,33,1,0,Budget Flight
12/12/25,Scoot,18:25,19:20,1h 55m,0,2090971.0,SIN,CGK,Economy,10,Jakarta,115,33,1,0,Budget Flight
12/12/25,Scoot,19:30,23:00,2h 30m,0,1225258.0,SUB,SIN,Economy,10,Singapura,150,33,1,0,Budget Flight
12/12/25,Scoot,20:25,20:25,2h,0,2118196.0,SIN,CGK,Economy,10,Jakarta,120,33,1,0,Budget Flight
12/12/25,Scoot,22:10,22:10,1h 50m,0,1016694.0,CGK,SIN,Economy,10,Singapura,110,33,1,0,Budget Flight
12/12/25,Singapore Airlines,05:25,05:25,1h 40m,0,1016694.0,CGK,SIN,Business,40,Singapura,100,35,0,2,Mid-range Flight
12/12/25,Singapore Airlines,06:50,06:50,1h 45m,0,13250918.0,SIN,CGK,Business,40,Jakarta,105,35,0,1,High-end Flight
12/12/25,Singapore Airlines,07:40,07:40,1h 50m,0,13725375.0,SIN,CGK,Business,40,Jakarta,110,35,0,1,High-end Flight
12/12/25,Singapore Airlines,07:50,07:50,2h 30m,0,5303839.0,SIN,SUB,Economy,20,Surabaya,150,35,1,0,Budget Flight
12/12/25,Singapore Airlines,08:40,08:40,1h 40m,0,1016694.0,CGK,SIN,Business,40,Singapura,100,35,0,2,Mid-range Flight
12/12/25,Singapore Airlines,09:30,09:30,1h 45m,0,1016694.0,CGK,SIN,Business,40,Singapura,105,35,0,2,Mid-range Flight
12/12/25,Singapore Airlines,10:15,10:15,2h 20m,0,3795659.0,SUB,SIN,Economy,30,Singapura,140,35,1,0,Budget Flight
12/12/25,Singapore Airlines,14:10,14:10,2h 30m,0,4609015.0,SIN,SUB,Economy,30,Surabaya,150,35,1,0,Budget Flight
12/12/25,Singapore Airlines,15:15,15:15,1h 50m,0,12352921.0,SIN,CGK,Business,40,Jakarta,110,35,0,1,High-end Flight
12/12/25,Singapore Airlines,16:25,16:25,2h 25m,0,4609015.0,SIN,SUB,Economy,30,Surabaya,145,35,1,0,Budget Flight
12/12/25,Singapore Airlines,16:30,16:30,2h 25m,0,2457095.0,SUB,SIN,Economy,30,Singapura,145,35,1,0,Budget Flight
12/12/25,Singapore Airlines,17:00,17:00,1h 45m,0,1016694.0,CGK,SIN,Business,40,Singapura,105,35,0,2,Mid-range Flight
12/12/25,Singapore Airlines,18:10,18:10,1h 45m,0,1016694.0,CGK,SIN,Business,40,Singapura,105,35,0,2,Mid-range Flight
12/12/25,Singapore Airlines,18:40,18:40,2h 25m,0,4863272.0,SUB,SIN,Economy,30,Singapura,145,35,1,0,Budget Flight
12/12/25,Singapore Airlines,20:20,20:20,1h 45m,0,2236727.0,CGK,SIN,Business,40,Singapura,105,35,0,2,Mid-range Flight
12/12/25,Singapore Airlines,22:40,22:40,1h 45m,0,12369782.0,SIN,CGK,Business,40,Jakarta,105,35,0,1,High-end Flight
12/12/25,Super Air Jet,13:30,15:30,1h 0m,0,729068.0,SUB,DPS,Economy,15,Bali,60,36,1,0,Budget Flight
12/12/25,Super Air Jet,16:10,16:10,1h 0m,0,575900.0,DPS,SUB,Economy,10,Surabaya,60,36,1,0,Budget Flight
12/12/25,TransNusa,07:45,07:45,1h 55m,0,1016694.0,CGK,SIN,Economy,7,Singapura,115,37,1,0,Budget Flight
12/12/25,TransNusa,11:40,12:25,1h 45m,0,1644000.0,SIN,CGK,Economy,20,Jakarta,105,37,1,0,Budget Flight
12/12/25,TransNusa,11:45,11:45,1h 55m,0,1016694.0,CGK,SIN,Economy,7,Singapura,115,37,1,0,Budget Flight
12/12/25,TransNusa,15:30,15:30,1h 45m,0,2643405.0,SIN,CGK,Economy,15,Jakarta,105,37,1,0,Budget Flight
12/12/25,Wings Air,10:00,11:10,1h 10m,0,987654.0,SRG,SUB,Economy,10,Surabaya,70,38,1,0,Budget Flight
12/12/25,Wings Air,14:30,15:25,55m,0,857230.0,SUB,SRG,Economy,10,Semarang,55,38,1,0,Budget Flight
13/12/25,AirAsia,05:00,13:40,7h 40m,1,1821700.0,SUB,SIN,Economy,15,Singapura,460,0,1,0,Budget Flight
13/12/25,AirAsia,07:40,13:00,6h 20m,1,2060600.0,SIN,CGK,Economy,15,Jakarta,380,0,1,0,Budget Flight
13/12/25,AirAsia,08:25,08:25,1h 45m,0,2490984.0,CGK,SIN,Economy,20,Singapura,105,0,1,0,Budget Flight
13/12/25,AirAsia,11:10,11:10,1h 50m,0,1016694.0,CGK,SIN,Economy,20,Singapura,110,0,1,0,Budget Flight
13/12/25,AirAsia,11:20,18:00,5h 40m,1,1825500.0,SUB,SIN,Economy,15,Singapura,340,0,1,0,Budget Flight
13/12/25,AirAsia,11:50,12:35,1h 45m,0,924030.0,SIN,CGK,Economy,10,Jakarta,105,0,1,0,Budget Flight
13/12/25,AirAsia,12:10,12:10,6h,1,2389315.0,SIN,SUB,Economy,20,Surabaya,360,0,1,0,Budget Flight
13/12/25,AirAsia,13:25,07:05,16h 40m,1,1732500.0,SUB,SIN,Economy,15,Singapura,1000,0,1,0,Budget Flight
13/12/25,AirAsia,14:10,19:25,6h 15m,1,2387000.0,SIN,SUB,Economy,15,Surabaya,375,0,1,0,Budget Flight
13/12/25,AirAsia,14:40,15:30,1h 50m,0,1187800.0,SIN,CGK,Economy,15,Jakarta,110,0,1,0,Budget Flight
13/12/25,AirAsia,14:55,19:25,5h 30m,1,2233700.0,SIN,SUB,Economy,15,Surabaya,330,0,1,0,Budget Flight
13/12/25,AirAsia,16:30,19:20,1h 50m,0,920966.0,CGK,SIN,Economy,10,Singapura,110,0,1,0,Budget Flight
13/12/25,AirAsia,16:35,23:25,7h 50m,1,2387000.0,SIN,SUB,Economy,15,Surabaya,470,0,1,0,Budget Flight
13/12/25,AirAsia,17:40,09:05,14h 25m,1,1623200.0,SUB,SIN,Economy,15,Singapura,865,0,1,0,Budget Flight
13/12/25,AirAsia,18:35,18:35,5h 50m,1,2202838.0,SIN,SUB,Economy,20,Surabaya,350,0,1,0,Budget Flight
13/12/25,AirAsia,20:00,20:45,1h 45m,0,1388300.0,SIN,CGK,Economy,15,Jakarta,105,0,1,0,Budget Flight
13/12/25,"AirAsia , Batik Air",08:40,08:40,6h 30m,1,1931719.0,SUB,SIN,Economy,20,Singapura,390,1,1,0,Budget Flight
13/12/25,"AirAsia , Batik Air",12:30,12:30,5h 40m,1,2660434.0,SIN,SUB,Economy,20,Surabaya,340,1,1,0,Budget Flight
13/12/25,"AirAsia , Batik Air",13:25,13:25,6h 15m,1,1880968.0,SUB,SIN,Economy,20,Singapura,375,1,1,0,Budget Flight
13/12/25,"AirAsia , Batik Air",14:10,14:10,5h 55m,1,2626544.0,SIN,SUB,Economy,20,Surabaya,355,1,1,0,Budget Flight
13/12/25,"AirAsia , Citilink",12:45,19:30,7h 45m,1,2389695.0,SIN,SUB,Economy,30,Surabaya,465,2,1,0,Budget Flight
13/12/25,"AirAsia , Citilink",14:40,14:40,5h 40m,1,2660434.0,SIN,SUB,Economy,20,Surabaya,340,2,1,0,Budget Flight
13/12/25,"AirAsia , Lion Air",09:35,09:35,4h 40m,1,2152086.0,SUB,DPS,Economy,20,Bali,280,3,1,0,Budget Flight
13/12/25,"AirAsia , Lion Air",10:35,19:45,10h 10m,1,2346540.0,SIN,SUB,Economy,30,Surabaya,610,3,1,0,Budget Flight
13/12/25,"AirAsia , Lion Air",11:50,11:50,5h 20m,1,2643405.0,SIN,SUB,Economy,20,Surabaya,320,3,1,0,Budget Flight
13/12/25,"AirAsia , Lion Air",12:45,19:45,8h 0m,1,2346540.0,SIN,SUB,Economy,30,Surabaya,480,3,1,0,Budget Flight
13/12/25,"AirAsia , Lion Air",13:30,13:30,4h 50m,1,2304507.0,SUB,SIN,Economy,20,Singapura,290,3,1,0,Budget Flight
13/12/25,"AirAsia , Pelita Air",11:50,11:50,5h 10m,1,2728213.0,SIN,SUB,Economy,20,Surabaya,310,5,1,0,Budget Flight
13/12/25,"AirAsia , Pelita Air",14:40,14:40,5h 10m,1,2745075.0,SIN,SUB,Economy,20,Surabaya,310,5,1,0,Budget Flight
13/12/25,"AirAsia , Scoot",05:00,05:00,6h 45m,1,2423205.0,SIN,SUB,Economy,10,Surabaya,405,6,1,0,Budget Flight
13/12/25,"AirAsia , Scoot",13:25,13:25,6h,1,1830050.0,SUB,SIN,Economy,20,Singapura,360,6,1,0,Budget Flight
13/12/25,Batik Air,05:00,06:20,1h 20m,0,1767580.0,SUB,HLP,Business,30,Jakarta,80,8,0,2,Mid-range Flight
13/12/25,Batik Air,05:00,05:00,7h 45m,1,6913522.0,SUB,SIN,Business,30,Singapura,465,8,0,1,High-end Flight
13/12/25,Batik Air,05:05,06:35,1h 30m,0,1774538.0,SUB,CGK,Business,30,Jakarta,90,8,0,2,Mid-range Flight
13/12/25,Batik Air,05:05,13:35,7h 30m,1,5150280.0,SUB,DPS,Business,30,Bali,450,8,0,1,High-end Flight
13/12/25,Batik Air,05:05,15:15,9h 10m,1,5391180.0,SUB,SIN,Business,30,Singapura,550,8,0,1,High-end Flight
13/12/25,Batik Air,05:05,08:45,3h 40m,1,2065700.0,SUB,SRG,Economy,20,Semarang,220,8,1,0,Budget Flight
13/12/25,Batik Air,05:15,10:30,5h 15m,1,4910100.0,CGK,SIN,Business,10,Singapura,315,8,0,0,Budget Flight
13/12/25,Batik Air,05:15,07:15,1h 0m,0,727480.0,SUB,DPS,Economy,20,Bali,60,8,1,0,Budget Flight
13/12/25,Batik Air,05:15,16:30,10h 15m,1,4911900.0,SUB,SIN,Business,30,Singapura,615,8,0,1,High-end Flight
13/12/25,Batik Air,05:25,06:50,1h 25m,0,1763600.0,CGK,SUB,Business,30,Surabaya,85,8,0,2,Mid-range Flight
13/12/25,Batik Air,05:25,06:50,1h 25m,0,3412399.0,HLP,SUB,Business,30,Surabaya,85,8,0,2,Mid-range Flight
13/12/25,Batik Air,06:00,07:30,1h 30m,0,1211400.0,CGK,SUB,Economy,20,Surabaya,90,8,1,0,Budget Flight
13/12/25,Batik Air,06:20,08:20,1h 0m,0,762980.0,SUB,DPS,Economy,20,Bali,60,8,1,0,Budget Flight
13/12/25,Batik Air,06:20,16:30,9h 10m,1,4911900.0,SUB,SIN,Business,30,Singapura,550,8,0,1,High-end Flight
13/12/25,Batik Air,07:00,13:30,6h 30m,1,2064100.0,SRG,SUB,Economy,20,Surabaya,390,8,1,0,Budget Flight
13/12/25,Batik Air,07:30,07:30,1h 20m,0,3490651.0,SUB,HLP,Business,30,Jakarta,80,8,0,2,Mid-range Flight
13/12/25,Batik Air,07:30,07:30,7h 25m,1,4846243.0,SUB,SRG,Business,30,Semarang,445,8,0,1,High-end Flight
13/12/25,Batik Air,07:45,07:45,1h 45m,0,1863939.0,CGK,SIN,Economy,20,Singapura,105,8,1,0,Budget Flight
13/12/25,Batik Air,07:50,11:30,3h 40m,1,1982900.0,SUB,SRG,Economy,20,Semarang,220,8,1,0,Budget Flight
13/12/25,Batik Air,08:00,09:30,1h 30m,0,1214600.0,CGK,SUB,Economy,20,Surabaya,90,8,1,0,Budget Flight
13/12/25,Batik Air,08:30,08:30,1h 30m,0,1863939.0,SUB,CGK,Economy,20,Jakarta,90,8,1,0,Budget Flight
13/12/25,Batik Air,08:30,08:30,11h,1,6015525.0,SUB,SIN,Business,30,Singapura,660,8,0,1,High-end Flight
13/12/25,Batik Air,08:30,14:55,6h 25m,1,2065700.0,SUB,SRG,Economy,20,Semarang,385,8,1,0,Budget Flight
13/12/25,Batik Air,08:40,08:40,6h 30m,1,1813188.0,SUB,SIN,Economy,30,Singapura,390,8,1,0,Budget Flight
13/12/25,Batik Air,08:50,08:50,1h 25m,0,3456761.0,HLP,SUB,Business,30,Surabaya,85,8,0,2,Mid-range Flight
13/12/25,Batik Air,09:30,10:55,1h 25m,0,1763600.0,CGK,SUB,Business,30,Surabaya,85,8,0,2,Mid-range Flight
13/12/25,Batik Air,09:30,09:30,1h 25m,0,1830050.0,HLP,SUB,Economy,20,Surabaya,85,8,1,0,Budget Flight
13/12/25,Batik Air,09:30,13:30,4h 0m,1,2064100.0,SRG,SUB,Economy,20,Surabaya,240,8,1,0,Budget Flight
13/12/25,Batik Air,10:00,20:40,9h 40m,2,6863400.0,CGK,SIN,Business,30,Singapura,580,8,0,1,High-end Flight
13/12/25,Batik Air,10:10,11:40,1h 30m,0,1809600.0,SUB,CGK,Business,30,Jakarta,90,8,0,2,Mid-range Flight
13/12/25,Batik Air,10:10,20:30,9h 20m,1,5391180.0,SUB,SIN,Business,30,Singapura,560,8,0,1,High-end Flight
13/12/25,Batik Air,10:10,14:55,4h 45m,1,2071700.0,SUB,SRG,Economy,20,Semarang,285,8,1,0,Budget Flight
13/12/25,Batik Air,10:15,15:00,4h 45m,1,2064100.0,SRG,SUB,Economy,20,Surabaya,285,8,1,0,Budget Flight
13/12/25,Batik Air,10:55,10:55,1h 20m,0,1863939.0,SUB,HLP,Economy,20,Jakarta,80,8,1,0,Budget Flight
13/12/25,Batik Air,10:55,10:55,8h 35m,1,6913522.0,SUB,SIN,Business,30,Singapura,515,8,0,1,High-end Flight
13/12/25,Batik Air,10:55,10:55,6h 40m,1,4846243.0,SUB,SRG,Business,30,Semarang,400,8,0,1,High-end Flight
13/12/25,Batik Air,11:00,13:45,1h 45m,0,1009400.0,CGK,SIN,Economy,20,Singapura,105,8,1,0,Budget Flight
13/12/25,Batik Air,11:20,12:10,1h 50m,0,1428600.0,SIN,CGK,Economy,20,Jakarta,110,8,1,0,Budget Flight
13/12/25,Batik Air,11:20,16:50,6h 30m,1,6186907.0,SIN,SUB,Business,40,Surabaya,390,8,0,1,High-end Flight
13/12/25,Batik Air,11:35,12:55,1h 20m,0,1802380.0,SUB,CGK,Business,30,Jakarta,80,8,0,2,Mid-range Flight
13/12/25,Batik Air,11:35,12:55,1h 20m,0,1767580.0,SUB,HLP,Business,30,Jakarta,80,8,0,2,Mid-range Flight
13/12/25,Batik Air,11:35,11:35,7h 55m,1,6913522.0,SUB,SIN,Business,30,Singapura,475,8,0,1,High-end Flight
13/12/25,Batik Air,11:40,11:40,5h 10m,1,3846577.0,SRG,SUB,Business,30,Surabaya,310,8,0,2,Mid-range Flight
13/12/25,Batik Air,12:00,13:30,1h 30m,0,1217800.0,CGK,SUB,Economy,20,Surabaya,90,8,1,0,Budget Flight
13/12/25,Batik Air,12:15,12:15,4h 35m,1,3846577.0,SRG,SUB,Business,30,Surabaya,275,8,0,2,Mid-range Flight
13/12/25,Batik Air,12:30,12:30,1h 45m,0,1897829.0,CGK,SIN,Economy,20,Singapura,105,8,1,0,Budget Flight
13/12/25,Batik Air,12:30,19:10,7h 40m,1,5514900.0,SIN,CGK,Business,30,Jakarta,460,8,0,1,High-end Flight
13/12/25,Batik Air,12:30,19:05,7h 35m,1,2090000.0,SIN,SUB,Economy,30,Surabaya,455,8,1,0,Budget Flight
13/12/25,Batik Air,13:30,15:00,1h 30m,0,1217800.0,CGK,SUB,Economy,20,Surabaya,90,8,1,0,Budget Flight
13/12/25,Batik Air,13:35,15:00,1h 25m,0,1763600.0,CGK,SUB,Business,30,Surabaya,85,8,0,2,Mid-range Flight
13/12/25,Batik Air,13:35,13:35,1h 25m,0,1779298.0,HLP,SUB,Economy,20,Surabaya,85,8,1,0,Budget Flight
13/12/25,Batik Air,14:10,15:40,1h 30m,0,1774538.0,SUB,CGK,Business,30,Jakarta,90,8,0,2,Mid-range Flight
13/12/25,Batik Air,14:10,14:10,6h 50m,1,3863439.0,SUB,SRG,Business,30,Semarang,410,8,0,2,Mid-range Flight
13/12/25,Batik Air,14:45,15:35,1h 50m,0,1428600.0,SIN,CGK,Economy,20,Jakarta,110,8,1,0,Budget Flight
13/12/25,Batik Air,14:45,14:45,7h 55m,1,6862771.0,SIN,SUB,Business,30,Surabaya,475,8,0,1,High-end Flight
13/12/25,Batik Air,15:20,16:50,1h 30m,0,1214600.0,CGK,SUB,Economy,20,Surabaya,90,8,1,0,Budget Flight
13/12/25,Batik Air,15:35,15:35,5h 55m,1,3846577.0,SRG,SUB,Business,30,Surabaya,355,8,0,2,Mid-range Flight
13/12/25,Batik Air,15:40,17:00,1h 20m,0,1802380.0,SUB,CGK,Business,30,Jakarta,80,8,0,2,Mid-range Flight
13/12/25,Batik Air,15:40,17:00,1h 20m,0,1767580.0,SUB,HLP,Business,30,Jakarta,80,8,0,2,Mid-range Flight
13/12/25,Batik Air,15:50,17:15,1h 25m,0,1714185.0,HLP,SUB,Business,30,Surabaya,85,8,0,2,Mid-range Flight
13/12/25,Batik Air,16:00,17:30,1h 30m,0,1217800.0,CGK,SUB,Economy,20,Surabaya,90,8,1,0,Budget Flight
13/12/25,Batik Air,16:10,16:10,1h 50m,0,2253756.0,SIN,CGK,Economy,20,Jakarta,110,8,1,0,Budget Flight
13/12/25,Batik Air,16:10,16:10,6h 20m,1,6896661.0,SIN,SUB,Business,30,Surabaya,380,8,0,1,High-end Flight
13/12/25,Batik Air,16:15,21:30,6h 15m,1,6186907.0,SIN,SUB,Business,10,Surabaya,375,8,0,1,High-end Flight
13/12/25,Batik Air,16:25,17:55,1h 30m,0,1774538.0,SUB,CGK,Business,30,Jakarta,90,8,0,2,Mid-range Flight
13/12/25,Batik Air,16:25,21:00,4h 35m,1,2964100.0,SUB,SRG,Business,30,Semarang,275,8,0,2,Mid-range Flight
13/12/25,Batik Air,16:35,18:00,1h 25m,0,1183100.0,HLP,SUB,Economy,20,Surabaya,85,8,1,0,Budget Flight
13/12/25,Batik Air,17:00,18:30,1h 30m,0,1217800.0,CGK,SUB,Economy,20,Surabaya,90,8,1,0,Budget Flight
13/12/25,Batik Air,17:10,23:10,7h 0m,1,1920300.0,SIN,CGK,Economy,30,Jakarta,420,8,1,0,Budget Flight
13/12/25,Batik Air,17:30,18:20,1h 50m,0,1679600.0,SIN,CGK,Economy,20,Jakarta,110,8,1,0,Budget Flight
13/12/25,Batik Air,17:30,19:00,1h 30m,0,1002260.0,SUB,CGK,Economy,20,Jakarta,90,8,1,0,Budget Flight
13/12/25,Batik Air,17:45,20:30,1h 45m,0,1027600.0,CGK,SIN,Economy,20,Singapura,105,8,1,0,Budget Flight
13/12/25,Batik Air,17:55,19:15,1h 20m,0,1802380.0,SUB,CGK,Business,30,Jakarta,80,8,0,2,Mid-range Flight
13/12/25,Batik Air,17:55,19:15,1h 20m,0,1767580.0,SUB,HLP,Business,30,Jakarta,80,8,0,2,Mid-range Flight
13/12/25,Batik Air,18:10,19:40,1h 30m,0,1002260.0,SUB,CGK,Economy,20,Jakarta,90,8,1,0,Budget Flight
13/12/25,Batik Air,18:15,23:05,5h 50m,1,2104041.0,SIN,CGK,Economy,10,Jakarta,350,8,1,0,Budget Flight
13/12/25,Batik Air,18:30,21:15,1h 45m,0,1027600.0,CGK,SIN,Economy,20,Singapura,105,8,1,0,Budget Flight
13/12/25,Batik Air,18:40,20:00,1h 20m,0,1767580.0,SUB,HLP,Business,30,Jakarta,80,8,0,2,Mid-range Flight
13/12/25,Batik Air,18:45,18:45,1h 0m,0,727600.0,DPS,SUB,Economy,20,Surabaya,60,8,1,0,Budget Flight
13/12/25,Batik Air,19:15,20:45,1h 30m,0,1002260.0,SUB,CGK,Economy,20,Jakarta,90,8,1,0,Budget Flight
13/12/25,Batik Air,20:00,21:30,1h 30m,0,1758846.0,CGK,SUB,Business,30,Surabaya,90,8,0,2,Mid-range Flight
13/12/25,Batik Air,20:15,21:40,1h 25m,0,1714185.0,HLP,SUB,Business,30,Surabaya,85,8,0,2,Mid-range Flight
13/12/25,Batik Air,20:30,20:30,1h 0m,0,648434.0,DPS,SUB,Economy,20,Surabaya,60,8,1,0,Budget Flight
13/12/25,Batik Air,21:25,22:15,1h 50m,0,1679600.0,SIN,CGK,Economy,20,Jakarta,110,8,1,0,Budget Flight
13/12/25,Batik Air,21:25,07:30,11h 5m,1,6275900.0,SIN,SUB,Business,30,Surabaya,665,8,0,1,High-end Flight
13/12/25,Batik Air,22:10,23:00,1h 50m,0,1428600.0,SIN,CGK,Economy,20,Jakarta,110,8,1,0,Budget Flight
13/12/25,Batik Air,22:10,07:30,10h 20m,1,6275900.0,SIN,SUB,Business,30,Surabaya,620,8,0,1,High-end Flight
13/12/25,"Batik Air , Citilink",05:35,05:35,4h,1,2558764.0,SUB,SRG,Economy,20,Semarang,240,9,1,0,Budget Flight
13/12/25,"Batik Air , Citilink",09:30,09:30,4h 05m,1,2592654.0,SRG,SUB,Economy,15,Surabaya,245,9,1,0,Budget Flight
13/12/25,"Batik Air , Citilink",12:50,12:50,4h 45m,1,2558764.0,SUB,SRG,Economy,20,Semarang,285,9,1,0,Budget Flight
13/12/25,"Batik Air , Citilink",13:00,13:00,3h 50m,1,2880634.0,SRG,SUB,Economy,20,Surabaya,230,9,1,0,Budget Flight
13/12/25,"Batik Air , Citilink",15:35,15:35,3h 45m,1,2524874.0,SRG,SUB,Economy,20,Surabaya,225,9,1,0,Budget Flight
13/12/25,"Batik Air , Lion Air",06:20,20:10,13h 50m,1,1907640.0,SUB,SRG,Economy,20,Semarang,830,10,1,0,Budget Flight
13/12/25,"Batik Air , Lion Air",09:30,16:10,6h 40m,1,1645830.0,SRG,SUB,Economy,20,Surabaya,400,10,1,0,Budget Flight
13/12/25,"Batik Air , Lion Air",11:40,11:40,4h 30m,1,2558764.0,SRG,SUB,Economy,15,Surabaya,270,10,1,0,Budget Flight
13/12/25,"Batik Air , Lion Air",12:15,16:10,3h 55m,1,1645830.0,SRG,SUB,Economy,20,Surabaya,235,10,1,0,Budget Flight
13/12/25,"Batik Air , Lion Air",13:30,13:30,4h 05m,1,2592654.0,SUB,SRG,Economy,20,Semarang,245,10,1,0,Budget Flight
13/12/25,"Batik Air , Lion Air",15:35,15:35,4h 45m,1,2558764.0,SRG,SUB,Economy,15,Surabaya,285,10,1,0,Budget Flight
13/12/25,"Batik Air , Pelita Air",10:50,10:50,4h 05m,1,2660434.0,SUB,SRG,Economy,20,Semarang,245,11,1,0,Budget Flight
13/12/25,"Batik Air , Pelita Air",11:40,11:40,4h 20m,1,2626544.0,SRG,SUB,Economy,10,Surabaya,260,11,1,0,Budget Flight
13/12/25,"Batik Air , Pelita Air",12:15,12:15,3h 45m,1,2643405.0,SRG,SUB,Economy,15,Surabaya,225,11,1,0,Budget Flight
13/12/25,"Batik Air , Pelita Air",13:25,13:25,4h 10m,1,2711185.0,SUB,SRG,Economy,20,Semarang,250,11,1,0,Budget Flight
13/12/25,Citilink,05:35,07:10,1h 35m,0,1055000.0,SUB,CGK,Economy,15,Jakarta,95,12,1,0,Budget Flight
13/12/25,Citilink,05:35,16:15,10h 40m,1,1832900.0,SUB,SRG,Economy,15,Semarang,640,12,1,0,Budget Flight
13/12/25,Citilink,06:20,06:20,1h 50m,0,1016694.0,CGK,SIN,Economy,20,Singapura,110,12,1,0,Budget Flight
13/12/25,Citilink,07:00,07:00,1h 35m,0,1270951.0,CGK,SUB,Economy,15,Surabaya,95,12,1,0,Budget Flight
13/12/25,Citilink,07:05,07:10,1h 5m,0,746683.0,DPS,SUB,Economy,15,Surabaya,65,12,1,0,Budget Flight
13/12/25,Citilink,07:35,09:10,1h 35m,0,1055000.0,SUB,CGK,Economy,15,Jakarta,95,12,1,0,Budget Flight
13/12/25,Citilink,07:35,16:15,8h 40m,1,1832900.0,SUB,SRG,Economy,15,Semarang,520,12,1,0,Budget Flight
13/12/25,Citilink,09:10,10:45,1h 35m,0,1055000.0,SUB,CGK,Economy,15,Jakarta,95,12,1,0,Budget Flight
13/12/25,Citilink,10:10,11:00,1h 50m,0,1357500.0,SIN,CGK,Economy,15,Jakarta,110,12,1,0,Budget Flight
13/12/25,Citilink,10:10,19:20,10h 10m,1,2277700.0,SIN,SUB,Economy,15,Surabaya,610,12,1,0,Budget Flight
13/12/25,Citilink,10:25,12:00,1h 35m,0,1089500.0,CGK,SUB,Economy,15,Surabaya,95,12,1,0,Budget Flight
13/12/25,Citilink,11:20,19:10,7h 50m,1,2127825.0,SRG,SUB,Economy,10,Surabaya,470,12,1,0,Budget Flight
13/12/25,Citilink,12:00,13:35,1h 35m,0,1095300.0,CGK,SUB,Economy,15,Surabaya,95,12,1,0,Budget Flight
13/12/25,Citilink,12:45,14:50,1h 5m,0,786662.0,SUB,DPS,Economy,15,Bali,65,12,1,0,Budget Flight
13/12/25,Citilink,12:50,14:25,1h 35m,0,1055000.0,SUB,CGK,Economy,15,Jakarta,95,12,1,0,Budget Flight
13/12/25,Citilink,13:00,13:00,6h 20m,1,2033388.0,SRG,SUB,Economy,20,Surabaya,380,12,1,0,Budget Flight
13/12/25,Citilink,13:05,14:40,1h 35m,0,927183.0,CGK,SUB,Economy,10,Surabaya,95,12,1,0,Budget Flight
13/12/25,Citilink,14:10,15:45,1h 35m,0,1001400.0,SUB,CGK,Economy,15,Jakarta,95,12,1,0,Budget Flight
13/12/25,Citilink,15:10,16:45,1h 35m,0,927183.0,CGK,SUB,Economy,10,Surabaya,95,12,1,0,Budget Flight
13/12/25,Citilink,15:35,17:10,1h 35m,0,1055000.0,SUB,CGK,Economy,15,Jakarta,95,12,1,0,Budget Flight
13/12/25,Citilink,15:40,15:40,1h 05m,0,1067612.0,DPS,SUB,Economy,15,Surabaya,65,12,1,0,Budget Flight
13/12/25,Citilink,16:45,18:15,1h 30m,0,953313.0,HLP,SUB,Economy,10,Surabaya,90,12,1,0,Budget Flight
13/12/25,Citilink,16:45,20:40,3h 55m,1,1872800.0,SRG,SUB,Economy,15,Surabaya,235,12,1,0,Budget Flight
13/12/25,Citilink,16:45,16:45,1h 05m,0,1067612.0,SUB,DPS,Economy,15,Bali,65,12,1,0,Budget Flight
13/12/25,Citilink,17:10,20:00,1h 50m,0,996597.0,CGK,SIN,Economy,10,Singapura,110,12,1,0,Budget Flight
13/12/25,Citilink,17:45,19:20,1h 35m,0,927183.0,CGK,SUB,Economy,10,Surabaya,95,12,1,0,Budget Flight
13/12/25,Citilink,19:25,19:30,1h 5m,0,749900.0,DPS,SUB,Economy,15,Surabaya,65,12,1,0,Budget Flight
13/12/25,Citilink,19:45,19:45,1h 05m,0,1067612.0,SUB,DPS,Economy,15,Bali,65,12,1,0,Budget Flight
13/12/25,Citilink,20:50,22:25,1h 35m,0,1006732.0,SUB,CGK,Economy,10,Jakarta,95,12,1,0,Budget Flight
13/12/25,Citilink,21:00,21:50,1h 50m,0,1423100.0,SIN,CGK,Economy,15,Jakarta,110,12,1,0,Budget Flight
13/12/25,"Citilink , Garuda Indonesia",12:50,12:50,4h 10m,1,2694323.0,SUB,SRG,Economy,20,Semarang,250,13,1,0,Budget Flight
13/12/25,"Citilink , Garuda Indonesia",15:25,15:25,5h 15m,1,2355425.0,SRG,SUB,Economy,20,Surabaya,315,13,1,0,Budget Flight
13/12/25,"Citilink , Koninklijke Luchtvaart Maatschappij",16:45,16:45,6h 25m,1,1880968.0,SUB,SIN,Economy,20,Singapura,385,14,1,0,Budget Flight
13/12/25,"Citilink , Lion Air",07:40,07:40,4h 50m,1,2321535.0,SUB,SRG,Economy,10,Semarang,290,15,1,0,Budget Flight
13/12/25,"Citilink , Lion Air",09:15,09:15,3h 30m,1,2355425.0,SUB,SRG,Economy,10,Semarang,210,15,1,0,Budget Flight
13/12/25,"Citilink , Lion Air",12:45,20:10,7h 25m,1,1902075.0,SUB,SRG,Economy,15,Semarang,445,15,1,0,Budget Flight
13/12/25,"Citilink , Lion Air",13:25,19:10,5h 45m,1,1852410.0,SRG,SUB,Economy,10,Surabaya,345,15,1,0,Budget Flight
13/12/25,"Citilink , Lion Air",16:45,16:45,3h 25m,1,2202838.0,SUB,SRG,Economy,10,Semarang,205,15,1,0,Budget Flight
13/12/25,Garuda Indonesia,05:10,05:10,3h 50m,1,6676293.0,SUB,SRG,Business,30,Semarang,230,19,0,1,High-end Flight
13/12/25,Garuda Indonesia,05:50,08:35,1h 45m,0,1617100.0,CGK,SIN,Economy,30,Singapura,105,19,1,0,Budget Flight
13/12/25,Garuda Indonesia,06:50,08:25,1h 35m,0,5493700.0,CGK,SUB,Business,30,Surabaya,95,19,0,2,Mid-range Flight
13/12/25,Garuda Indonesia,06:55,07:55,2h 0m,0,2806458.0,SIN,CGK,Economy,30,Jakarta,120,19,1,0,Budget Flight
13/12/25,Garuda Indonesia,07:00,13:45,7h 45m,1,7667300.0,DPS,SUB,Business,30,Surabaya,465,19,0,1,High-end Flight
13/12/25,Garuda Indonesia,07:05,14:30,7h 25m,1,5561400.0,SRG,SUB,Business,30,Surabaya,445,19,0,1,High-end Flight
13/12/25,Garuda Indonesia,07:05,10:25,2h 20m,0,2575038.0,SUB,SIN,Economy,30,Singapura,140,19,1,0,Budget Flight
13/12/25,Garuda Indonesia,08:55,08:55,2h,0,2067278.0,CGK,SIN,Business,40,Singapura,120,19,0,2,Mid-range Flight
13/12/25,Garuda Indonesia,09:20,09:20,1h,0,1542070.0,SUB,DPS,Economy,20,Bali,60,19,1,0,Budget Flight
13/12/25,Garuda Indonesia,09:20,18:45,9h 25m,3,8675900.0,SUB,SRG,Business,30,Semarang,565,19,0,1,High-end Flight
13/12/25,Garuda Indonesia,09:35,09:35,2h,0,11624207.0,SIN,CGK,Business,40,Jakarta,120,19,0,1,High-end Flight
13/12/25,Garuda Indonesia,09:45,13:45,4h 0m,1,2484800.0,SRG,SUB,Economy,20,Surabaya,240,19,1,0,Budget Flight
13/12/25,Garuda Indonesia,11:30,11:30,1h 50m,0,1897829.0,CGK,SIN,Business,40,Singapura,110,19,0,2,Mid-range Flight
13/12/25,Garuda Indonesia,11:35,13:10,1h 35m,0,5491400.0,SUB,CGK,Business,30,Jakarta,95,19,0,2,Mid-range Flight
13/12/25,Garuda Indonesia,11:35,17:00,5h 25m,1,10196200.0,SUB,SRG,Business,30,Semarang,325,19,0,1,High-end Flight
13/12/25,Garuda Indonesia,12:05,13:45,1h 40m,0,5493700.0,CGK,SUB,Business,30,Surabaya,100,19,0,2,Mid-range Flight
13/12/25,Garuda Indonesia,12:05,17:40,6h 35m,2,14103800.0,DPS,SUB,Business,30,Surabaya,395,19,0,1,High-end Flight
13/12/25,Garuda Indonesia,12:50,17:40,4h 50m,1,10196000.0,SRG,SUB,Business,30,Surabaya,290,19,0,1,High-end Flight
13/12/25,Garuda Indonesia,13:25,19:10,6h 45m,1,7667300.0,DPS,SUB,Business,30,Surabaya,405,19,0,1,High-end Flight
13/12/25,Garuda Indonesia,14:00,15:35,1h 35m,0,5493700.0,CGK,SUB,Business,30,Surabaya,95,19,0,2,Mid-range Flight
13/12/25,Garuda Indonesia,14:35,16:10,1h 35m,0,5491400.0,SUB,CGK,Business,30,Jakarta,95,19,0,2,Mid-range Flight
13/12/25,Garuda Indonesia,14:35,18:45,4h 10m,1,10196200.0,SUB,SRG,Business,30,Semarang,250,19,0,1,High-end Flight
13/12/25,Garuda Indonesia,14:50,16:25,1h 35m,0,5493700.0,CGK,SUB,Business,30,Surabaya,95,19,0,2,Mid-range Flight
13/12/25,Garuda Indonesia,15:15,16:45,1h 30m,0,1386641.0,SUB,HLP,Economy,20,Jakarta,90,19,1,0,Budget Flight
13/12/25,Garuda Indonesia,15:25,14:30,23h 5m,1,2484700.0,SRG,SUB,Economy,20,Surabaya,1385,19,1,1,High-end Flight
13/12/25,Garuda Indonesia,16:30,18:10,1h 40m,0,5491400.0,SUB,CGK,Business,30,Jakarta,100,19,0,2,Mid-range Flight
13/12/25,Garuda Indonesia,16:30,09:00,16h 30m,1,10196200.0,SUB,SRG,Business,30,Semarang,990,19,0,1,High-end Flight
13/12/25,Garuda Indonesia,16:55,17:10,1h 15m,0,748400.0,DPS,SUB,Economy,20,Surabaya,75,19,1,0,Budget Flight
13/12/25,Garuda Indonesia,17:10,18:45,1h 35m,0,5491400.0,SUB,CGK,Business,30,Jakarta,95,19,0,2,Mid-range Flight
13/12/25,Garuda Indonesia,17:10,09:00,15h 50m,1,10196200.0,SUB,SRG,Business,30,Semarang,950,19,0,1,High-end Flight
13/12/25,Garuda Indonesia,17:30,19:10,1h 40m,0,2801000.0,CGK,SUB,Business,30,Surabaya,100,19,0,2,Mid-range Flight
13/12/25,Garuda Indonesia,18:00,19:40,1h 40m,0,2801000.0,CGK,SUB,Business,30,Surabaya,100,19,0,2,Mid-range Flight
13/12/25,Garuda Indonesia,18:00,14:30,20h 30m,1,2484700.0,SRG,SUB,Economy,20,Surabaya,1230,19,1,1,High-end Flight
13/12/25,Garuda Indonesia,18:00,19:35,1h 35m,0,5491400.0,SUB,CGK,Business,30,Jakarta,95,19,0,2,Mid-range Flight
13/12/25,Garuda Indonesia,18:30,20:10,1h 40m,0,2801000.0,CGK,SUB,Business,30,Surabaya,100,19,0,2,Mid-range Flight
13/12/25,Garuda Indonesia,18:55,18:55,2h,0,2185976.0,CGK,SIN,Business,40,Singapura,120,19,0,2,Mid-range Flight
13/12/25,Garuda Indonesia,19:00,20:35,1h 35m,0,5491400.0,SUB,CGK,Business,30,Jakarta,95,19,0,2,Mid-range Flight
13/12/25,Garuda Indonesia,20:05,21:45,1h 40m,0,5491400.0,SUB,CGK,Business,30,Jakarta,100,19,0,2,Mid-range Flight
13/12/25,Garuda Indonesia,20:15,21:50,1h 35m,0,1433603.0,CGK,SUB,Economy,20,Surabaya,95,19,1,0,Budget Flight
13/12/25,Garuda Indonesia,21:30,22:35,2h 5m,0,11316693.0,SIN,CGK,Business,40,Jakarta,125,19,0,1,High-end Flight
13/12/25,Garuda Indonesia,21:30,14:30,18h 0m,1,15163300.0,SIN,SUB,Business,40,Surabaya,1080,19,0,1,High-end Flight
13/12/25,"Garuda Indonesia , Lion Air",15:25,15:25,4h 55m,1,2389315.0,SRG,SUB,Economy,10,Surabaya,295,20,1,0,Budget Flight
13/12/25,"Garuda Indonesia , Pelita Air",10:50,10:50,3h 50m,1,2728213.0,SUB,SRG,Economy,20,Semarang,230,21,1,0,Budget Flight
13/12/25,"Koninklijke Luchtvaart Maatschappij , Lion Air",17:05,17:05,6h 05m,1,1830050.0,SUB,SIN,Economy,20,Singapura,365,23,1,0,Budget Flight
13/12/25,Lion Air,03:30,05:00,1h 30m,0,867438.0,CGK,SUB,Economy,10,Surabaya,90,24,1,0,Budget Flight
13/12/25,Lion Air,07:00,07:00,1h 0m,0,612837.0,DPS,SUB,Economy,10,Surabaya,60,24,1,0,Budget Flight
13/12/25,Lion Air,07:00,10:35,3h 35m,1,1786400.0,SRG,SUB,Economy,10,Surabaya,215,24,1,0,Budget Flight
13/12/25,Lion Air,07:40,09:10,1h 30m,0,939300.0,SUB,CGK,Economy,10,Jakarta,90,24,1,0,Budget Flight
13/12/25,Lion Air,07:55,09:55,1h 0m,0,566049.0,SUB,DPS,Economy,10,Bali,60,24,1,0,Budget Flight
13/12/25,Lion Air,07:55,15:00,7h 5m,1,1575080.0,SUB,SRG,Economy,10,Semarang,425,24,1,0,Budget Flight
13/12/25,Lion Air,08:20,08:20,4h 25m,1,2185976.0,SUB,DPS,Economy,15,Bali,265,24,1,0,Budget Flight
13/12/25,Lion Air,08:20,08:20,4h 25m,1,1965609.0,SUB,SRG,Economy,10,Semarang,265,24,1,0,Budget Flight
13/12/25,Lion Air,09:00,10:30,1h 30m,0,867438.0,CGK,SUB,Economy,10,Surabaya,90,24,1,0,Budget Flight
13/12/25,Lion Air,09:55,11:55,1h,0,582914.0,SUB,DPS,Economy,10,Bali,60,24,1,0,Budget Flight
13/12/25,Lion Air,09:55,15:00,5h 5m,1,1575080.0,SUB,SRG,Economy,10,Semarang,305,24,1,0,Budget Flight
13/12/25,Lion Air,10:35,10:35,1h 0m,0,641635.0,DPS,SUB,Economy,10,Surabaya,60,24,1,0,Budget Flight
13/12/25,Lion Air,10:50,12:20,1h 30m,0,921031.0,CGK,SUB,Economy,10,Surabaya,90,24,1,0,Budget Flight
13/12/25,Lion Air,11:15,13:15,1h 0m,0,566049.0,SUB,DPS,Economy,10,Bali,60,24,1,0,Budget Flight
13/12/25,Lion Air,11:15,15:00,3h 45m,1,1475811.0,SUB,SRG,Economy,10,Semarang,225,24,1,0,Budget Flight
13/12/25,Lion Air,11:20,12:50,1h 30m,0,939300.0,SUB,CGK,Economy,10,Jakarta,90,24,1,0,Budget Flight
13/12/25,Lion Air,12:20,14:20,1h 0m,0,566049.0,SUB,DPS,Economy,10,Bali,60,24,1,0,Budget Flight
13/12/25,Lion Air,12:20,20:10,7h 50m,1,1603400.0,SUB,SRG,Economy,10,Semarang,470,24,1,0,Budget Flight
13/12/25,Lion Air,13:30,15:00,1h 30m,0,958487.0,SUB,CGK,Economy,10,Jakarta,90,24,1,0,Budget Flight
13/12/25,Lion Air,13:55,13:55,1h 0m,0,624683.0,DPS,SUB,Economy,10,Surabaya,60,24,1,0,Budget Flight
13/12/25,Lion Air,14:40,16:10,1h 30m,0,815128.0,CGK,SUB,Economy,10,Surabaya,90,24,1,0,Budget Flight
13/12/25,Lion Air,17:00,18:30,1h 30m,0,939300.0,SUB,CGK,Economy,10,Jakarta,90,24,1,0,Budget Flight
13/12/25,Lion Air,17:05,19:05,1h 0m,0,566049.0,SUB,DPS,Economy,10,Bali,60,24,1,0,Budget Flight
13/12/25,Lion Air,17:50,19:50,1h 0m,0,594100.0,SUB,DPS,Economy,10,Bali,60,24,1,0,Budget Flight
13/12/25,Lion Air,18:50,20:20,1h 30m,0,867438.0,CGK,SUB,Economy,10,Surabaya,90,24,1,0,Budget Flight
13/12/25,Lion Air,19:45,19:45,1h 0m,0,582801.0,DPS,SUB,Economy,10,Surabaya,60,24,1,0,Budget Flight
13/12/25,Lion Air,20:00,21:30,1h 30m,0,903926.0,SUB,CGK,Economy,10,Jakarta,90,24,1,0,Budget Flight
13/12/25,Lion Air,20:30,20:30,1h,0,589891.0,DPS,SUB,Economy,10,Surabaya,60,24,1,0,Budget Flight
13/12/25,Lion Air,21:00,22:30,1h 30m,0,903926.0,SUB,CGK,Economy,10,Jakarta,90,24,1,0,Budget Flight
13/12/25,"Lion Air , Scoot",07:15,19:45,13h 30m,1,2278395.0,SIN,SUB,Economy,30,Surabaya,810,25,1,1,High-end Flight
13/12/25,"Lion Air , Super Air Jet",13:30,20:10,6h 40m,1,1839180.0,SUB,SRG,Economy,10,Semarang,400,26,1,0,Budget Flight
13/12/25,"Lion Air , Wings Air",06:00,06:00,2h 25m,1,2304507.0,SUB,DPS,Economy,10,Bali,145,28,1,0,Budget Flight
13/12/25,"Lion Air , Wings Air",07:10,07:10,3h 35m,1,2304507.0,SUB,DPS,Economy,10,Bali,215,28,1,0,Budget Flight
13/12/25,"Lion Air , Wings Air",07:30,07:30,2h 20m,1,2236727.0,DPS,SUB,Economy,10,Surabaya,140,28,1,0,Budget Flight
13/12/25,"Lion Air , Wings Air",09:25,09:25,3h 15m,1,2304507.0,DPS,SUB,Economy,10,Surabaya,195,28,1,0,Budget Flight
13/12/25,"Lion Air , Wings Air",09:50,09:50,2h 50m,1,2304507.0,DPS,SUB,Economy,10,Surabaya,170,28,1,0,Budget Flight
13/12/25,Malaysia Airlines,04:25,10:20,4h 55m,1,6915521.0,CGK,SIN,Business,40,Singapura,295,29,0,1,High-end Flight
13/12/25,Malaysia Airlines,06:00,14:50,9h 50m,1,6003235.0,SIN,SUB,Business,20,Surabaya,590,29,0,1,High-end Flight
13/12/25,Malaysia Airlines,09:40,16:40,6h 0m,1,6915521.0,CGK,SIN,Business,40,Singapura,360,29,0,1,High-end Flight
13/12/25,Malaysia Airlines,09:55,14:40,5h 45m,1,6554331.0,SIN,CGK,Business,40,Jakarta,345,29,0,1,High-end Flight
13/12/25,Malaysia Airlines,09:55,09:55,8h 10m,1,6100166.0,SIN,SUB,Business,40,Surabaya,490,29,0,1,High-end Flight
13/12/25,Malaysia Airlines,10:00,18:35,7h 35m,1,1509000.0,SUB,SIN,Economy,20,Singapura,455,29,1,0,Budget Flight
13/12/25,Malaysia Airlines,11:05,14:40,4h 35m,1,6554331.0,SIN,CGK,Business,40,Jakarta,275,29,0,1,High-end Flight
13/12/25,Malaysia Airlines,11:05,11:05,7h,1,6100166.0,SIN,SUB,Business,40,Surabaya,420,29,0,1,High-end Flight
13/12/25,Malaysia Airlines,11:10,16:40,4h 30m,1,6915521.0,CGK,SIN,Business,40,Singapura,270,29,0,1,High-end Flight
13/12/25,Malaysia Airlines,13:40,17:30,4h 50m,1,6554331.0,SIN,CGK,Business,40,Jakarta,290,29,0,1,High-end Flight
13/12/25,Malaysia Airlines,15:40,00:30,7h 50m,1,6915521.0,CGK,SIN,Business,40,Singapura,470,29,0,1,High-end Flight
13/12/25,Malaysia Airlines,15:50,00:30,7h 40m,1,1815300.0,SUB,SIN,Economy,20,Singapura,460,29,1,0,Budget Flight
13/12/25,Malaysia Airlines,17:25,09:10,16h 45m,1,11155094.0,SIN,SUB,Business,40,Surabaya,1005,29,0,1,High-end Flight
13/12/25,Malaysia Airlines,18:25,00:30,5h 5m,1,6915521.0,CGK,SIN,Business,40,Singapura,305,29,0,1,High-end Flight
13/12/25,Malaysia Airlines,21:20,08:30,12h 10m,1,6554331.0,SIN,CGK,Business,40,Jakarta,730,29,0,1,High-end Flight
13/12/25,"Malaysia Airlines , Operated By Fy",22:30,22:30,11h 40m,1,6066277.0,SIN,SUB,Business,30,Surabaya,700,30,0,1,High-end Flight
13/12/25,Pelita Air,06:10,07:40,1h 30m,0,1018000.0,SUB,CGK,Economy,20,Jakarta,90,31,1,0,Budget Flight
13/12/25,Pelita Air,07:55,07:55,1h 50m,0,2287646.0,CGK,SIN,Economy,20,Singapura,110,31,1,0,Budget Flight
13/12/25,Pelita Air,08:30,08:30,1h 35m,0,1389482.0,CGK,SUB,Economy,20,Surabaya,95,31,1,0,Budget Flight
13/12/25,Pelita Air,09:00,09:00,1h 35m,0,1338731.0,SUB,CGK,Economy,20,Jakarta,95,31,1,0,Budget Flight
13/12/25,Pelita Air,10:40,12:15,1h 35m,0,1179000.0,CGK,SUB,Economy,20,Surabaya,95,31,1,0,Budget Flight
13/12/25,Pelita Air,10:50,12:25,1h 35m,0,1112300.0,SUB,CGK,Economy,20,Jakarta,95,31,1,0,Budget Flight
13/12/25,Pelita Air,11:40,12:25,1h 45m,0,1473900.0,SIN,CGK,Economy,20,Jakarta,105,31,1,0,Budget Flight
13/12/25,Pelita Air,13:25,14:55,1h 30m,0,1142500.0,SUB,CGK,Economy,20,Jakarta,90,31,1,0,Budget Flight
13/12/25,Pelita Air,14:25,14:25,1h 35m,0,1389482.0,CGK,SUB,Economy,20,Surabaya,95,31,1,0,Budget Flight
13/12/25,Pelita Air,17:15,18:50,1h 35m,0,874532.0,CGK,SUB,Economy,10,Surabaya,95,31,1,0,Budget Flight
13/12/25,Pelita Air,18:25,20:00,1h 35m,0,916558.0,SUB,CGK,Economy,10,Jakarta,95,31,1,0,Budget Flight
13/12/25,Scoot,07:30,07:30,2h 30m,0,1711519.0,SIN,SUB,Economy,10,Surabaya,150,33,1,0,Budget Flight
13/12/25,Scoot,07:55,07:55,1h 55m,0,1863939.0,SIN,CGK,Economy,10,Jakarta,115,33,1,0,Budget Flight
13/12/25,Scoot,09:35,12:25,1h 50m,0,945116.0,CGK,SIN,Economy,10,Singapura,110,33,1,0,Budget Flight
13/12/25,Scoot,09:45,09:45,2h 20m,0,1677629.0,SUB,SIN,Economy,10,Singapura,140,33,1,0,Budget Flight
13/12/25,Scoot,11:20,11:20,1h 45m,0,1016694.0,CGK,SIN,Economy,10,Singapura,105,33,1,0,Budget Flight
13/12/25,Scoot,17:00,17:00,2h 30m,0,2253756.0,SIN,SUB,Economy,10,Surabaya,150,33,1,0,Budget Flight
13/12/25,Scoot,18:25,18:25,1h 55m,0,2168948.0,SIN,CGK,Economy,10,Jakarta,115,33,1,0,Budget Flight
13/12/25,Scoot,19:30,19:30,2h 30m,0,1237061.0,SUB,SIN,Economy,10,Singapura,150,33,1,0,Budget Flight
13/12/25,Scoot,20:10,20:10,1h 50m,0,1016694.0,CGK,SIN,Economy,10,Singapura,110,33,1,0,Budget Flight
13/12/25,"Scoot , Super Air Jet",07:15,16:10,9h 55m,1,2294460.0,SIN,SUB,Economy,30,Surabaya,595,34,1,0,Budget Flight
13/12/25,Singapore Airlines,05:25,05:25,1h 40m,0,2033388.0,CGK,SIN,Business,40,Singapura,100,35,0,2,Mid-range Flight
13/12/25,Singapore Airlines,06:50,07:35,1h 45m,0,12941606.0,SIN,CGK,Business,40,Jakarta,105,35,0,1,High-end Flight
13/12/25,Singapore Airlines,07:40,07:40,1h 50m,0,12674791.0,SIN,CGK,Business,40,Jakarta,110,35,0,1,High-end Flight
13/12/25,Singapore Airlines,07:50,09:20,2h 30m,0,3048221.0,SIN,SUB,Economy,30,Surabaya,150,35,1,0,Budget Flight
13/12/25,Singapore Airlines,08:40,08:40,1h 40m,0,2185976.0,CGK,SIN,Business,40,Singapura,100,35,0,2,Mid-range Flight
13/12/25,Singapore Airlines,09:20,09:20,1h 55m,0,13725375.0,SIN,CGK,Business,40,Jakarta,115,35,0,1,High-end Flight
13/12/25,Singapore Airlines,09:30,09:30,1h 45m,0,1982637.0,CGK,SIN,Business,40,Singapura,105,35,0,2,Mid-range Flight
13/12/25,Singapore Airlines,10:15,10:15,2h 20m,0,2457095.0,SUB,SIN,Economy,30,Singapura,140,35,1,0,Budget Flight
13/12/25,Singapore Airlines,12:30,12:30,1h 50m,0,12827378.0,SIN,CGK,Business,40,Jakarta,110,35,0,1,High-end Flight
13/12/25,Singapore Airlines,14:10,14:10,2h 30m,0,19452754.0,SIN,SUB,Business,40,Surabaya,150,35,0,1,High-end Flight
13/12/25,Singapore Airlines,15:15,15:15,1h 50m,0,13250918.0,SIN,CGK,Business,40,Jakarta,110,35,0,1,High-end Flight
13/12/25,Singapore Airlines,16:10,16:10,1h 55m,0,12810350.0,SIN,CGK,Business,40,Jakarta,115,35,0,1,High-end Flight
13/12/25,Singapore Airlines,16:25,16:25,2h 25m,0,5303839.0,SIN,SUB,Economy,30,Surabaya,145,35,1,0,Budget Flight
13/12/25,Singapore Airlines,16:30,16:30,2h 25m,0,2457095.0,SUB,SIN,Economy,30,Singapura,145,35,1,0,Budget Flight
13/12/25,Singapore Airlines,17:00,17:00,1h 45m,0,2507846.0,CGK,SIN,Business,40,Singapura,105,35,0,2,Mid-range Flight
13/12/25,Singapore Airlines,17:20,17:20,1h 45m,0,13725375.0,SIN,CGK,Business,40,Jakarta,105,35,0,1,High-end Flight
13/12/25,Singapore Airlines,18:10,18:10,1h 45m,0,2338397.0,CGK,SIN,Business,40,Singapura,105,35,0,2,Mid-range Flight
13/12/25,Singapore Airlines,18:40,19:25,1h 45m,0,13580544.0,SIN,CGK,Business,40,Jakarta,105,35,0,1,High-end Flight
13/12/25,Singapore Airlines,18:40,18:40,2h 25m,0,2457095.0,SUB,SIN,Economy,30,Singapura,145,35,1,0,Budget Flight
13/12/25,Singapore Airlines,20:20,20:20,1h 45m,0,2389315.0,CGK,SIN,Business,40,Singapura,105,35,0,2,Mid-range Flight
13/12/25,Super Air Jet,13:30,15:30,1h 0m,0,548084.0,SUB,DPS,Economy,15,Bali,60,36,1,0,Budget Flight
13/12/25,Super Air Jet,16:10,16:10,1h 0m,0,576698.0,DPS,SUB,Economy,15,Surabaya,60,36,1,0,Budget Flight
13/12/25,TransNusa,07:45,10:40,1h 55m,0,1004118.0,CGK,SIN,Economy,20,Singapura,115,37,1,0,Budget Flight
13/12/25,TransNusa,11:40,12:25,1h 45m,0,1280700.0,SIN,CGK,Economy,20,Jakarta,105,37,1,0,Budget Flight
13/12/25,TransNusa,11:45,14:40,1h 55m,0,1049000.0,CGK,SIN,Economy,20,Singapura,115,37,1,0,Budget Flight
13/12/25,TransNusa,15:30,16:15,1h 45m,0,1374700.0,SIN,CGK,Economy,20,Jakarta,105,37,1,0,Budget Flight
13/12/25,Wings Air,10:00,11:10,1h 10m,0,851680.0,SRG,SUB,Economy,10,Surabaya,70,38,1,0,Budget Flight
13/12/25,Wings Air,11:40,12:35,55m,0,804482.0,SUB,SRG,Economy,10,Semarang,55,38,1,0,Budget Flight
13/12/25,Wings Air,14:30,15:25,55m,0,953900.0,SUB,SRG,Economy,30,Semarang,55,38,1,0,Budget Flight
14/12/25,AirAsia,05:00,05:00,5h 35m,1,1897829.0,SUB,SIN,Economy,20,Singapura,335,0,1,0,Budget Flight
14/12/25,AirAsia,05:10,15:15,9h 5m,1,1764840.0,SUB,DPS,Economy,15,Bali,545,0,1,0,Budget Flight
14/12/25,AirAsia,07:40,19:25,12h 45m,1,2518500.0,SIN,SUB,Economy,15,Surabaya,765,0,1,0,Budget Flight
14/12/25,AirAsia,08:25,08:25,1h 45m,0,2524874.0,CGK,SIN,Economy,20,Singapura,105,0,1,0,Budget Flight
14/12/25,AirAsia,08:55,19:25,11h 30m,1,2767600.0,SIN,SUB,Economy,15,Surabaya,690,0,1,0,Budget Flight
14/12/25,AirAsia,11:10,14:00,1h 50m,0,925792.0,CGK,SIN,Economy,10,Singapura,110,0,1,0,Budget Flight
14/12/25,AirAsia,11:20,21:55,9h 35m,1,1719100.0,SUB,SIN,Economy,15,Singapura,575,0,1,0,Budget Flight
14/12/25,AirAsia,11:50,12:35,1h 45m,0,1356900.0,SIN,CGK,Economy,15,Jakarta,105,0,1,0,Budget Flight
14/12/25,AirAsia,12:10,12:10,6h,1,2558764.0,SIN,SUB,Economy,20,Surabaya,360,0,1,0,Budget Flight
14/12/25,AirAsia,13:25,21:55,7h 30m,1,1630000.0,SUB,SIN,Economy,15,Singapura,450,0,1,0,Budget Flight
14/12/25,AirAsia,14:10,19:25,6h 15m,1,2513700.0,SIN,SUB,Economy,15,Surabaya,375,0,1,0,Budget Flight
14/12/25,AirAsia,14:40,15:30,1h 50m,0,1382600.0,SIN,CGK,Economy,15,Jakarta,110,0,1,0,Budget Flight
14/12/25,AirAsia,14:55,14:55,5h 30m,1,2389315.0,SIN,SUB,Economy,20,Surabaya,330,0,1,0,Budget Flight
14/12/25,AirAsia,16:30,16:30,1h 50m,0,2101168.0,CGK,SIN,Economy,20,Singapura,110,0,1,0,Budget Flight
14/12/25,AirAsia,16:35,23:25,7h 50m,1,2513700.0,SIN,SUB,Economy,15,Surabaya,470,0,1,0,Budget Flight
14/12/25,AirAsia,17:40,07:05,12h 25m,1,1632900.0,SUB,SIN,Economy,15,Singapura,745,0,1,0,Budget Flight
14/12/25,AirAsia,18:35,18:35,5h 50m,1,2219866.0,SIN,SUB,Economy,20,Surabaya,350,0,1,0,Budget Flight
14/12/25,AirAsia,20:00,20:00,1h 45m,0,1626711.0,SIN,CGK,Economy,20,Jakarta,105,0,1,0,Budget Flight
14/12/25,"AirAsia , Batik Air",05:00,05:00,5h 30m,1,2033388.0,SUB,SIN,Economy,20,Singapura,330,1,1,0,Budget Flight
14/12/25,"AirAsia , Batik Air",08:40,21:55,12h 15m,1,1464645.0,SUB,SIN,Economy,30,Singapura,735,1,1,0,Budget Flight
14/12/25,"AirAsia , Batik Air",12:30,12:30,5h 40m,1,2660434.0,SIN,SUB,Economy,20,Surabaya,340,1,1,0,Budget Flight
14/12/25,"AirAsia , Batik Air",13:25,13:25,6h 15m,1,1897829.0,SUB,SIN,Economy,20,Singapura,375,1,1,0,Budget Flight
14/12/25,"AirAsia , Citilink",14:40,14:40,5h 40m,1,2711185.0,SIN,SUB,Economy,20,Surabaya,340,2,1,0,Budget Flight
14/12/25,"AirAsia , Lion Air",10:40,10:40,3h 50m,1,2067278.0,SUB,DPS,Economy,10,Bali,230,3,1,0,Budget Flight
14/12/25,"AirAsia , Lion Air",11:50,11:50,5h 20m,1,2677295.0,SIN,SUB,Economy,20,Surabaya,320,3,1,0,Budget Flight
14/12/25,"AirAsia , Lion Air",13:30,13:30,4h 50m,1,2168948.0,SUB,SIN,Economy,20,Singapura,290,3,1,0,Budget Flight
14/12/25,"AirAsia , Pelita Air",11:50,11:50,5h 10m,1,2863772.0,SIN,SUB,Economy,20,Surabaya,310,5,1,0,Budget Flight
14/12/25,"AirAsia , Pelita Air",13:25,13:25,4h 55m,1,2185976.0,SUB,SIN,Economy,20,Singapura,295,5,1,0,Budget Flight
14/12/25,"AirAsia , Pelita Air",14:40,14:40,5h 10m,1,2745075.0,SIN,SUB,Economy,20,Surabaya,310,5,1,0,Budget Flight
14/12/25,"AirAsia , Scoot",13:25,13:25,6h,1,1830050.0,SUB,SIN,Economy,20,Singapura,360,6,1,0,Budget Flight
14/12/25,"AirAsia , Scoot",17:00,17:00,7h 25m,1,2253756.0,SIN,SUB,Economy,10,Surabaya,445,6,1,0,Budget Flight
14/12/25,"AirAsia , Super Air Jet",06:00,15:15,8h 15m,1,1766415.0,SUB,DPS,Economy,10,Bali,495,7,1,0,Budget Flight
14/12/25,Batik Air,05:00,06:20,1h 20m,0,1802380.0,SUB,CGK,Business,30,Jakarta,80,8,0,2,Mid-range Flight
14/12/25,Batik Air,05:00,06:20,1h 20m,0,1800319.0,SUB,HLP,Business,30,Jakarta,80,8,0,2,Mid-range Flight
14/12/25,Batik Air,05:05,06:35,1h 30m,0,982891.0,SUB,CGK,Economy,20,Jakarta,90,8,1,0,Budget Flight
14/12/25,Batik Air,05:05,13:35,7h 30m,1,5150280.0,SUB,DPS,Business,30,Bali,450,8,0,1,High-end Flight
14/12/25,Batik Air,05:05,13:45,7h 40m,1,5391180.0,SUB,SIN,Business,30,Singapura,460,8,0,1,High-end Flight
14/12/25,Batik Air,05:05,08:45,3h 40m,1,2069700.0,SUB,SRG,Economy,20,Semarang,220,8,1,0,Budget Flight
14/12/25,Batik Air,05:15,05:15,5h 15m,1,1830050.0,CGK,SIN,Business,30,Singapura,315,8,0,2,Mid-range Flight
14/12/25,Batik Air,05:15,07:15,1h 0m,0,692062.0,SUB,DPS,Economy,20,Bali,60,8,1,0,Budget Flight
14/12/25,Batik Air,05:15,15:10,9h 55m,1,4910800.0,SUB,HLP,Business,30,Jakarta,595,8,0,1,High-end Flight
14/12/25,Batik Air,05:15,16:30,10h 15m,1,4744680.0,SUB,SIN,Business,30,Singapura,615,8,0,1,High-end Flight
14/12/25,Batik Air,05:25,06:50,1h 25m,0,1763600.0,CGK,SUB,Business,30,Surabaya,85,8,0,2,Mid-range Flight
14/12/25,Batik Air,05:25,06:50,1h 25m,0,1023410.0,HLP,SUB,Economy,20,Surabaya,85,8,1,0,Budget Flight
14/12/25,Batik Air,06:00,07:30,1h 30m,0,1002260.0,CGK,SUB,Economy,20,Surabaya,90,8,1,0,Budget Flight
14/12/25,Batik Air,06:20,08:20,1h 0m,0,727480.0,SUB,DPS,Economy,20,Bali,60,8,1,0,Budget Flight
14/12/25,Batik Air,06:20,15:10,8h 50m,1,4910800.0,SUB,HLP,Business,30,Jakarta,530,8,0,1,High-end Flight
14/12/25,Batik Air,06:20,16:30,9h 10m,1,5254680.0,SUB,SIN,Business,30,Singapura,550,8,0,1,High-end Flight
14/12/25,Batik Air,07:00,15:00,8h 0m,1,2110600.0,SRG,SUB,Economy,20,Surabaya,480,8,1,0,Budget Flight
14/12/25,Batik Air,07:30,08:50,1h 20m,0,2754189.0,SUB,HLP,Business,30,Jakarta,80,8,0,2,Mid-range Flight
14/12/25,Batik Air,07:30,07:30,7h 25m,1,4846243.0,SUB,SRG,Business,30,Semarang,445,8,0,1,High-end Flight
14/12/25,Batik Air,07:45,10:30,1h 45m,0,1327600.0,CGK,SIN,Economy,20,Singapura,105,8,1,0,Budget Flight
14/12/25,Batik Air,07:50,11:30,3h 40m,1,1937100.0,SUB,SRG,Economy,20,Semarang,220,8,1,0,Budget Flight
14/12/25,Batik Air,08:00,09:30,1h 30m,0,1002260.0,CGK,SUB,Economy,20,Surabaya,90,8,1,0,Budget Flight
14/12/25,Batik Air,08:30,10:00,1h 30m,0,1032580.0,SUB,CGK,Economy,20,Jakarta,90,8,1,0,Budget Flight
14/12/25,Batik Air,08:30,20:30,11h 0m,1,5391200.0,SUB,SIN,Business,30,Singapura,660,8,0,1,High-end Flight
14/12/25,Batik Air,08:30,15:15,6h 45m,1,1679780.0,SUB,SRG,Economy,20,Semarang,405,8,1,0,Budget Flight
14/12/25,Batik Air,08:40,16:10,6h 30m,1,1428100.0,SUB,SIN,Economy,30,Singapura,390,8,1,0,Budget Flight
14/12/25,Batik Air,08:50,10:15,1h 25m,0,1763600.0,CGK,SUB,Business,30,Surabaya,85,8,0,2,Mid-range Flight
14/12/25,Batik Air,08:50,10:15,1h 25m,0,1729479.0,HLP,SUB,Business,30,Surabaya,85,8,0,2,Mid-range Flight
14/12/25,Batik Air,09:30,10:55,1h 25m,0,1763600.0,CGK,SUB,Economy,30,Surabaya,85,8,1,0,Budget Flight
14/12/25,Batik Air,09:30,10:55,1h 25m,0,1729479.0,HLP,SUB,Business,30,Surabaya,85,8,0,2,Mid-range Flight
14/12/25,Batik Air,09:30,15:00,5h 30m,1,2064100.0,SRG,SUB,Economy,20,Surabaya,330,8,1,0,Budget Flight
14/12/25,Batik Air,10:10,11:40,1h 30m,0,1740598.0,SUB,CGK,Business,30,Jakarta,90,8,0,2,Mid-range Flight
14/12/25,Batik Air,10:10,20:30,9h 20m,1,5391200.0,SUB,SIN,Business,30,Singapura,560,8,0,1,High-end Flight
14/12/25,Batik Air,10:10,21:00,10h 50m,1,2069700.0,SUB,SRG,Economy,20,Semarang,650,8,1,0,Budget Flight
14/12/25,Batik Air,10:15,15:00,4h 45m,1,2066200.0,SRG,SUB,Economy,20,Surabaya,285,8,1,0,Budget Flight
14/12/25,Batik Air,10:30,19:05,9h 35m,1,2402000.0,SIN,SUB,Economy,30,Surabaya,575,8,1,0,Budget Flight
14/12/25,Batik Air,10:55,10:55,1h 20m,0,1931719.0,SUB,HLP,Economy,20,Jakarta,80,8,1,0,Budget Flight
14/12/25,Batik Air,10:55,10:55,8h 35m,1,6913522.0,SUB,SIN,Business,30,Singapura,515,8,0,1,High-end Flight
14/12/25,Batik Air,10:55,10:55,6h 40m,1,5541068.0,SUB,SRG,Business,30,Semarang,400,8,0,1,High-end Flight
14/12/25,Batik Air,11:00,11:00,1h 45m,0,1830050.0,CGK,SIN,Business,30,Singapura,105,8,0,2,Mid-range Flight
14/12/25,Batik Air,11:20,12:10,1h 50m,0,1679500.0,SIN,CGK,Economy,20,Jakarta,110,8,1,0,Budget Flight
14/12/25,Batik Air,11:20,17:30,7h 10m,1,6275900.0,SIN,SUB,Business,30,Surabaya,430,8,0,1,High-end Flight
14/12/25,Batik Air,11:35,11:35,1h 20m,0,1931719.0,SUB,HLP,Economy,20,Jakarta,80,8,1,0,Budget Flight
14/12/25,Batik Air,11:35,11:35,7h 55m,1,6913522.0,SUB,SIN,Business,30,Singapura,475,8,0,1,High-end Flight
14/12/25,Batik Air,11:40,11:40,5h 10m,1,3846577.0,SRG,SUB,Business,30,Surabaya,310,8,0,2,Mid-range Flight
14/12/25,Batik Air,12:00,13:30,1h 30m,0,1774538.0,CGK,SUB,Business,30,Surabaya,90,8,0,2,Mid-range Flight
14/12/25,Batik Air,12:15,12:15,4h 35m,1,3846577.0,SRG,SUB,Business,30,Surabaya,275,8,0,2,Mid-range Flight
14/12/25,Batik Air,12:30,12:30,1h 45m,0,2270617.0,CGK,SIN,Business,30,Singapura,105,8,0,2,Mid-range Flight
14/12/25,Batik Air,12:30,22:10,10h 40m,1,5930800.0,SIN,CGK,Business,30,Jakarta,640,8,0,1,High-end Flight
14/12/25,Batik Air,12:30,12:30,7h 35m,1,4829382.0,SIN,SUB,Business,20,Surabaya,455,8,0,1,High-end Flight
14/12/25,Batik Air,13:30,15:00,1h 30m,0,1809600.0,CGK,SUB,Business,30,Surabaya,90,8,0,2,Mid-range Flight
14/12/25,Batik Air,13:35,13:35,1h 25m,0,1897829.0,HLP,SUB,Economy,20,Surabaya,85,8,1,0,Budget Flight
14/12/25,Batik Air,14:10,15:40,1h 30m,0,1740598.0,SUB,CGK,Business,30,Jakarta,90,8,0,2,Mid-range Flight
14/12/25,Batik Air,14:10,21:00,6h 50m,1,2069700.0,SUB,SRG,Economy,20,Semarang,410,8,1,0,Budget Flight
14/12/25,Batik Air,14:45,15:35,1h 50m,0,1984500.0,SIN,CGK,Economy,20,Jakarta,110,8,1,0,Budget Flight
14/12/25,Batik Air,14:45,14:45,7h 45m,1,6896661.0,SIN,SUB,Business,30,Surabaya,465,8,0,1,High-end Flight
14/12/25,Batik Air,15:20,16:50,1h 30m,0,1774538.0,CGK,SUB,Business,30,Surabaya,90,8,0,2,Mid-range Flight
14/12/25,Batik Air,15:30,10:55,19h 25m,1,2555331.0,SRG,SUB,Economy,30,Surabaya,1165,8,1,1,High-end Flight
14/12/25,Batik Air,15:35,15:35,5h 55m,1,3846577.0,SRG,SUB,Business,30,Surabaya,355,8,0,2,Mid-range Flight
14/12/25,Batik Air,15:40,17:00,1h 20m,0,2833600.0,SUB,HLP,Business,30,Jakarta,80,8,0,2,Mid-range Flight
14/12/25,Batik Air,15:50,15:50,1h 25m,0,1830050.0,HLP,SUB,Economy,20,Surabaya,85,8,1,0,Budget Flight
14/12/25,Batik Air,16:00,17:30,1h 30m,0,1774538.0,CGK,SUB,Business,30,Surabaya,90,8,0,2,Mid-range Flight
14/12/25,Batik Air,16:10,17:00,1h 50m,0,1982600.0,SIN,CGK,Economy,20,Jakarta,110,8,1,0,Budget Flight
14/12/25,Batik Air,16:10,21:30,6h 20m,1,8926900.0,SIN,SUB,Business,30,Surabaya,380,8,0,1,High-end Flight
14/12/25,Batik Air,16:25,17:55,1h 30m,0,1740598.0,SUB,CGK,Business,30,Jakarta,90,8,0,2,Mid-range Flight
14/12/25,Batik Air,16:25,21:00,4h 35m,1,2071700.0,SUB,SRG,Economy,20,Semarang,275,8,1,0,Budget Flight
14/12/25,Batik Air,16:35,16:35,1h 25m,0,3456761.0,HLP,SUB,Business,30,Surabaya,85,8,0,2,Mid-range Flight
14/12/25,Batik Air,17:00,18:30,1h 30m,0,1774538.0,CGK,SUB,Business,30,Surabaya,90,8,0,2,Mid-range Flight
14/12/25,Batik Air,17:10,22:10,6h 0m,1,4768000.0,SIN,CGK,Business,30,Jakarta,360,8,0,1,High-end Flight
14/12/25,Batik Air,17:30,17:30,1h 50m,0,2253756.0,SIN,CGK,Economy,20,Jakarta,110,8,1,0,Budget Flight
14/12/25,Batik Air,17:30,17:30,1h 30m,0,2440066.0,SUB,CGK,Business,30,Jakarta,90,8,0,2,Mid-range Flight
14/12/25,Batik Air,17:45,17:45,1h 45m,0,2406176.0,CGK,SIN,Economy,20,Singapura,105,8,1,0,Budget Flight
14/12/25,Batik Air,17:55,19:15,1h 20m,0,1802400.0,SUB,HLP,Business,30,Jakarta,80,8,0,2,Mid-range Flight
14/12/25,Batik Air,18:10,19:40,1h 30m,0,1740598.0,SUB,CGK,Business,30,Jakarta,90,8,0,2,Mid-range Flight
14/12/25,Batik Air,18:30,18:30,1h 45m,0,2016527.0,CGK,SIN,Business,30,Singapura,105,8,0,2,Mid-range Flight
14/12/25,Batik Air,18:40,20:00,1h 20m,0,2833600.0,SUB,HLP,Business,30,Jakarta,80,8,0,2,Mid-range Flight
14/12/25,Batik Air,18:45,18:45,1h 0m,0,1046100.0,DPS,SUB,Business,30,Surabaya,60,8,0,2,Mid-range Flight
14/12/25,Batik Air,19:15,20:45,1h 30m,0,1740598.0,SUB,CGK,Business,30,Jakarta,90,8,0,2,Mid-range Flight
14/12/25,Batik Air,20:00,21:30,1h 30m,0,1774538.0,CGK,SUB,Business,30,Surabaya,90,8,0,2,Mid-range Flight
14/12/25,Batik Air,20:15,21:40,1h 25m,0,1224461.0,HLP,SUB,Economy,20,Surabaya,85,8,1,0,Budget Flight
14/12/25,Batik Air,20:30,20:30,1h,0,1440400.0,DPS,SUB,Economy,15,Surabaya,60,8,1,0,Budget Flight
14/12/25,Batik Air,21:25,21:25,1h 50m,0,1965609.0,SIN,CGK,Economy,20,Jakarta,110,8,1,0,Budget Flight
14/12/25,Batik Air,21:25,21:25,11h 05m,1,6896661.0,SIN,SUB,Business,30,Surabaya,665,8,0,1,High-end Flight
14/12/25,Batik Air,22:10,23:00,1h 50m,0,1679500.0,SIN,CGK,Economy,20,Jakarta,110,8,1,0,Budget Flight
14/12/25,Batik Air,22:10,22:10,10h 20m,1,6896661.0,SIN,SUB,Business,30,Surabaya,620,8,0,1,High-end Flight
14/12/25,"Batik Air , Citilink",05:35,05:35,4h,1,2745075.0,SUB,SRG,Economy,20,Semarang,240,9,1,0,Budget Flight
14/12/25,"Batik Air , Citilink",09:30,09:30,4h 05m,1,2643405.0,SRG,SUB,Economy,15,Surabaya,245,9,1,0,Budget Flight
14/12/25,"Batik Air , Citilink",10:15,10:15,4h 25m,1,2711185.0,SRG,SUB,Economy,10,Surabaya,265,9,1,0,Budget Flight
14/12/25,"Batik Air , Citilink",15:35,15:35,3h 45m,1,2643405.0,SRG,SUB,Economy,10,Surabaya,225,9,1,0,Budget Flight
14/12/25,"Batik Air , Lion Air",06:20,06:20,4h 40m,1,2507846.0,SUB,SRG,Economy,20,Semarang,280,10,1,0,Budget Flight
14/12/25,"Batik Air , Lion Air",07:00,16:10,9h 10m,1,1921600.0,SRG,SUB,Economy,20,Surabaya,550,10,1,0,Budget Flight
14/12/25,"Batik Air , Lion Air",09:35,15:00,6h 25m,1,2146500.0,DPS,SUB,Economy,20,Surabaya,385,10,1,0,Budget Flight
14/12/25,"Batik Air , Lion Air",10:35,15:00,5h 25m,1,2145200.0,DPS,SUB,Economy,20,Surabaya,325,10,1,0,Budget Flight
14/12/25,"Batik Air , Lion Air",11:40,11:40,4h 30m,1,2473956.0,SRG,SUB,Economy,15,Surabaya,270,10,1,0,Budget Flight
14/12/25,"Batik Air , Lion Air",12:15,12:15,3h 55m,1,2473956.0,SRG,SUB,Economy,10,Surabaya,235,10,1,0,Budget Flight
14/12/25,"Batik Air , Lion Air",13:30,13:30,4h 05m,1,2846744.0,SUB,SRG,Economy,15,Semarang,245,10,1,0,Budget Flight
14/12/25,"Batik Air , Lion Air",15:35,15:35,4h 45m,1,2524874.0,SRG,SUB,Economy,10,Surabaya,285,10,1,0,Budget Flight
14/12/25,"Batik Air , Pelita Air",12:15,12:15,3h 45m,1,2863772.0,SRG,SUB,Economy,10,Surabaya,225,11,1,0,Budget Flight
14/12/25,Citilink,03:30,05:00,1h 30m,0,875500.0,CGK,SUB,Economy,10,Surabaya,90,12,1,0,Budget Flight
14/12/25,Citilink,05:25,07:00,1h 35m,0,982639.0,CGK,SUB,Economy,10,Surabaya,95,12,1,0,Budget Flight
14/12/25,Citilink,05:35,07:10,1h 35m,0,954749.0,SUB,CGK,Economy,10,Jakarta,95,12,1,0,Budget Flight
14/12/25,Citilink,06:20,09:10,1h 50m,0,1186407.0,CGK,SIN,Economy,10,Singapura,110,12,1,0,Budget Flight
14/12/25,Citilink,07:00,08:35,1h 35m,0,1039800.0,CGK,SUB,Economy,15,Surabaya,95,12,1,0,Budget Flight
14/12/25,Citilink,07:05,07:10,1h 5m,0,746683.0,DPS,SUB,Economy,15,Surabaya,65,12,1,0,Budget Flight
14/12/25,Citilink,07:35,09:10,1h 35m,0,1008212.0,SUB,CGK,Economy,10,Jakarta,95,12,1,0,Budget Flight
14/12/25,Citilink,07:35,12:30,4h 55m,1,1888200.0,SUB,SRG,Economy,15,Semarang,295,12,1,0,Budget Flight
14/12/25,Citilink,08:10,09:35,1h 25m,0,982639.0,CGK,SUB,Economy,10,Surabaya,85,12,1,0,Budget Flight
14/12/25,Citilink,08:25,09:50,1h 25m,0,1034700.0,CGK,SUB,Economy,15,Surabaya,85,12,1,0,Budget Flight
14/12/25,Citilink,09:10,10:45,1h 35m,0,1055000.0,SUB,CGK,Economy,15,Jakarta,95,12,1,0,Budget Flight
14/12/25,Citilink,10:10,11:00,1h 50m,0,1374400.0,SIN,CGK,Economy,15,Jakarta,110,12,1,0,Budget Flight
14/12/25,Citilink,10:10,19:20,10h 10m,1,2324700.0,SIN,SUB,Economy,15,Surabaya,610,12,1,0,Budget Flight
14/12/25,Citilink,10:25,12:00,1h 35m,0,1143100.0,CGK,SUB,Economy,15,Surabaya,95,12,1,0,Budget Flight
14/12/25,Citilink,10:25,12:00,1h 35m,0,1055000.0,SUB,CGK,Economy,15,Jakarta,95,12,1,0,Budget Flight
14/12/25,Citilink,12:00,13:35,1h 35m,0,1149700.0,CGK,SUB,Economy,15,Surabaya,95,12,1,0,Budget Flight
14/12/25,Citilink,12:45,14:50,1h 5m,0,783900.0,SUB,DPS,Economy,15,Bali,65,12,1,0,Budget Flight
14/12/25,Citilink,12:50,14:25,1h 35m,0,1059700.0,SUB,CGK,Economy,15,Jakarta,95,12,1,0,Budget Flight
14/12/25,Citilink,13:00,20:40,7h 40m,1,1937200.0,SRG,SUB,Economy,15,Surabaya,460,12,1,0,Budget Flight
14/12/25,Citilink,13:05,14:40,1h 35m,0,1149700.0,CGK,SUB,Economy,15,Surabaya,95,12,1,0,Budget Flight
14/12/25,Citilink,14:10,15:45,1h 35m,0,1055000.0,SUB,CGK,Economy,15,Jakarta,95,12,1,0,Budget Flight
14/12/25,Citilink,15:35,17:10,1h 35m,0,1055000.0,SUB,CGK,Economy,15,Jakarta,95,12,1,0,Budget Flight
14/12/25,Citilink,15:40,15:45,1h 5m,0,746683.0,DPS,SUB,Economy,15,Surabaya,65,12,1,0,Budget Flight
14/12/25,Citilink,16:45,18:15,1h 30m,0,1127000.0,HLP,SUB,Economy,15,Surabaya,90,12,1,0,Budget Flight
14/12/25,Citilink,16:45,20:40,3h 55m,1,1900500.0,SRG,SUB,Economy,15,Surabaya,235,12,1,0,Budget Flight
14/12/25,Citilink,16:45,18:50,1h 5m,0,783900.0,SUB,DPS,Economy,15,Bali,65,12,1,0,Budget Flight
14/12/25,Citilink,17:10,17:10,1h 50m,0,2999332.0,CGK,SIN,Economy,20,Singapura,110,12,1,0,Budget Flight
14/12/25,Citilink,17:45,19:20,1h 35m,0,1095300.0,CGK,SUB,Economy,15,Surabaya,95,12,1,0,Budget Flight
14/12/25,Citilink,18:50,20:20,1h 30m,0,1111400.0,SUB,HLP,Economy,15,Jakarta,90,12,1,0,Budget Flight
14/12/25,Citilink,19:25,19:30,1h 5m,0,746683.0,DPS,SUB,Economy,15,Surabaya,65,12,1,0,Budget Flight
14/12/25,Citilink,19:45,21:50,1h 5m,0,783900.0,SUB,DPS,Economy,15,Bali,65,12,1,0,Budget Flight
14/12/25,Citilink,21:00,21:00,1h 50m,0,1575959.0,SIN,CGK,Economy,20,Jakarta,110,12,1,0,Budget Flight
14/12/25,"Citilink , Garuda Indonesia",07:35,07:35,4h 20m,1,2457095.0,SUB,SRG,Economy,20,Semarang,260,13,1,0,Budget Flight
14/12/25,"Citilink , Garuda Indonesia",12:50,12:50,4h 10m,1,2457095.0,SUB,SRG,Economy,20,Semarang,250,13,1,0,Budget Flight
14/12/25,"Citilink , Lion Air",07:00,19:30,12h 30m,1,1920450.0,SRG,SUB,Economy,10,Surabaya,750,15,1,0,Budget Flight
14/12/25,"Citilink , Lion Air",07:40,07:40,4h 50m,1,2473956.0,SUB,SRG,Economy,10,Semarang,290,15,1,0,Budget Flight
14/12/25,"Citilink , Lion Air",09:15,09:15,3h 30m,1,2355425.0,SUB,SRG,Economy,10,Semarang,210,15,1,0,Budget Flight
14/12/25,"Citilink , Lion Air",11:40,11:40,4h 05m,1,2338397.0,SRG,SUB,Economy,20,Surabaya,245,15,1,0,Budget Flight
14/12/25,"Citilink , Lion Air",13:25,13:25,5h 45m,1,2135058.0,SRG,SUB,Economy,20,Surabaya,345,15,1,0,Budget Flight
14/12/25,"Citilink , Lion Air",16:45,16:45,3h 25m,1,2202838.0,SUB,SRG,Economy,10,Semarang,205,15,1,0,Budget Flight
14/12/25,Garuda Indonesia,05:10,09:00,3h 50m,1,5564100.0,SUB,SRG,Business,30,Semarang,230,19,0,2,Mid-range Flight
14/12/25,Garuda Indonesia,05:50,08:35,1h 45m,0,1601369.0,CGK,SIN,Economy,30,Singapura,105,19,1,0,Budget Flight
14/12/25,Garuda Indonesia,05:50,07:30,1h 40m,0,9640681.0,CGK,SUB,Business,30,Surabaya,100,19,0,1,High-end Flight
14/12/25,Garuda Indonesia,06:55,14:30,8h 35m,1,15163300.0,SIN,SUB,Business,40,Surabaya,515,19,0,1,High-end Flight
14/12/25,Garuda Indonesia,07:00,15:35,9h 35m,1,7667300.0,DPS,SUB,Business,30,Surabaya,575,19,0,1,High-end Flight
14/12/25,Garuda Indonesia,07:05,17:10,34h 5m,2,9132300.0,SRG,SUB,Business,30,Surabaya,2045,19,0,1,High-end Flight
14/12/25,Garuda Indonesia,07:05,10:25,2h 20m,0,7940528.0,SUB,SIN,Business,40,Singapura,140,19,0,1,High-end Flight
14/12/25,Garuda Indonesia,08:45,10:25,1h 40m,0,5389000.0,CGK,SUB,Business,30,Surabaya,100,19,0,2,Mid-range Flight
14/12/25,Garuda Indonesia,08:55,08:55,2h,0,2033388.0,CGK,SIN,Business,40,Singapura,120,19,0,2,Mid-range Flight
14/12/25,Garuda Indonesia,09:20,11:20,1h 0m,0,898500.0,SUB,DPS,Economy,20,Bali,60,19,1,0,Budget Flight
14/12/25,Garuda Indonesia,09:20,20:25,11h 5m,1,6540300.0,SUB,HLP,Business,30,Jakarta,665,19,0,1,High-end Flight
14/12/25,Garuda Indonesia,09:35,10:35,2h 0m,0,2806458.0,SIN,CGK,Economy,30,Jakarta,120,19,1,0,Budget Flight
14/12/25,Garuda Indonesia,09:35,13:45,5h 10m,1,15252000.0,SIN,SUB,Business,40,Surabaya,310,19,0,1,High-end Flight
14/12/25,Garuda Indonesia,09:45,13:45,4h 0m,1,2837200.0,SRG,SUB,Economy,20,Surabaya,240,19,1,0,Budget Flight
14/12/25,Garuda Indonesia,11:30,11:30,1h 50m,0,1830050.0,CGK,SIN,Business,40,Singapura,110,19,0,2,Mid-range Flight
14/12/25,Garuda Indonesia,11:55,15:35,4h 40m,1,7667300.0,DPS,SUB,Business,30,Surabaya,280,19,0,1,High-end Flight
14/12/25,Garuda Indonesia,12:05,13:45,1h 40m,0,5389000.0,CGK,SUB,Business,30,Surabaya,100,19,0,2,Mid-range Flight
14/12/25,Garuda Indonesia,12:05,20:10,9h 5m,2,14103800.0,DPS,SUB,Business,30,Surabaya,545,19,0,1,High-end Flight
14/12/25,Garuda Indonesia,12:55,12:55,2h 05m,0,11624207.0,SIN,CGK,Business,40,Jakarta,125,19,0,1,High-end Flight
14/12/25,Garuda Indonesia,13:00,14:30,1h 30m,0,1344374.0,HLP,SUB,Economy,20,Surabaya,90,19,1,0,Budget Flight
14/12/25,Garuda Indonesia,13:25,20:10,7h 45m,1,15302800.0,DPS,SUB,Business,30,Surabaya,465,19,0,1,High-end Flight
14/12/25,Garuda Indonesia,14:00,15:35,1h 35m,0,5389000.0,CGK,SUB,Business,30,Surabaya,95,19,0,2,Mid-range Flight
14/12/25,Garuda Indonesia,14:35,16:10,1h 35m,0,1386641.0,SUB,CGK,Economy,20,Jakarta,95,19,1,0,Budget Flight
14/12/25,Garuda Indonesia,14:35,18:45,4h 10m,1,2612709.0,SUB,SRG,Economy,20,Semarang,250,19,1,0,Budget Flight
14/12/25,Garuda Indonesia,15:15,16:45,1h 30m,0,1386641.0,SUB,HLP,Economy,20,Jakarta,90,19,1,0,Budget Flight
14/12/25,Garuda Indonesia,15:25,14:30,23h 5m,1,2836600.0,SRG,SUB,Economy,20,Surabaya,1385,19,1,1,High-end Flight
14/12/25,Garuda Indonesia,15:30,15:30,2h,0,11624207.0,SIN,CGK,Business,40,Jakarta,120,19,0,1,High-end Flight
14/12/25,Garuda Indonesia,16:00,17:40,1h 40m,0,5389000.0,CGK,SUB,Business,30,Surabaya,100,19,0,2,Mid-range Flight
14/12/25,Garuda Indonesia,16:30,18:45,26h 15m,1,5564100.0,SUB,SRG,Business,30,Semarang,1575,19,0,1,High-end Flight
14/12/25,Garuda Indonesia,16:55,17:10,1h 15m,0,765804.0,DPS,SUB,Economy,15,Surabaya,75,19,1,0,Budget Flight
14/12/25,Garuda Indonesia,17:30,19:10,1h 40m,0,5389000.0,CGK,SUB,Business,30,Surabaya,100,19,0,2,Mid-range Flight
14/12/25,Garuda Indonesia,17:35,17:35,1h 50m,0,1982637.0,CGK,SIN,Business,40,Singapura,110,19,0,2,Mid-range Flight
14/12/25,Garuda Indonesia,18:00,21:50,3h 50m,1,2615542.0,SRG,SUB,Economy,20,Surabaya,230,19,1,0,Budget Flight
14/12/25,Garuda Indonesia,18:00,18:45,24h 45m,1,5564100.0,SUB,SRG,Business,30,Semarang,1485,19,0,1,High-end Flight
14/12/25,Garuda Indonesia,18:30,20:10,1h 40m,0,5389000.0,CGK,SUB,Business,30,Surabaya,100,19,0,2,Mid-range Flight
14/12/25,Garuda Indonesia,19:00,20:30,2h 30m,0,7173904.0,SIN,SUB,Business,40,Surabaya,150,19,0,2,Mid-range Flight
14/12/25,Garuda Indonesia,19:00,18:45,23h 45m,1,5564100.0,SUB,SRG,Business,30,Semarang,1425,19,0,1,High-end Flight
14/12/25,Garuda Indonesia,20:05,18:45,22h 40m,1,5564100.0,SUB,SRG,Business,30,Semarang,1360,19,0,1,High-end Flight
14/12/25,Garuda Indonesia,21:30,22:35,2h 5m,0,11316693.0,SIN,CGK,Business,40,Jakarta,125,19,0,1,High-end Flight
14/12/25,"Garuda Indonesia , Lion Air",07:40,07:40,4h 15m,1,2473956.0,SUB,SRG,Economy,20,Semarang,255,20,1,0,Budget Flight
14/12/25,"Garuda Indonesia , Pelita Air",10:50,10:50,3h 50m,1,2795993.0,SUB,SRG,Economy,20,Semarang,230,21,1,0,Budget Flight
14/12/25,"Koninklijke Luchtvaart Maatschappij , Lion Air",17:05,17:05,6h 05m,1,1830050.0,SUB,SIN,Economy,20,Singapura,365,23,1,0,Budget Flight
14/12/25,Lion Air,03:30,05:00,1h 30m,0,831191.0,CGK,SUB,Economy,10,Surabaya,90,24,1,0,Budget Flight
14/12/25,Lion Air,05:05,06:35,1h 30m,0,1070490.0,SUB,CGK,Economy,10,Jakarta,90,24,1,0,Budget Flight
14/12/25,Lion Air,05:25,07:00,1h 35m,0,910715.0,CGK,SUB,Economy,15,Surabaya,95,24,1,0,Budget Flight
14/12/25,Lion Air,07:00,07:00,1h 0m,0,613735.0,DPS,SUB,Economy,10,Surabaya,60,24,1,0,Budget Flight
14/12/25,Lion Air,07:00,10:35,3h 35m,1,1659430.0,SRG,SUB,Economy,10,Surabaya,215,24,1,0,Budget Flight
14/12/25,Lion Air,07:40,09:10,1h 30m,0,948900.0,SUB,CGK,Economy,10,Jakarta,90,24,1,0,Budget Flight
14/12/25,Lion Air,07:55,09:55,1h,0,582914.0,SUB,DPS,Economy,10,Bali,60,24,1,0,Budget Flight
14/12/25,Lion Air,08:20,08:20,4h 25m,1,2135058.0,SUB,DPS,Economy,15,Bali,265,24,1,0,Budget Flight
14/12/25,Lion Air,08:20,12:45,4h 25m,1,1664280.0,SUB,SRG,Economy,10,Semarang,265,24,1,0,Budget Flight
14/12/25,Lion Air,09:00,10:30,1h 30m,0,884531.0,CGK,SUB,Economy,10,Surabaya,90,24,1,0,Budget Flight
14/12/25,Lion Air,09:55,11:55,1h,0,582914.0,SUB,DPS,Economy,10,Bali,60,24,1,0,Budget Flight
14/12/25,Lion Air,10:35,10:35,1h 0m,0,709188.0,DPS,SUB,Economy,10,Surabaya,60,24,1,0,Budget Flight
14/12/25,Lion Air,10:50,12:20,1h 30m,0,992357.0,CGK,SUB,Economy,10,Surabaya,90,24,1,0,Budget Flight
14/12/25,Lion Air,11:15,13:15,1h 0m,0,583713.0,SUB,DPS,Economy,10,Bali,60,24,1,0,Budget Flight
14/12/25,Lion Air,11:20,12:50,1h 30m,0,948900.0,SUB,CGK,Economy,10,Jakarta,90,24,1,0,Budget Flight
14/12/25,Lion Air,12:20,14:20,1h 0m,0,583713.0,SUB,DPS,Economy,10,Bali,60,24,1,0,Budget Flight
14/12/25,Lion Air,13:30,13:30,1h 30m,0,1321702.0,SUB,CGK,Economy,10,Jakarta,90,24,1,0,Budget Flight
14/12/25,Lion Air,13:55,13:55,1h 0m,0,709188.0,DPS,SUB,Economy,10,Surabaya,60,24,1,0,Budget Flight
14/12/25,Lion Air,14:40,16:10,1h 30m,0,985400.0,CGK,SUB,Economy,10,Surabaya,90,24,1,0,Budget Flight
14/12/25,Lion Air,17:00,18:30,1h 30m,0,948900.0,SUB,CGK,Economy,10,Jakarta,90,24,1,0,Budget Flight
14/12/25,Lion Air,17:05,19:05,1h 0m,0,613619.0,SUB,DPS,Economy,10,Bali,60,24,1,0,Budget Flight
14/12/25,Lion Air,17:50,19:50,1h 0m,0,683763.0,SUB,DPS,Economy,10,Bali,60,24,1,0,Budget Flight
14/12/25,Lion Air,18:50,20:20,1h 30m,0,985400.0,CGK,SUB,Economy,10,Surabaya,90,24,1,0,Budget Flight
14/12/25,Lion Air,19:45,19:45,1h 0m,0,654914.0,DPS,SUB,Economy,10,Surabaya,60,24,1,0,Budget Flight
14/12/25,Lion Air,20:00,21:30,1h 30m,0,1044263.0,SUB,CGK,Economy,10,Jakarta,90,24,1,0,Budget Flight
14/12/25,Lion Air,20:30,20:30,1h 0m,0,756900.0,DPS,SUB,Economy,10,Surabaya,60,24,1,0,Budget Flight
14/12/25,Lion Air,21:00,22:30,1h 30m,0,948900.0,SUB,CGK,Economy,10,Jakarta,90,24,1,0,Budget Flight
14/12/25,"Lion Air , Super Air Jet",06:00,12:50,5h 50m,1,1795920.0,SUB,DPS,Economy,10,Bali,350,26,1,0,Budget Flight
14/12/25,"Lion Air , Super Air Jet",07:00,16:10,9h 10m,1,1885380.0,SRG,SUB,Economy,10,Surabaya,550,26,1,0,Budget Flight
14/12/25,"Lion Air , Super Air Jet",11:40,11:40,4h 30m,1,2287646.0,SRG,SUB,Economy,10,Surabaya,270,26,1,0,Budget Flight
14/12/25,"Lion Air , Wings Air",06:00,09:25,2h 25m,1,2010500.0,SUB,DPS,Economy,10,Bali,145,28,1,0,Budget Flight
14/12/25,"Lion Air , Wings Air",07:10,07:10,3h 35m,1,2304507.0,SUB,DPS,Economy,10,Bali,215,28,1,0,Budget Flight
14/12/25,"Lion Air , Wings Air",07:30,08:50,2h 20m,1,1975500.0,DPS,SUB,Economy,10,Surabaya,140,28,1,0,Budget Flight
14/12/25,"Lion Air , Wings Air",09:25,11:40,3h 15m,1,1997600.0,DPS,SUB,Economy,10,Surabaya,195,28,1,0,Budget Flight
14/12/25,"Lion Air , Wings Air",09:50,11:40,2h 50m,1,1997600.0,DPS,SUB,Economy,10,Surabaya,170,28,1,0,Budget Flight
14/12/25,Malaysia Airlines,04:25,10:20,4h 55m,1,1125400.0,CGK,SIN,Economy,20,Singapura,295,29,1,0,Budget Flight
14/12/25,Malaysia Airlines,06:00,10:10,5h 10m,1,6554331.0,SIN,CGK,Business,40,Jakarta,310,29,0,1,High-end Flight
14/12/25,Malaysia Airlines,09:40,16:40,6h 0m,1,6915521.0,CGK,SIN,Business,40,Singapura,360,29,0,1,High-end Flight
14/12/25,Malaysia Airlines,09:55,14:40,5h 45m,1,6554331.0,SIN,CGK,Business,40,Jakarta,345,29,0,1,High-end Flight
14/12/25,Malaysia Airlines,09:55,09:55,5h 55m,1,2609515.0,SIN,SUB,Economy,25,Surabaya,355,29,1,0,Budget Flight
14/12/25,Malaysia Airlines,10:00,09:05,22h 5m,1,1624500.0,SUB,SIN,Economy,25,Singapura,1325,29,1,1,High-end Flight
14/12/25,Malaysia Airlines,11:05,14:40,4h 35m,1,6554331.0,SIN,CGK,Business,40,Jakarta,275,29,0,1,High-end Flight
14/12/25,Malaysia Airlines,11:10,16:40,4h 30m,1,6915521.0,CGK,SIN,Business,40,Singapura,270,29,0,1,High-end Flight
14/12/25,Malaysia Airlines,12:15,18:35,5h 20m,1,6915521.0,CGK,SIN,Business,40,Singapura,320,29,0,1,High-end Flight
14/12/25,Malaysia Airlines,15:50,09:05,16h 15m,1,1544500.0,SUB,SIN,Economy,20,Singapura,975,29,1,0,Budget Flight
14/12/25,Malaysia Airlines,17:25,23:40,7h 15m,1,6554331.0,SIN,CGK,Business,40,Jakarta,435,29,0,1,High-end Flight
14/12/25,Malaysia Airlines,17:25,17:05,24h 40m,1,11155094.0,SIN,SUB,Business,40,Surabaya,1480,29,0,1,High-end Flight
14/12/25,Malaysia Airlines,18:25,00:30,5h 5m,1,6915521.0,CGK,SIN,Business,40,Singapura,305,29,0,1,High-end Flight
14/12/25,Malaysia Airlines,19:30,23:40,5h 10m,1,6554331.0,SIN,CGK,Business,40,Jakarta,310,29,0,1,High-end Flight
14/12/25,Malaysia Airlines,21:20,21:20,12h 50m,1,6100166.0,SIN,SUB,Business,40,Surabaya,770,29,0,1,High-end Flight
14/12/25,"Malaysia Airlines , Operated By Fy",22:30,22:30,11h 40m,1,6066277.0,SIN,SUB,Business,30,Surabaya,700,30,0,1,High-end Flight
14/12/25,Pelita Air,06:10,07:40,1h 30m,0,928719.0,SUB,CGK,Economy,10,Jakarta,90,31,1,0,Budget Flight
14/12/25,Pelita Air,06:40,08:15,1h 35m,0,1085400.0,CGK,SUB,Economy,20,Surabaya,95,31,1,0,Budget Flight
14/12/25,Pelita Air,07:55,07:55,1h 50m,0,2304507.0,CGK,SIN,Economy,20,Singapura,110,31,1,0,Budget Flight
14/12/25,Pelita Air,08:30,10:05,1h 35m,0,969017.0,CGK,SUB,Economy,10,Surabaya,95,31,1,0,Budget Flight
14/12/25,Pelita Air,09:00,10:30,1h 30m,0,929900.0,CGK,SUB,Economy,10,Surabaya,90,31,1,0,Budget Flight
14/12/25,Pelita Air,09:00,10:35,1h 35m,0,1061900.0,SUB,CGK,Economy,20,Jakarta,95,31,1,0,Budget Flight
14/12/25,Pelita Air,10:40,10:40,1h 35m,0,1389482.0,CGK,SUB,Economy,15,Surabaya,95,31,1,0,Budget Flight
14/12/25,Pelita Air,10:50,12:25,1h 35m,0,1034755.0,SUB,CGK,Economy,10,Jakarta,95,31,1,0,Budget Flight
14/12/25,Pelita Air,11:40,12:25,1h 45m,0,1553600.0,SIN,CGK,Economy,20,Jakarta,105,31,1,0,Budget Flight
14/12/25,Pelita Air,11:40,18:50,8h 10m,1,2767300.0,SIN,SUB,Economy,20,Surabaya,490,31,1,0,Budget Flight
14/12/25,Pelita Air,13:25,13:25,1h 30m,0,1338731.0,SUB,CGK,Economy,20,Jakarta,90,31,1,0,Budget Flight
14/12/25,Pelita Air,14:25,16:00,1h 35m,0,1085400.0,CGK,SUB,Economy,20,Surabaya,95,31,1,0,Budget Flight
14/12/25,Pelita Air,18:35,08:15,14h 40m,1,2135500.0,DPS,SUB,Economy,20,Surabaya,880,31,1,0,Budget Flight
14/12/25,Scoot,07:30,09:00,2h 30m,0,1668195.0,SIN,SUB,Economy,10,Surabaya,150,33,1,0,Budget Flight
14/12/25,Scoot,07:55,07:55,1h 55m,0,1880968.0,SIN,CGK,Economy,10,Jakarta,115,33,1,0,Budget Flight
14/12/25,Scoot,09:30,10:25,1h 55m,0,1940400.0,SIN,CGK,Economy,30,Jakarta,115,33,1,0,Budget Flight
14/12/25,Scoot,09:35,09:35,1h 50m,0,2745075.0,CGK,SIN,Economy,10,Singapura,110,33,1,0,Budget Flight
14/12/25,Scoot,09:45,09:45,2h 20m,0,1440400.0,SUB,SIN,Economy,10,Singapura,140,33,1,0,Budget Flight
14/12/25,Scoot,11:20,11:20,1h 45m,0,2660434.0,CGK,SIN,Economy,10,Singapura,105,33,1,0,Budget Flight
14/12/25,Scoot,17:00,18:30,2h 30m,0,2336869.0,SIN,SUB,Economy,10,Surabaya,150,33,1,0,Budget Flight
14/12/25,Scoot,18:25,19:20,1h 55m,0,1950400.0,SIN,CGK,Economy,30,Jakarta,115,33,1,0,Budget Flight
14/12/25,Scoot,19:30,23:00,2h 30m,0,1269992.0,SUB,SIN,Economy,10,Singapura,150,33,1,0,Budget Flight
14/12/25,Scoot,20:10,20:10,1h 50m,0,2931552.0,CGK,SIN,Economy,10,Singapura,110,33,1,0,Budget Flight
14/12/25,Scoot,20:25,21:25,2h 0m,0,1646400.0,SIN,CGK,Economy,30,Jakarta,120,33,1,0,Budget Flight
14/12/25,Scoot,22:10,01:00,1h 50m,0,1151098.0,CGK,SIN,Economy,10,Singapura,110,33,1,0,Budget Flight
14/12/25,Singapore Airlines,05:25,05:25,1h 40m,0,2304507.0,CGK,SIN,Business,40,Singapura,100,35,0,2,Mid-range Flight
14/12/25,Singapore Airlines,06:50,06:50,1h 45m,0,13250918.0,SIN,CGK,Business,40,Jakarta,105,35,0,1,High-end Flight
14/12/25,Singapore Airlines,07:40,08:30,1h 50m,0,12941606.0,SIN,CGK,Business,40,Jakarta,110,35,0,1,High-end Flight
14/12/25,Singapore Airlines,07:50,07:50,2h 30m,0,3558430.0,SIN,SUB,Economy,30,Surabaya,150,35,1,0,Budget Flight
14/12/25,Singapore Airlines,08:40,08:40,1h 40m,0,1880968.0,CGK,SIN,Business,40,Singapura,100,35,0,2,Mid-range Flight
14/12/25,Singapore Airlines,09:30,09:30,1h 45m,0,1880968.0,CGK,SIN,Business,40,Singapura,105,35,0,2,Mid-range Flight
14/12/25,Singapore Airlines,10:15,10:15,2h 20m,0,2457095.0,SUB,SIN,Economy,30,Singapura,140,35,1,0,Budget Flight
14/12/25,Singapore Airlines,14:10,14:10,2h 30m,0,14165943.0,SIN,SUB,Business,40,Surabaya,150,35,0,1,High-end Flight
14/12/25,Singapore Airlines,15:15,15:15,1h 50m,0,12488480.0,SIN,CGK,Business,40,Jakarta,110,35,0,1,High-end Flight
14/12/25,Singapore Airlines,16:10,16:10,1h 55m,0,12488480.0,SIN,CGK,Business,40,Jakarta,115,35,0,1,High-end Flight
14/12/25,Singapore Airlines,16:25,16:25,2h 25m,0,5303839.0,SIN,SUB,Economy,30,Surabaya,145,35,1,0,Budget Flight
14/12/25,Singapore Airlines,16:30,16:30,2h 25m,0,2457095.0,SUB,SIN,Economy,30,Singapura,145,35,1,0,Budget Flight
14/12/25,Singapore Airlines,17:00,17:00,1h 45m,0,1931719.0,CGK,SIN,Business,40,Singapura,105,35,0,2,Mid-range Flight
14/12/25,Singapore Airlines,17:20,18:05,1h 45m,0,12403188.0,SIN,CGK,Business,40,Jakarta,105,35,0,1,High-end Flight
14/12/25,Singapore Airlines,18:10,18:10,1h 45m,0,1897829.0,CGK,SIN,Business,40,Singapura,105,35,0,2,Mid-range Flight
14/12/25,Singapore Airlines,18:40,18:40,2h 25m,0,2457095.0,SUB,SIN,Economy,30,Singapura,145,35,1,0,Budget Flight
14/12/25,Singapore Airlines,20:20,20:20,1h 45m,0,2016527.0,CGK,SIN,Business,40,Singapura,105,35,0,2,Mid-range Flight
14/12/25,Singapore Airlines,22:40,22:40,1h 45m,0,12505342.0,SIN,CGK,Business,40,Jakarta,105,35,0,1,High-end Flight
14/12/25,Super Air Jet,13:30,15:30,1h 0m,0,554696.0,SUB,DPS,Economy,15,Bali,60,36,1,0,Budget Flight
14/12/25,Super Air Jet,16:10,16:10,1h 0m,0,642576.0,DPS,SUB,Economy,15,Surabaya,60,36,1,0,Budget Flight
14/12/25,TransNusa,07:45,10:40,1h 55m,0,1249000.0,CGK,SIN,Economy,20,Singapura,115,37,1,0,Budget Flight
14/12/25,TransNusa,11:40,12:25,1h 45m,0,1374700.0,SIN,CGK,Economy,20,Jakarta,105,37,1,0,Budget Flight
14/12/25,TransNusa,11:45,14:40,1h 55m,0,1008100.0,CGK,SIN,Economy,30,Singapura,115,37,1,0,Budget Flight
14/12/25,TransNusa,15:30,16:15,1h 45m,0,1607300.0,SIN,CGK,Economy,20,Jakarta,105,37,1,0,Budget Flight
14/12/25,Wings Air,10:00,11:10,1h 10m,0,899480.0,SRG,SUB,Economy,10,Surabaya,70,38,1,0,Budget Flight
14/12/25,Wings Air,14:30,15:25,55m,0,905030.0,SUB,SRG,Economy,10,Semarang,55,38,1,0,Budget Flight
15/12/25,AirAsia,05:00,23:05,17h 5m,1,1601500.0,SUB,SIN,Economy,15,Singapura,1025,0,1,0,Budget Flight
15/12/25,AirAsia,07:40,17:10,10h 30m,1,2643300.0,SIN,SUB,Economy,15,Surabaya,630,0,1,0,Budget Flight
15/12/25,AirAsia,08:25,11:10,1h 45m,0,930889.0,CGK,SIN,Economy,10,Singapura,105,0,1,0,Budget Flight
15/12/25,AirAsia,11:10,14:00,1h 50m,0,930889.0,CGK,SIN,Economy,10,Singapura,110,0,1,0,Budget Flight
15/12/25,AirAsia,11:20,23:05,10h 45m,1,1564000.0,SUB,SIN,Economy,15,Singapura,645,0,1,0,Budget Flight
15/12/25,AirAsia,11:50,11:50,1h 45m,0,1609849.0,SIN,CGK,Economy,20,Jakarta,105,0,1,0,Budget Flight
15/12/25,AirAsia,12:10,17:10,6h 0m,1,3012200.0,SIN,SUB,Economy,15,Surabaya,360,0,1,0,Budget Flight
15/12/25,AirAsia,13:25,23:05,8h 40m,1,1623100.0,SUB,SIN,Economy,15,Singapura,520,0,1,0,Budget Flight
15/12/25,AirAsia,14:40,15:30,1h 50m,0,1372029.0,SIN,CGK,Economy,10,Jakarta,110,0,1,0,Budget Flight
15/12/25,AirAsia,14:55,14:55,5h 30m,1,2812854.0,SIN,SUB,Economy,20,Surabaya,330,0,1,0,Budget Flight
15/12/25,AirAsia,16:30,16:30,1h 50m,0,2185976.0,CGK,SIN,Economy,20,Singapura,110,0,1,0,Budget Flight
15/12/25,AirAsia,17:40,07:05,12h 25m,1,1705700.0,SUB,SIN,Economy,15,Singapura,745,0,1,0,Budget Flight
15/12/25,AirAsia,18:35,18:35,5h 50m,1,2660434.0,SIN,SUB,Economy,20,Surabaya,350,0,1,0,Budget Flight
15/12/25,AirAsia,20:00,20:45,1h 45m,0,929474.0,SIN,CGK,Economy,10,Jakarta,105,0,1,0,Budget Flight
15/12/25,"AirAsia , Batik Air",05:00,05:00,5h 30m,1,2101168.0,SUB,SIN,Economy,20,Singapura,330,1,1,0,Budget Flight
15/12/25,"AirAsia , Batik Air",08:40,08:40,6h 30m,1,1931719.0,SUB,SIN,Economy,20,Singapura,390,1,1,0,Budget Flight
15/12/25,"AirAsia , Batik Air",12:30,12:30,5h 40m,1,2660434.0,SIN,SUB,Economy,20,Surabaya,340,1,1,0,Budget Flight
15/12/25,"AirAsia , Batik Air",12:45,20:30,8h 45m,1,2434740.0,SIN,SUB,Economy,30,Surabaya,525,1,1,0,Budget Flight
15/12/25,"AirAsia , Batik Air",14:40,14:40,4h 50m,1,3202671.0,SIN,SUB,Economy,20,Surabaya,290,1,1,0,Budget Flight
15/12/25,"AirAsia , Citilink",12:45,19:30,7h 45m,1,2420880.0,SIN,SUB,Economy,30,Surabaya,465,2,1,0,Budget Flight
15/12/25,"AirAsia , Citilink",14:40,14:40,5h 40m,1,2762103.0,SIN,SUB,Economy,20,Surabaya,340,2,1,0,Budget Flight
15/12/25,"AirAsia , Lion Air",10:35,19:45,10h 10m,1,2766750.0,SIN,SUB,Economy,30,Surabaya,610,3,1,0,Budget Flight
15/12/25,"AirAsia , Lion Air",11:50,11:50,5h 20m,1,2795993.0,SIN,SUB,Economy,20,Surabaya,320,3,1,0,Budget Flight
15/12/25,"AirAsia , Lion Air",12:45,19:45,8h 0m,1,2360715.0,SIN,SUB,Economy,30,Surabaya,480,3,1,0,Budget Flight
15/12/25,"AirAsia , Pelita Air",11:50,11:50,5h 10m,1,2863772.0,SIN,SUB,Economy,20,Surabaya,310,5,1,0,Budget Flight
15/12/25,"AirAsia , Pelita Air",14:40,14:40,5h 10m,1,2745075.0,SIN,SUB,Economy,20,Surabaya,310,5,1,0,Budget Flight
15/12/25,"AirAsia , Scoot",05:00,05:00,6h 20m,1,2016527.0,SUB,SIN,Economy,20,Singapura,380,6,1,0,Budget Flight
15/12/25,"AirAsia , Scoot",13:25,13:25,6h,1,2016527.0,SUB,SIN,Economy,20,Singapura,360,6,1,0,Budget Flight
15/12/25,Batik Air,05:00,13:40,7h 40m,1,9350200.0,SUB,DPS,Business,30,Bali,460,8,0,1,High-end Flight
15/12/25,Batik Air,05:00,06:20,1h 20m,0,2874752.0,SUB,HLP,Business,30,Jakarta,80,8,0,2,Mid-range Flight
15/12/25,Batik Air,05:00,05:00,7h 45m,1,6913522.0,SUB,SIN,Business,30,Singapura,465,8,0,1,High-end Flight
15/12/25,Batik Air,05:05,06:35,1h 30m,0,1221000.0,SUB,CGK,Economy,20,Jakarta,90,8,1,0,Budget Flight
15/12/25,Batik Air,05:05,13:35,7h 30m,1,3880380.0,SUB,DPS,Business,30,Bali,450,8,0,1,High-end Flight
15/12/25,Batik Air,05:05,13:45,7h 40m,1,5391180.0,SUB,SIN,Business,30,Singapura,460,8,0,1,High-end Flight
15/12/25,Batik Air,05:05,08:45,3h 40m,1,2069700.0,SUB,SRG,Economy,20,Semarang,220,8,1,0,Budget Flight
15/12/25,Batik Air,05:15,05:15,5h 15m,1,1880968.0,CGK,SIN,Business,30,Singapura,315,8,0,2,Mid-range Flight
15/12/25,Batik Air,05:15,07:15,1h 0m,0,727480.0,SUB,DPS,Economy,20,Bali,60,8,1,0,Budget Flight
15/12/25,Batik Air,05:15,16:30,10h 15m,1,4744680.0,SUB,SIN,Business,30,Singapura,615,8,0,1,High-end Flight
15/12/25,Batik Air,05:25,06:50,1h 25m,0,2777085.0,HLP,SUB,Business,30,Surabaya,85,8,0,2,Mid-range Flight
15/12/25,Batik Air,06:00,07:30,1h 30m,0,1225600.0,CGK,SUB,Economy,20,Surabaya,90,8,1,0,Budget Flight
15/12/25,Batik Air,06:20,08:20,1h 0m,0,727480.0,SUB,DPS,Economy,20,Bali,60,8,1,0,Budget Flight
15/12/25,Batik Air,06:20,16:30,9h 10m,1,4744680.0,SUB,SIN,Business,30,Singapura,550,8,0,1,High-end Flight
15/12/25,Batik Air,07:00,13:30,6h 30m,1,2064100.0,SRG,SUB,Economy,20,Surabaya,390,8,1,0,Budget Flight
15/12/25,Batik Air,07:30,13:40,5h 10m,1,9350200.0,SUB,DPS,Business,30,Bali,310,8,0,1,High-end Flight
15/12/25,Batik Air,07:30,07:30,1h 20m,0,3490651.0,SUB,HLP,Business,30,Jakarta,80,8,0,2,Mid-range Flight
15/12/25,Batik Air,07:30,07:30,7h 25m,1,4846243.0,SUB,SRG,Business,30,Semarang,445,8,0,1,High-end Flight
15/12/25,Batik Air,07:45,07:45,1h 45m,0,1931719.0,CGK,SIN,Business,30,Singapura,105,8,0,2,Mid-range Flight
15/12/25,Batik Air,07:50,11:30,3h 40m,1,1992300.0,SUB,SRG,Economy,20,Semarang,220,8,1,0,Budget Flight
15/12/25,Batik Air,08:00,09:30,1h 30m,0,1225600.0,CGK,SUB,Economy,20,Surabaya,90,8,1,0,Budget Flight
15/12/25,Batik Air,08:30,10:00,1h 30m,0,1221000.0,SUB,CGK,Economy,20,Jakarta,90,8,1,0,Budget Flight
15/12/25,Batik Air,08:30,17:35,9h 5m,1,2116100.0,SUB,SRG,Economy,20,Semarang,545,8,1,0,Budget Flight
15/12/25,Batik Air,08:40,20:40,11h 0m,1,1566100.0,SUB,SIN,Economy,30,Singapura,660,8,1,0,Budget Flight
15/12/25,Batik Air,08:50,08:50,1h 25m,0,3456761.0,HLP,SUB,Business,30,Surabaya,85,8,0,2,Mid-range Flight
15/12/25,Batik Air,09:30,09:30,1h 25m,0,1830050.0,HLP,SUB,Economy,10,Surabaya,85,8,1,0,Budget Flight
15/12/25,Batik Air,09:30,13:30,4h 0m,1,2064100.0,SRG,SUB,Economy,20,Surabaya,240,8,1,0,Budget Flight
15/12/25,Batik Air,10:10,11:40,1h 30m,0,1221000.0,SUB,CGK,Economy,20,Jakarta,90,8,1,0,Budget Flight
15/12/25,Batik Air,10:10,10:10,9h 20m,1,6015525.0,SUB,SIN,Business,30,Singapura,560,8,0,1,High-end Flight
15/12/25,Batik Air,10:10,17:35,7h 25m,1,2116100.0,SUB,SRG,Economy,20,Semarang,445,8,1,0,Budget Flight
15/12/25,Batik Air,10:15,15:00,4h 45m,1,2130600.0,SRG,SUB,Economy,20,Surabaya,285,8,1,0,Budget Flight
15/12/25,Batik Air,10:30,19:05,9h 35m,1,2825300.0,SIN,SUB,Economy,30,Surabaya,575,8,1,0,Budget Flight
15/12/25,Batik Air,10:55,10:55,1h 20m,0,1863939.0,SUB,HLP,Economy,20,Jakarta,80,8,1,0,Budget Flight
15/12/25,Batik Air,10:55,10:55,8h 35m,1,6913522.0,SUB,SIN,Business,30,Singapura,515,8,0,1,High-end Flight
15/12/25,Batik Air,10:55,10:55,6h 40m,1,4846243.0,SUB,SRG,Business,30,Semarang,400,8,0,1,High-end Flight
15/12/25,Batik Air,11:00,11:00,1h 45m,0,2016527.0,CGK,SIN,Business,30,Singapura,105,8,0,2,Mid-range Flight
15/12/25,Batik Air,11:20,11:20,1h 50m,0,1965609.0,SIN,CGK,Economy,20,Jakarta,110,8,1,0,Budget Flight
15/12/25,Batik Air,11:20,16:50,6h 30m,1,6275900.0,SIN,SUB,Business,30,Surabaya,390,8,0,1,High-end Flight
15/12/25,Batik Air,11:35,11:35,1h 20m,0,1863939.0,SUB,HLP,Economy,20,Jakarta,80,8,1,0,Budget Flight
15/12/25,Batik Air,11:35,11:35,7h 55m,1,6913522.0,SUB,SIN,Business,30,Singapura,475,8,0,1,High-end Flight
15/12/25,Batik Air,11:40,11:40,5h 10m,1,3846577.0,SRG,SUB,Business,30,Surabaya,310,8,0,2,Mid-range Flight
15/12/25,Batik Air,12:00,13:30,1h 30m,0,1758846.0,CGK,SUB,Business,30,Surabaya,90,8,0,2,Mid-range Flight
15/12/25,Batik Air,12:15,12:15,4h 35m,1,4964941.0,SRG,SUB,Business,30,Surabaya,275,8,0,2,Mid-range Flight
15/12/25,Batik Air,12:30,12:30,1h 45m,0,2202838.0,CGK,SIN,Business,30,Singapura,105,8,0,2,Mid-range Flight
15/12/25,Batik Air,12:30,12:30,7h 35m,1,4829382.0,SIN,SUB,Business,20,Surabaya,455,8,0,1,High-end Flight
15/12/25,Batik Air,13:30,15:00,1h 30m,0,1809600.0,CGK,SUB,Business,30,Surabaya,90,8,0,2,Mid-range Flight
15/12/25,Batik Air,13:35,15:00,1h 25m,0,1763600.0,CGK,SUB,Business,30,Surabaya,85,8,0,2,Mid-range Flight
15/12/25,Batik Air,13:35,15:00,1h 25m,0,1714185.0,HLP,SUB,Business,30,Surabaya,85,8,0,2,Mid-range Flight
15/12/25,Batik Air,14:10,15:40,1h 30m,0,1226800.0,SUB,CGK,Economy,20,Jakarta,90,8,1,0,Budget Flight
15/12/25,Batik Air,14:10,14:10,6h 50m,1,3846577.0,SUB,SRG,Business,30,Semarang,410,8,0,2,Mid-range Flight
15/12/25,Batik Air,14:20,17:15,3h 55m,1,6213500.0,DPS,SUB,Business,30,Surabaya,235,8,0,2,Mid-range Flight
15/12/25,Batik Air,14:45,14:45,1h 50m,0,2253756.0,SIN,CGK,Economy,20,Jakarta,110,8,1,0,Budget Flight
15/12/25,Batik Air,14:45,14:45,7h 45m,1,6896661.0,SIN,SUB,Business,30,Surabaya,465,8,0,1,High-end Flight
15/12/25,Batik Air,15:20,16:50,1h 30m,0,1758846.0,CGK,SUB,Business,30,Surabaya,90,8,0,2,Mid-range Flight
15/12/25,Batik Air,15:35,15:35,5h 55m,1,3846577.0,SRG,SUB,Business,30,Surabaya,355,8,0,2,Mid-range Flight
15/12/25,Batik Air,15:40,17:00,1h 20m,0,1767580.0,SUB,HLP,Business,30,Jakarta,80,8,0,2,Mid-range Flight
15/12/25,Batik Air,15:50,15:50,1h 25m,0,1779298.0,HLP,SUB,Economy,20,Surabaya,85,8,1,0,Budget Flight
15/12/25,Batik Air,16:00,17:30,1h 30m,0,1758846.0,CGK,SUB,Business,30,Surabaya,90,8,0,2,Mid-range Flight
15/12/25,Batik Air,16:10,16:10,1h 50m,0,2253756.0,SIN,CGK,Economy,20,Jakarta,110,8,1,0,Budget Flight
15/12/25,Batik Air,16:10,16:10,6h 20m,1,9506176.0,SIN,SUB,Business,30,Surabaya,380,8,0,1,High-end Flight
15/12/25,Batik Air,16:25,17:55,1h 30m,0,1774538.0,SUB,CGK,Business,30,Jakarta,90,8,0,2,Mid-range Flight
15/12/25,Batik Air,16:25,21:00,4h 35m,1,2180500.0,SUB,SRG,Economy,20,Semarang,275,8,1,0,Budget Flight
15/12/25,Batik Air,16:35,18:00,1h 25m,0,1763600.0,CGK,SUB,Business,30,Surabaya,85,8,0,2,Mid-range Flight
15/12/25,Batik Air,16:35,18:00,1h 25m,0,1714185.0,HLP,SUB,Business,30,Surabaya,85,8,0,2,Mid-range Flight
15/12/25,Batik Air,17:00,18:30,1h 30m,0,1758846.0,CGK,SUB,Business,30,Surabaya,90,8,0,2,Mid-range Flight
15/12/25,Batik Air,17:10,17:10,6h,1,4456594.0,SIN,CGK,Business,20,Jakarta,360,8,0,2,Mid-range Flight
15/12/25,Batik Air,17:30,18:20,1h 50m,0,4630600.0,SIN,CGK,Business,30,Jakarta,110,8,0,2,Mid-range Flight
15/12/25,Batik Air,17:30,19:00,1h 30m,0,1002260.0,SUB,CGK,Economy,20,Jakarta,90,8,1,0,Budget Flight
15/12/25,Batik Air,17:45,20:30,1h 45m,0,1327600.0,CGK,SIN,Economy,20,Singapura,105,8,1,0,Budget Flight
15/12/25,Batik Air,17:55,19:15,1h 20m,0,1767580.0,SUB,HLP,Business,30,Jakarta,80,8,0,2,Mid-range Flight
15/12/25,Batik Air,18:10,19:40,1h 30m,0,1002260.0,SUB,CGK,Economy,20,Jakarta,90,8,1,0,Budget Flight
15/12/25,Batik Air,18:30,21:15,1h 45m,0,1302800.0,CGK,SIN,Economy,20,Singapura,105,8,1,0,Budget Flight
15/12/25,Batik Air,18:40,20:00,1h 20m,0,1767580.0,SUB,HLP,Business,30,Jakarta,80,8,0,2,Mid-range Flight
15/12/25,Batik Air,18:45,18:45,1h 0m,0,727600.0,DPS,SUB,Economy,20,Surabaya,60,8,1,0,Budget Flight
15/12/25,Batik Air,19:15,20:45,1h 30m,0,1002260.0,SUB,CGK,Economy,20,Jakarta,90,8,1,0,Budget Flight
15/12/25,Batik Air,20:00,21:30,1h 30m,0,1758846.0,CGK,SUB,Business,30,Surabaya,90,8,0,2,Mid-range Flight
15/12/25,Batik Air,20:15,21:40,1h 25m,0,1763600.0,CGK,SUB,Business,30,Surabaya,85,8,0,2,Mid-range Flight
15/12/25,Batik Air,20:15,21:40,1h 25m,0,1714185.0,HLP,SUB,Business,30,Surabaya,85,8,0,2,Mid-range Flight
15/12/25,Batik Air,20:30,20:30,1h 0m,0,692000.0,DPS,SUB,Economy,20,Surabaya,60,8,1,0,Budget Flight
15/12/25,Batik Air,21:25,21:25,1h 50m,0,2541736.0,SIN,CGK,Economy,20,Jakarta,110,8,1,0,Budget Flight
15/12/25,Batik Air,22:10,22:10,1h 50m,0,2253756.0,SIN,CGK,Economy,20,Jakarta,110,8,1,0,Budget Flight
15/12/25,"Batik Air , Citilink",05:35,05:35,4h,1,2795993.0,SUB,SRG,Economy,20,Semarang,240,9,1,0,Budget Flight
15/12/25,"Batik Air , Citilink",10:25,10:25,4h 30m,1,2846744.0,SUB,SRG,Economy,20,Semarang,270,9,1,0,Budget Flight
15/12/25,"Batik Air , Citilink",16:45,16:45,4h 45m,1,2863772.0,SRG,SUB,Economy,20,Surabaya,285,9,1,0,Budget Flight
15/12/25,"Batik Air , Lion Air",06:20,11:00,4h 40m,1,1970900.0,SUB,SRG,Economy,20,Semarang,280,10,1,0,Budget Flight
15/12/25,"Batik Air , Lion Air",09:30,16:10,6h 40m,1,2006900.0,SRG,SUB,Economy,20,Surabaya,400,10,1,0,Budget Flight
15/12/25,"Batik Air , Lion Air",11:40,16:10,4h 30m,1,2008900.0,SRG,SUB,Economy,20,Surabaya,270,10,1,0,Budget Flight
15/12/25,"Batik Air , Lion Air",12:15,12:15,3h 55m,1,2592654.0,SRG,SUB,Economy,20,Surabaya,235,10,1,0,Budget Flight
15/12/25,"Batik Air , Lion Air",13:30,13:30,4h 05m,1,2880634.0,SUB,SRG,Economy,15,Semarang,245,10,1,0,Budget Flight
15/12/25,"Batik Air , Pelita Air",12:15,12:15,3h 45m,1,2677295.0,SRG,SUB,Economy,15,Surabaya,225,11,1,0,Budget Flight
15/12/25,"Batik Air , Pelita Air",13:25,13:25,4h 10m,1,2914524.0,SUB,SRG,Economy,20,Semarang,250,11,1,0,Budget Flight
15/12/25,Citilink,05:25,07:00,1h 35m,0,1024340.0,CGK,SUB,Economy,10,Surabaya,95,12,1,0,Budget Flight
15/12/25,Citilink,05:35,07:10,1h 35m,0,1115200.0,SUB,CGK,Economy,15,Jakarta,95,12,1,0,Budget Flight
15/12/25,Citilink,06:20,09:10,1h 50m,0,1186407.0,CGK,SIN,Economy,10,Singapura,110,12,1,0,Budget Flight
15/12/25,Citilink,07:00,08:35,1h 35m,0,1089500.0,CGK,SUB,Economy,15,Surabaya,95,12,1,0,Budget Flight
15/12/25,Citilink,07:05,07:10,1h 5m,0,746683.0,DPS,SUB,Economy,15,Surabaya,65,12,1,0,Budget Flight
15/12/25,Citilink,07:35,09:10,1h 35m,0,1115200.0,SUB,CGK,Economy,15,Jakarta,95,12,1,0,Budget Flight
15/12/25,Citilink,07:35,12:30,4h 55m,1,1940400.0,SUB,SRG,Economy,15,Semarang,295,12,1,0,Budget Flight
15/12/25,Citilink,08:10,09:35,1h 25m,0,1024340.0,CGK,SUB,Economy,10,Surabaya,85,12,1,0,Budget Flight
15/12/25,Citilink,08:25,09:50,1h 25m,0,1196300.0,CGK,SUB,Economy,15,Surabaya,85,12,1,0,Budget Flight
15/12/25,Citilink,09:10,10:45,1h 35m,0,1109700.0,SUB,CGK,Economy,15,Jakarta,95,12,1,0,Budget Flight
15/12/25,Citilink,09:10,16:15,7h 5m,1,1940600.0,SUB,SRG,Economy,15,Semarang,425,12,1,0,Budget Flight
15/12/25,Citilink,10:10,11:00,1h 50m,0,1586412.0,SIN,CGK,Economy,10,Jakarta,110,12,1,0,Budget Flight
15/12/25,Citilink,10:10,10:10,5h 30m,1,2643405.0,SIN,SUB,Economy,20,Surabaya,330,12,1,0,Budget Flight
15/12/25,Citilink,10:25,12:00,1h 35m,0,1143100.0,CGK,SUB,Economy,15,Surabaya,95,12,1,0,Budget Flight
15/12/25,Citilink,10:25,12:00,1h 35m,0,1115200.0,SUB,CGK,Economy,15,Jakarta,95,12,1,0,Budget Flight
15/12/25,Citilink,10:25,10:25,5h 50m,1,2118196.0,SUB,SRG,Economy,20,Semarang,350,12,1,0,Budget Flight
15/12/25,Citilink,12:00,13:35,1h 35m,0,1024340.0,CGK,SUB,Economy,10,Surabaya,95,12,1,0,Budget Flight
15/12/25,Citilink,12:45,14:50,1h 5m,0,740844.0,SUB,DPS,Economy,15,Bali,65,12,1,0,Budget Flight
15/12/25,Citilink,12:50,14:25,1h 35m,0,805621.0,SUB,CGK,Economy,10,Jakarta,95,12,1,0,Budget Flight
15/12/25,Citilink,13:00,19:20,6h 20m,1,2029700.0,SRG,SUB,Economy,15,Surabaya,380,12,1,0,Budget Flight
15/12/25,Citilink,13:05,13:05,1h 35m,0,1372621.0,CGK,SUB,Economy,15,Surabaya,95,12,1,0,Budget Flight
15/12/25,Citilink,14:10,14:10,1h 35m,0,1338731.0,SUB,CGK,Economy,15,Jakarta,95,12,1,0,Budget Flight
15/12/25,Citilink,15:35,15:35,1h 35m,0,1287813.0,SUB,CGK,Economy,15,Jakarta,95,12,1,0,Budget Flight
15/12/25,Citilink,15:40,15:45,1h 5m,0,784100.0,DPS,SUB,Economy,15,Surabaya,65,12,1,0,Budget Flight
15/12/25,Citilink,16:45,20:40,3h 55m,1,2103700.0,SRG,SUB,Economy,15,Surabaya,235,12,1,0,Budget Flight
15/12/25,Citilink,16:45,16:45,1h 05m,0,1067612.0,SUB,DPS,Economy,15,Bali,65,12,1,0,Budget Flight
15/12/25,Citilink,17:10,17:10,1h 50m,0,2033388.0,CGK,SIN,Economy,20,Singapura,110,12,1,0,Budget Flight
15/12/25,Citilink,17:45,19:20,1h 35m,0,1205200.0,CGK,SUB,Economy,15,Surabaya,95,12,1,0,Budget Flight
15/12/25,Citilink,19:00,20:40,1h 40m,0,1024340.0,CGK,SUB,Economy,10,Surabaya,100,12,1,0,Budget Flight
15/12/25,Citilink,19:25,19:25,1h 05m,0,1067612.0,DPS,SUB,Economy,15,Surabaya,65,12,1,0,Budget Flight
15/12/25,Citilink,19:45,19:45,1h 05m,0,1067612.0,SUB,DPS,Economy,15,Bali,65,12,1,0,Budget Flight
15/12/25,Citilink,21:00,21:50,1h 50m,0,1396602.0,SIN,CGK,Economy,10,Jakarta,110,12,1,0,Budget Flight
15/12/25,"Citilink , Garuda Indonesia",07:05,07:05,4h 55m,1,2812854.0,SRG,SUB,Economy,30,Surabaya,295,13,1,0,Budget Flight
15/12/25,"Citilink , Garuda Indonesia",09:45,09:45,4h 55m,1,2592654.0,SRG,SUB,Economy,10,Surabaya,295,13,1,0,Budget Flight
15/12/25,"Citilink , Garuda Indonesia",10:25,10:25,4h 15m,1,2762103.0,SUB,SRG,Economy,20,Semarang,255,13,1,0,Budget Flight
15/12/25,"Citilink , Garuda Indonesia",12:50,12:50,4h 10m,1,2931552.0,SUB,SRG,Economy,20,Semarang,250,13,1,0,Budget Flight
15/12/25,"Citilink , Koninklijke Luchtvaart Maatschappij",16:45,16:45,6h 25m,1,1880968.0,SUB,SIN,Economy,20,Singapura,385,14,1,0,Budget Flight
15/12/25,"Citilink , Lion Air",07:40,07:40,4h 50m,1,2457095.0,SUB,SRG,Economy,10,Semarang,290,15,1,0,Budget Flight
15/12/25,"Citilink , Lion Air",13:25,13:25,5h 45m,1,2372287.0,SRG,SUB,Economy,15,Surabaya,345,15,1,0,Budget Flight
15/12/25,"Citilink , Pelita Air",13:00,13:00,5h 50m,1,2440066.0,SRG,SUB,Economy,15,Surabaya,350,16,1,0,Budget Flight
15/12/25,Garuda Indonesia,05:10,06:45,1h 35m,0,5491400.0,SUB,CGK,Business,30,Jakarta,95,19,0,2,Mid-range Flight
15/12/25,Garuda Indonesia,05:10,16:10,10h 0m,2,21525600.0,SUB,DPS,Business,30,Bali,600,19,0,1,High-end Flight
15/12/25,Garuda Indonesia,05:10,05:10,3h 50m,1,3083973.0,SUB,SRG,Economy,20,Semarang,230,19,1,0,Budget Flight
15/12/25,Garuda Indonesia,05:50,05:50,1h 45m,0,1863939.0,CGK,SIN,Business,40,Singapura,105,19,0,2,Mid-range Flight
15/12/25,Garuda Indonesia,06:50,08:25,1h 35m,0,6211400.0,CGK,SUB,Business,30,Surabaya,95,19,0,2,Mid-range Flight
15/12/25,Garuda Indonesia,06:55,07:55,2h,0,10930744.0,SIN,CGK,Business,40,Jakarta,120,19,0,1,High-end Flight
15/12/25,Garuda Indonesia,07:00,10:25,4h 25m,1,15302800.0,DPS,SUB,Business,30,Surabaya,265,19,0,1,High-end Flight
15/12/25,Garuda Indonesia,07:05,17:40,10h 35m,1,2795800.0,SRG,SUB,Economy,20,Surabaya,635,19,1,0,Budget Flight
15/12/25,Garuda Indonesia,07:05,08:40,1h 35m,0,5491400.0,SUB,CGK,Business,30,Jakarta,95,19,0,2,Mid-range Flight
15/12/25,Garuda Indonesia,07:05,10:25,2h 20m,0,2149650.0,SUB,SIN,Economy,30,Singapura,140,19,1,0,Budget Flight
15/12/25,Garuda Indonesia,08:00,09:30,1h 30m,0,1344374.0,HLP,SUB,Economy,20,Surabaya,90,19,1,0,Budget Flight
15/12/25,Garuda Indonesia,08:45,10:25,1h 40m,0,6211400.0,CGK,SUB,Business,30,Surabaya,100,19,0,2,Mid-range Flight
15/12/25,Garuda Indonesia,09:20,09:20,1h,0,1542070.0,SUB,DPS,Economy,20,Bali,60,19,1,0,Budget Flight
15/12/25,Garuda Indonesia,09:35,09:35,2h,0,11624207.0,SIN,CGK,Business,40,Jakarta,120,19,0,1,High-end Flight
15/12/25,Garuda Indonesia,09:45,13:45,4h 0m,1,2795800.0,SRG,SUB,Economy,20,Surabaya,240,19,1,0,Budget Flight
15/12/25,Garuda Indonesia,10:15,11:45,1h 30m,0,1386641.0,SUB,HLP,Economy,20,Jakarta,90,19,1,0,Budget Flight
15/12/25,Garuda Indonesia,11:30,11:30,1h 50m,0,1779298.0,CGK,SIN,Business,40,Singapura,110,19,0,2,Mid-range Flight
15/12/25,Garuda Indonesia,11:35,17:25,4h 50m,1,21688300.0,SUB,DPS,Business,30,Bali,290,19,0,1,High-end Flight
15/12/25,Garuda Indonesia,11:55,20:10,9h 15m,1,7667300.0,DPS,SUB,Business,30,Surabaya,555,19,0,1,High-end Flight
15/12/25,Garuda Indonesia,13:00,14:30,1h 30m,0,1344374.0,HLP,SUB,Economy,20,Surabaya,90,19,1,0,Budget Flight
15/12/25,Garuda Indonesia,14:00,15:35,1h 35m,0,6211400.0,CGK,SUB,Business,30,Surabaya,95,19,0,2,Mid-range Flight
15/12/25,Garuda Indonesia,14:35,16:10,1h 35m,0,5491400.0,SUB,CGK,Business,30,Jakarta,95,19,0,2,Mid-range Flight
15/12/25,Garuda Indonesia,14:35,19:55,4h 20m,1,18391800.0,SUB,DPS,Business,30,Bali,260,19,0,1,High-end Flight
15/12/25,Garuda Indonesia,14:35,14:35,4h 10m,1,3083973.0,SUB,SRG,Economy,20,Semarang,250,19,1,0,Budget Flight
15/12/25,Garuda Indonesia,15:15,20:15,4h 0m,1,11805100.0,SUB,DPS,Business,30,Bali,240,19,0,1,High-end Flight
15/12/25,Garuda Indonesia,15:25,14:30,23h 5m,1,5561400.0,SRG,SUB,Business,30,Surabaya,1385,19,0,1,High-end Flight
15/12/25,Garuda Indonesia,15:35,17:10,1h 35m,0,1386641.0,SUB,CGK,Economy,20,Jakarta,95,19,1,0,Budget Flight
15/12/25,Garuda Indonesia,15:40,15:40,1h 45m,0,1830050.0,CGK,SIN,Business,40,Singapura,105,19,0,2,Mid-range Flight
15/12/25,Garuda Indonesia,15:40,19:10,4h 30m,1,15302800.0,DPS,SUB,Business,30,Surabaya,270,19,0,1,High-end Flight
15/12/25,Garuda Indonesia,16:00,17:40,1h 40m,0,6211400.0,CGK,SUB,Business,30,Surabaya,100,19,0,2,Mid-range Flight
15/12/25,Garuda Indonesia,16:30,18:10,1h 40m,0,7046300.0,SUB,CGK,Business,30,Jakarta,100,19,0,2,Mid-range Flight
15/12/25,Garuda Indonesia,16:30,22:30,5h 0m,1,18391800.0,SUB,DPS,Business,30,Bali,300,19,0,1,High-end Flight
15/12/25,Garuda Indonesia,16:55,16:55,1h 15m,0,1542070.0,DPS,SUB,Economy,20,Surabaya,75,19,1,0,Budget Flight
15/12/25,Garuda Indonesia,17:30,19:10,1h 40m,0,6211400.0,CGK,SUB,Business,30,Surabaya,100,19,0,2,Mid-range Flight
15/12/25,Garuda Indonesia,17:35,17:35,1h 50m,0,1830050.0,CGK,SIN,Business,40,Singapura,110,19,0,2,Mid-range Flight
15/12/25,Garuda Indonesia,18:00,18:00,3h 50m,1,3083973.0,SRG,SUB,Economy,20,Surabaya,230,19,1,0,Budget Flight
15/12/25,Garuda Indonesia,18:00,19:35,1h 35m,0,5491400.0,SUB,CGK,Business,30,Jakarta,95,19,0,2,Mid-range Flight
15/12/25,Garuda Indonesia,18:30,20:10,1h 40m,0,6211400.0,CGK,SUB,Business,30,Surabaya,100,19,0,2,Mid-range Flight
15/12/25,Garuda Indonesia,18:55,18:55,2h,0,1863939.0,CGK,SIN,Business,40,Singapura,120,19,0,2,Mid-range Flight
15/12/25,Garuda Indonesia,19:00,20:30,2h 30m,0,3282187.0,SIN,SUB,Economy,30,Surabaya,150,19,1,0,Budget Flight
15/12/25,Garuda Indonesia,19:00,20:35,1h 35m,0,7046300.0,SUB,CGK,Business,30,Jakarta,95,19,0,2,Mid-range Flight
15/12/25,Garuda Indonesia,20:05,21:45,1h 40m,0,5491400.0,SUB,CGK,Business,30,Jakarta,100,19,0,2,Mid-range Flight
15/12/25,Garuda Indonesia,20:15,21:50,1h 35m,0,8514300.0,CGK,SUB,Business,30,Surabaya,95,19,0,1,High-end Flight
15/12/25,Garuda Indonesia,21:30,22:35,2h 5m,0,2806458.0,SIN,CGK,Economy,30,Jakarta,125,19,1,0,Budget Flight
15/12/25,"Garuda Indonesia , Lion Air",15:25,15:25,4h 55m,1,2728213.0,SRG,SUB,Economy,20,Surabaya,295,20,1,0,Budget Flight
15/12/25,"Koninklijke Luchtvaart Maatschappij , Lion Air",17:05,17:05,6h 05m,1,1830050.0,SUB,SIN,Economy,20,Singapura,365,23,1,0,Budget Flight
15/12/25,Lion Air,03:30,05:00,1h 30m,0,921031.0,CGK,SUB,Economy,10,Surabaya,90,24,1,0,Budget Flight
15/12/25,Lion Air,05:05,05:05,3h 50m,1,2473956.0,SUB,DPS,Economy,10,Bali,230,24,1,0,Budget Flight
15/12/25,Lion Air,07:00,07:00,1h 0m,0,612837.0,DPS,SUB,Economy,10,Surabaya,60,24,1,0,Budget Flight
15/12/25,Lion Air,07:00,10:35,3h 35m,1,1513581.0,SRG,SUB,Economy,10,Surabaya,215,24,1,0,Budget Flight
15/12/25,Lion Air,07:40,09:10,1h 30m,0,903926.0,SUB,CGK,Economy,10,Jakarta,90,24,1,0,Budget Flight
15/12/25,Lion Air,07:55,09:55,1h 0m,0,566049.0,SUB,DPS,Economy,10,Bali,60,24,1,0,Budget Flight
15/12/25,Lion Air,08:20,08:20,4h 25m,1,2253756.0,SUB,DPS,Economy,10,Bali,265,24,1,0,Budget Flight
15/12/25,Lion Air,08:20,12:45,4h 25m,1,1713100.0,SUB,SRG,Economy,10,Semarang,265,24,1,0,Budget Flight
15/12/25,Lion Air,08:30,10:05,1h 35m,0,1019000.0,CGK,SUB,Economy,20,Surabaya,95,24,1,0,Budget Flight
15/12/25,Lion Air,09:00,10:30,1h 30m,0,973180.0,CGK,SUB,Economy,10,Surabaya,90,24,1,0,Budget Flight
15/12/25,Lion Air,09:55,11:55,1h,0,587569.0,SUB,DPS,Economy,10,Bali,60,24,1,0,Budget Flight
15/12/25,Lion Air,09:55,15:00,5h 5m,1,1598380.0,SUB,SRG,Economy,10,Semarang,305,24,1,0,Budget Flight
15/12/25,Lion Air,10:35,10:35,1h 0m,0,612837.0,DPS,SUB,Economy,10,Surabaya,60,24,1,0,Budget Flight
15/12/25,Lion Air,10:50,12:20,1h 30m,0,973180.0,CGK,SUB,Economy,10,Surabaya,90,24,1,0,Budget Flight
15/12/25,Lion Air,11:15,13:15,1h 0m,0,566049.0,SUB,DPS,Economy,10,Bali,60,24,1,0,Budget Flight
15/12/25,Lion Air,11:15,15:00,1h 25m,1,1526703.0,SUB,SRG,Economy,20,Semarang,85,24,1,0,Budget Flight
15/12/25,Lion Air,11:20,12:50,1h 30m,0,903926.0,SUB,CGK,Economy,10,Jakarta,90,24,1,0,Budget Flight
15/12/25,Lion Air,12:20,14:20,1h 0m,0,566049.0,SUB,DPS,Economy,10,Bali,60,24,1,0,Budget Flight
15/12/25,Lion Air,13:30,15:00,1h 30m,0,903926.0,SUB,CGK,Economy,10,Jakarta,90,24,1,0,Budget Flight
15/12/25,Lion Air,13:55,13:55,1h 0m,0,641635.0,DPS,SUB,Economy,10,Surabaya,60,24,1,0,Budget Flight
15/12/25,Lion Air,14:40,16:10,1h 30m,0,1007974.0,CGK,SUB,Economy,10,Surabaya,90,24,1,0,Budget Flight
15/12/25,Lion Air,17:00,18:30,1h 30m,0,1048400.0,SUB,CGK,Economy,10,Jakarta,90,24,1,0,Budget Flight
15/12/25,Lion Air,17:05,19:05,1h 0m,0,601074.0,SUB,DPS,Economy,10,Bali,60,24,1,0,Budget Flight
15/12/25,Lion Air,17:50,19:50,1h 0m,0,624683.0,SUB,DPS,Economy,10,Bali,60,24,1,0,Budget Flight
15/12/25,Lion Air,18:50,20:20,1h 30m,0,973180.0,CGK,SUB,Economy,10,Surabaya,90,24,1,0,Budget Flight
15/12/25,Lion Air,19:45,19:45,1h 0m,0,582801.0,DPS,SUB,Economy,10,Surabaya,60,24,1,0,Budget Flight
15/12/25,Lion Air,20:00,21:30,1h 30m,0,903926.0,SUB,CGK,Economy,10,Jakarta,90,24,1,0,Budget Flight
15/12/25,Lion Air,20:30,20:30,1h 0m,0,594262.0,DPS,SUB,Economy,10,Surabaya,60,24,1,0,Budget Flight
15/12/25,Lion Air,21:00,22:30,1h 30m,0,903926.0,SUB,CGK,Economy,10,Jakarta,90,24,1,0,Budget Flight
15/12/25,"Lion Air , TransNusa",10:55,19:45,9h 50m,1,2624790.0,SIN,SUB,Economy,20,Surabaya,590,27,1,0,Budget Flight
15/12/25,"Lion Air , Wings Air",06:00,06:00,2h 25m,1,2304507.0,SUB,DPS,Economy,20,Bali,145,28,1,0,Budget Flight
15/12/25,"Lion Air , Wings Air",07:10,07:10,3h 35m,1,2304507.0,SUB,DPS,Economy,10,Bali,215,28,1,0,Budget Flight
15/12/25,"Lion Air , Wings Air",07:30,07:30,2h 20m,1,2236727.0,DPS,SUB,Economy,20,Surabaya,140,28,1,0,Budget Flight
15/12/25,"Lion Air , Wings Air",09:25,09:25,3h 15m,1,2304507.0,DPS,SUB,Economy,10,Surabaya,195,28,1,0,Budget Flight
15/12/25,"Lion Air , Wings Air",09:50,09:50,2h 50m,1,2304507.0,DPS,SUB,Economy,10,Surabaya,170,28,1,0,Budget Flight
15/12/25,Malaysia Airlines,04:25,10:20,4h 55m,1,6915521.0,CGK,SIN,Business,40,Singapura,295,29,0,1,High-end Flight
15/12/25,Malaysia Airlines,06:00,17:05,12h 5m,1,5883827.0,SIN,SUB,Business,40,Surabaya,725,29,0,1,High-end Flight
15/12/25,Malaysia Airlines,09:40,15:30,4h 50m,1,6915521.0,CGK,SIN,Business,40,Singapura,290,29,0,1,High-end Flight
15/12/25,Malaysia Airlines,09:55,17:05,8h 10m,1,5883827.0,SIN,SUB,Business,40,Surabaya,490,29,0,1,High-end Flight
15/12/25,Malaysia Airlines,10:00,16:40,5h 40m,1,1509000.0,SUB,SIN,Economy,20,Singapura,340,29,1,0,Budget Flight
15/12/25,Malaysia Airlines,11:05,17:05,7h 0m,1,5883827.0,SIN,SUB,Business,40,Surabaya,420,29,0,1,High-end Flight
15/12/25,Malaysia Airlines,11:10,16:40,4h 30m,1,6915521.0,CGK,SIN,Business,40,Singapura,270,29,0,1,High-end Flight
15/12/25,Malaysia Airlines,12:15,18:35,5h 20m,1,6915521.0,CGK,SIN,Business,40,Singapura,320,29,0,1,High-end Flight
15/12/25,Malaysia Airlines,13:40,09:10,20h 30m,1,6097141.0,SIN,SUB,Business,40,Surabaya,1230,29,0,1,High-end Flight
15/12/25,Malaysia Airlines,15:25,09:10,18h 45m,1,6097141.0,SIN,SUB,Business,40,Surabaya,1125,29,0,1,High-end Flight
15/12/25,Malaysia Airlines,16:35,09:10,17h 35m,1,6097141.0,SIN,SUB,Business,40,Surabaya,1055,29,0,1,High-end Flight
15/12/25,Malaysia Airlines,18:05,00:30,5h 25m,1,7273786.0,SUB,SIN,Business,40,Singapura,325,29,0,1,High-end Flight
15/12/25,Pelita Air,06:10,07:40,1h 30m,0,1037100.0,SUB,CGK,Economy,20,Jakarta,90,31,1,0,Budget Flight
15/12/25,Pelita Air,06:40,08:15,1h 35m,0,1179000.0,CGK,SUB,Economy,20,Surabaya,95,31,1,0,Budget Flight
15/12/25,Pelita Air,07:55,07:55,1h 50m,0,2101168.0,CGK,SIN,Economy,20,Singapura,110,31,1,0,Budget Flight
15/12/25,Pelita Air,08:30,10:05,1h 35m,0,958034.0,CGK,SUB,Economy,10,Surabaya,95,31,1,0,Budget Flight
15/12/25,Pelita Air,09:00,09:00,1h 35m,0,1338731.0,SUB,CGK,Economy,20,Jakarta,95,31,1,0,Budget Flight
15/12/25,Pelita Air,10:40,10:40,1h 35m,0,1389482.0,CGK,SUB,Economy,20,Surabaya,95,31,1,0,Budget Flight
15/12/25,Pelita Air,10:50,12:25,1h 35m,0,919062.0,SUB,CGK,Economy,10,Jakarta,95,31,1,0,Budget Flight
15/12/25,Pelita Air,11:40,12:25,1h 45m,0,1471500.0,SIN,CGK,Economy,20,Jakarta,105,31,1,0,Budget Flight
15/12/25,Pelita Air,11:40,18:50,8h 10m,1,2855900.0,SIN,SUB,Economy,20,Surabaya,490,31,1,0,Budget Flight
15/12/25,Pelita Air,13:25,13:25,1h 30m,0,1338731.0,SUB,CGK,Economy,20,Jakarta,90,31,1,0,Budget Flight
15/12/25,Pelita Air,14:25,14:25,1h 35m,0,1389482.0,CGK,SUB,Economy,15,Surabaya,95,31,1,0,Budget Flight
15/12/25,Scoot,07:30,09:00,2h 30m,0,1665824.0,SIN,SUB,Economy,10,Surabaya,150,33,1,0,Budget Flight
15/12/25,Scoot,09:30,09:30,1h 55m,0,2168948.0,SIN,CGK,Economy,10,Jakarta,115,33,1,0,Budget Flight
15/12/25,Scoot,09:35,09:35,1h 50m,0,1897829.0,CGK,SIN,Economy,10,Singapura,110,33,1,0,Budget Flight
15/12/25,Scoot,09:45,13:05,2h 20m,0,1685400.0,SUB,SIN,Economy,30,Singapura,140,33,1,0,Budget Flight
15/12/25,Scoot,11:20,11:20,1h 45m,0,1813188.0,CGK,SIN,Economy,10,Singapura,105,33,1,0,Budget Flight
15/12/25,Scoot,17:00,18:30,2h 30m,0,2298500.0,SIN,SUB,Economy,30,Surabaya,150,33,1,0,Budget Flight
15/12/25,Scoot,18:25,18:25,1h 55m,0,2168948.0,SIN,CGK,Economy,10,Jakarta,115,33,1,0,Budget Flight
15/12/25,Scoot,19:30,23:00,2h 30m,0,1009700.0,SUB,SIN,Economy,30,Singapura,150,33,1,0,Budget Flight
15/12/25,Scoot,20:10,20:10,1h 50m,0,1880968.0,CGK,SIN,Economy,10,Singapura,110,33,1,0,Budget Flight
15/12/25,Scoot,20:25,21:25,2h 0m,0,1606443.0,SIN,CGK,Economy,10,Jakarta,120,33,1,0,Budget Flight
15/12/25,Scoot,22:10,22:10,1h 50m,0,1830050.0,CGK,SIN,Economy,10,Singapura,110,33,1,0,Budget Flight
15/12/25,Singapore Airlines,05:25,05:25,1h 40m,0,1999499.0,CGK,SIN,Business,40,Singapura,100,35,0,2,Mid-range Flight
15/12/25,Singapore Airlines,06:50,07:35,1h 45m,0,12941606.0,SIN,CGK,Business,40,Jakarta,105,35,0,1,High-end Flight
15/12/25,Singapore Airlines,07:40,08:30,1h 50m,0,12096052.0,SIN,CGK,Business,40,Jakarta,110,35,0,1,High-end Flight
15/12/25,Singapore Airlines,07:50,09:20,2h 30m,0,3713790.0,SIN,SUB,Economy,30,Surabaya,150,35,1,0,Budget Flight
15/12/25,Singapore Airlines,08:40,08:40,1h 40m,0,2067278.0,CGK,SIN,Business,40,Singapura,100,35,0,2,Mid-range Flight
15/12/25,Singapore Airlines,10:15,10:15,2h 20m,0,2457095.0,SUB,SIN,Economy,30,Singapura,140,35,1,0,Budget Flight
15/12/25,Singapore Airlines,12:30,12:30,1h 50m,0,12539232.0,SIN,CGK,Business,40,Jakarta,110,35,0,1,High-end Flight
15/12/25,Singapore Airlines,14:10,14:10,2h 30m,0,5846076.0,SIN,SUB,Economy,30,Surabaya,150,35,1,0,Budget Flight
15/12/25,Singapore Airlines,15:15,15:15,1h 50m,0,12556260.0,SIN,CGK,Business,40,Jakarta,110,35,0,1,High-end Flight
15/12/25,Singapore Airlines,16:10,16:10,1h 55m,0,12556260.0,SIN,CGK,Business,40,Jakarta,115,35,0,1,High-end Flight
15/12/25,Singapore Airlines,16:25,16:25,2h 25m,0,5846076.0,SIN,SUB,Economy,20,Surabaya,145,35,1,0,Budget Flight
15/12/25,Singapore Airlines,16:30,16:30,2h 25m,0,1830050.0,SUB,SIN,Economy,25,Singapura,145,35,1,0,Budget Flight
15/12/25,Singapore Airlines,17:20,17:20,1h 45m,0,12539232.0,SIN,CGK,Business,40,Jakarta,105,35,0,1,High-end Flight
15/12/25,Singapore Airlines,18:40,18:40,2h 25m,0,2457095.0,SUB,SIN,Economy,30,Singapura,145,35,1,0,Budget Flight
15/12/25,Singapore Airlines,19:00,19:00,2h 05m,0,1830050.0,CGK,SIN,Business,40,Singapura,125,35,0,2,Mid-range Flight
15/12/25,Singapore Airlines,20:20,20:20,1h 45m,0,1914858.0,CGK,SIN,Business,40,Singapura,105,35,0,2,Mid-range Flight
15/12/25,Singapore Airlines,22:40,22:40,1h 45m,0,13250918.0,SIN,CGK,Business,40,Jakarta,105,35,0,1,High-end Flight
15/12/25,Super Air Jet,13:30,15:30,1h 0m,0,541121.0,SUB,DPS,Economy,15,Bali,60,36,1,0,Budget Flight
15/12/25,Super Air Jet,16:10,16:10,1h 0m,0,576698.0,DPS,SUB,Economy,15,Surabaya,60,36,1,0,Budget Flight
15/12/25,TransNusa,07:45,10:40,1h 55m,0,1217493.0,CGK,SIN,Economy,20,Singapura,115,37,1,0,Budget Flight
15/12/25,TransNusa,11:40,12:25,1h 45m,0,1404000.0,SIN,CGK,Economy,20,Jakarta,105,37,1,0,Budget Flight
15/12/25,TransNusa,11:45,14:40,1h 55m,0,1217493.0,CGK,SIN,Economy,20,Singapura,115,37,1,0,Budget Flight
15/12/25,TransNusa,15:30,15:30,1h 45m,0,2101168.0,SIN,CGK,Economy,15,Jakarta,105,37,1,0,Budget Flight
15/12/25,Wings Air,10:00,11:10,1h 10m,0,851680.0,SRG,SUB,Economy,10,Surabaya,70,38,1,0,Budget Flight
15/12/25,Wings Air,14:30,15:25,55m,0,804482.0,SUB,SRG,Economy,10,Semarang,55,38,1,0,Budget Flight
16/12/25,AirAsia,05:00,13:40,7h 40m,1,1660400.0,SUB,SIN,Economy,15,Singapura,460,0,1,0,Budget Flight
16/12/25,AirAsia,08:25,08:25,1h 45m,0,2033388.0,CGK,SIN,Economy,20,Singapura,105,0,1,0,Budget Flight
16/12/25,AirAsia,08:55,19:25,11h 30m,1,3161900.0,SIN,SUB,Economy,15,Surabaya,690,0,1,0,Budget Flight
16/12/25,AirAsia,11:10,14:00,1h 50m,0,918027.0,CGK,SIN,Economy,10,Singapura,110,0,1,0,Budget Flight
16/12/25,AirAsia,11:20,19:40,7h 20m,1,1795400.0,SUB,SIN,Economy,15,Singapura,440,0,1,0,Budget Flight
16/12/25,AirAsia,11:50,12:35,1h 45m,0,1372029.0,SIN,CGK,Economy,10,Jakarta,105,0,1,0,Budget Flight
16/12/25,AirAsia,13:25,13:25,7h 30m,1,1779298.0,SUB,SIN,Economy,20,Singapura,450,0,1,0,Budget Flight
16/12/25,AirAsia,14:40,15:30,1h 50m,0,929474.0,SIN,CGK,Economy,10,Jakarta,110,0,1,0,Budget Flight
16/12/25,AirAsia,16:30,19:20,1h 50m,0,800621.0,CGK,SIN,Economy,10,Singapura,110,0,1,0,Budget Flight
16/12/25,AirAsia,17:40,07:05,12h 25m,1,1824100.0,SUB,SIN,Economy,15,Singapura,745,0,1,0,Budget Flight
16/12/25,AirAsia,18:35,23:25,5h 50m,1,2801300.0,SIN,SUB,Economy,15,Surabaya,350,0,1,0,Budget Flight
16/12/25,AirAsia,20:00,20:45,1h 45m,0,929474.0,SIN,CGK,Economy,10,Jakarta,105,0,1,0,Budget Flight
16/12/25,"AirAsia , Batik Air",12:30,12:30,5h 40m,1,3134891.0,SIN,SUB,Economy,20,Surabaya,340,1,1,0,Budget Flight
16/12/25,"AirAsia , Batik Air",13:25,13:25,6h 15m,1,1914858.0,SUB,SIN,Economy,20,Singapura,375,1,1,0,Budget Flight
16/12/25,"AirAsia , Batik Air",14:40,14:40,4h 50m,1,3355091.0,SIN,SUB,Economy,20,Surabaya,290,1,1,0,Budget Flight
16/12/25,"AirAsia , Citilink",10:35,10:35,6h 10m,1,2863772.0,SIN,SUB,Economy,20,Surabaya,370,2,1,0,Budget Flight
16/12/25,"AirAsia , Citilink",14:40,14:40,5h 40m,1,3067111.0,SIN,SUB,Economy,20,Surabaya,340,2,1,0,Budget Flight
16/12/25,"AirAsia , Lion Air",07:00,07:00,4h 30m,1,2541736.0,DPS,SUB,Economy,10,Surabaya,270,3,1,0,Budget Flight
16/12/25,"AirAsia , Lion Air",10:40,10:40,3h 50m,1,2118196.0,SUB,DPS,Economy,10,Bali,230,3,1,0,Budget Flight
16/12/25,"AirAsia , Lion Air",11:50,11:50,5h 20m,1,3168781.0,SIN,SUB,Economy,20,Surabaya,320,3,1,0,Budget Flight
16/12/25,"AirAsia , Pelita Air",11:50,11:50,5h 10m,1,3253422.0,SIN,SUB,Economy,20,Surabaya,310,5,1,0,Budget Flight
16/12/25,"AirAsia , Pelita Air",14:40,14:40,5h 10m,1,3083973.0,SIN,SUB,Economy,20,Surabaya,310,5,1,0,Budget Flight
16/12/25,"AirAsia , Scoot",13:25,13:25,6h,1,1863939.0,SUB,SIN,Economy,20,Singapura,360,6,1,0,Budget Flight
16/12/25,Batik Air,05:00,06:20,1h 20m,0,1751949.0,SUB,HLP,Business,30,Jakarta,80,8,0,2,Mid-range Flight
16/12/25,Batik Air,05:00,05:00,7h 45m,1,6913522.0,SUB,SIN,Business,30,Singapura,465,8,0,1,High-end Flight
16/12/25,Batik Air,05:05,06:35,1h 30m,0,920506.0,SUB,CGK,Economy,20,Jakarta,90,8,1,0,Budget Flight
16/12/25,Batik Air,05:05,13:35,7h 30m,1,5150280.0,SUB,DPS,Business,30,Bali,450,8,0,1,High-end Flight
16/12/25,Batik Air,05:05,13:45,7h 40m,1,5391180.0,SUB,SIN,Business,30,Singapura,460,8,0,1,High-end Flight
16/12/25,Batik Air,05:05,08:45,3h 40m,1,2069700.0,SUB,SRG,Economy,20,Semarang,220,8,1,0,Budget Flight
16/12/25,Batik Air,05:15,07:15,1h 0m,0,727480.0,SUB,DPS,Economy,20,Bali,60,8,1,0,Budget Flight
16/12/25,Batik Air,05:15,05:15,10h 15m,1,5371619.0,SUB,SIN,Business,30,Singapura,615,8,0,1,High-end Flight
16/12/25,Batik Air,05:25,06:50,1h 25m,0,1763600.0,CGK,SUB,Business,30,Surabaya,85,8,0,2,Mid-range Flight
16/12/25,Batik Air,05:25,06:50,1h 25m,0,1729479.0,HLP,SUB,Business,30,Surabaya,85,8,0,2,Mid-range Flight
16/12/25,Batik Air,06:00,07:30,1h 30m,0,1774538.0,CGK,SUB,Business,30,Surabaya,90,8,0,2,Mid-range Flight
16/12/25,Batik Air,06:20,08:20,1h 0m,0,727480.0,SUB,DPS,Economy,20,Bali,60,8,1,0,Budget Flight
16/12/25,Batik Air,06:20,06:20,9h 10m,1,5371619.0,SUB,SIN,Business,30,Singapura,550,8,0,1,High-end Flight
16/12/25,Batik Air,07:00,13:30,6h 30m,1,2110600.0,SRG,SUB,Economy,20,Surabaya,390,8,1,0,Budget Flight
16/12/25,Batik Air,07:30,08:50,1h 20m,0,1802380.0,SUB,CGK,Business,30,Jakarta,80,8,0,2,Mid-range Flight
16/12/25,Batik Air,07:30,07:30,1h 20m,0,3490651.0,SUB,HLP,Business,30,Jakarta,80,8,0,2,Mid-range Flight
16/12/25,Batik Air,07:30,07:30,7h 25m,1,4846243.0,SUB,SRG,Business,30,Semarang,445,8,0,1,High-end Flight
16/12/25,Batik Air,07:45,07:45,1h 45m,0,2677295.0,CGK,SIN,Business,30,Singapura,105,8,0,2,Mid-range Flight
16/12/25,Batik Air,07:50,11:30,3h 40m,1,1990300.0,SUB,SRG,Economy,20,Semarang,220,8,1,0,Budget Flight
16/12/25,Batik Air,08:00,09:30,1h 30m,0,1774538.0,CGK,SUB,Business,30,Surabaya,90,8,0,2,Mid-range Flight
16/12/25,Batik Air,08:30,10:00,1h 30m,0,1740598.0,SUB,CGK,Business,30,Jakarta,90,8,0,2,Mid-range Flight
16/12/25,Batik Air,08:30,20:30,11h 0m,1,5391180.0,SUB,SIN,Business,30,Singapura,660,8,0,1,High-end Flight
16/12/25,Batik Air,08:30,14:55,6h 25m,1,2069700.0,SUB,SRG,Economy,20,Semarang,385,8,1,0,Budget Flight
16/12/25,Batik Air,08:40,20:40,11h 0m,1,1396500.0,SUB,SIN,Economy,10,Singapura,660,8,1,0,Budget Flight
16/12/25,Batik Air,08:50,08:50,1h 25m,0,1948747.0,HLP,SUB,Economy,20,Surabaya,85,8,1,0,Budget Flight
16/12/25,Batik Air,09:30,10:55,1h 25m,0,1763600.0,CGK,SUB,Business,30,Surabaya,85,8,0,2,Mid-range Flight
16/12/25,Batik Air,09:30,10:55,1h 25m,0,1729479.0,HLP,SUB,Business,30,Surabaya,85,8,0,2,Mid-range Flight
16/12/25,Batik Air,09:30,13:30,4h 0m,1,2064100.0,SRG,SUB,Economy,20,Surabaya,240,8,1,0,Budget Flight
16/12/25,Batik Air,10:10,11:40,1h 30m,0,1740598.0,SUB,CGK,Business,30,Jakarta,90,8,0,2,Mid-range Flight
16/12/25,Batik Air,10:10,20:30,9h 20m,1,5391200.0,SUB,SIN,Business,30,Singapura,560,8,0,1,High-end Flight
16/12/25,Batik Air,10:10,14:55,4h 45m,1,2071700.0,SUB,SRG,Economy,20,Semarang,285,8,1,0,Budget Flight
16/12/25,Batik Air,10:15,15:00,4h 45m,1,2066200.0,SRG,SUB,Economy,20,Surabaya,285,8,1,0,Budget Flight
16/12/25,Batik Air,10:30,15:30,6h 0m,1,4705000.0,SIN,CGK,Business,10,Jakarta,360,8,0,0,Budget Flight
16/12/25,Batik Air,10:30,19:05,9h 35m,1,2039000.0,SIN,SUB,Economy,10,Surabaya,575,8,1,0,Budget Flight
16/12/25,Batik Air,10:55,12:15,1h 20m,0,1802380.0,SUB,CGK,Business,30,Jakarta,80,8,0,2,Mid-range Flight
16/12/25,Batik Air,10:55,12:15,1h 20m,0,1751949.0,SUB,HLP,Business,30,Jakarta,80,8,0,2,Mid-range Flight
16/12/25,Batik Air,10:55,10:55,6h 40m,1,4846243.0,SUB,SRG,Business,30,Semarang,400,8,0,1,High-end Flight
16/12/25,Batik Air,11:00,13:45,1h 45m,0,1301800.0,CGK,SIN,Economy,20,Singapura,105,8,1,0,Budget Flight
16/12/25,Batik Air,11:20,11:20,1h 50m,0,2541736.0,SIN,CGK,Economy,20,Jakarta,110,8,1,0,Budget Flight
16/12/25,Batik Air,11:20,16:50,6h 30m,1,6275900.0,SIN,SUB,Business,30,Surabaya,390,8,0,1,High-end Flight
16/12/25,Batik Air,11:35,11:35,1h 20m,0,1999499.0,SUB,HLP,Economy,20,Jakarta,80,8,1,0,Budget Flight
16/12/25,Batik Air,11:35,11:35,7h 55m,1,6913522.0,SUB,SIN,Business,40,Singapura,475,8,0,1,High-end Flight
16/12/25,Batik Air,11:40,11:40,5h 10m,1,3846577.0,SRG,SUB,Business,30,Surabaya,310,8,0,2,Mid-range Flight
16/12/25,Batik Air,12:00,12:00,1h 30m,0,1863939.0,CGK,SUB,Economy,20,Surabaya,90,8,1,0,Budget Flight
16/12/25,Batik Air,12:15,12:15,4h 35m,1,3846577.0,SRG,SUB,Business,30,Surabaya,275,8,0,2,Mid-range Flight
16/12/25,Batik Air,12:30,15:15,1h 45m,0,1301800.0,CGK,SIN,Economy,20,Singapura,105,8,1,0,Budget Flight
16/12/25,Batik Air,12:30,19:10,7h 40m,1,5930800.0,SIN,CGK,Business,30,Jakarta,460,8,0,1,High-end Flight
16/12/25,Batik Air,12:30,19:05,7h 35m,1,2658500.0,SIN,SUB,Economy,30,Surabaya,455,8,1,0,Budget Flight
16/12/25,Batik Air,13:30,15:00,1h 30m,0,1809600.0,CGK,SUB,Business,30,Surabaya,90,8,0,2,Mid-range Flight
16/12/25,Batik Air,13:35,15:00,1h 25m,0,1763600.0,CGK,SUB,Business,30,Surabaya,85,8,0,2,Mid-range Flight
16/12/25,Batik Air,13:35,15:00,1h 25m,0,1729479.0,HLP,SUB,Business,30,Surabaya,85,8,0,2,Mid-range Flight
16/12/25,Batik Air,14:10,15:40,1h 30m,0,1740598.0,SUB,CGK,Business,30,Jakarta,90,8,0,2,Mid-range Flight
16/12/25,Batik Air,14:10,14:10,6h 50m,1,3846577.0,SUB,SRG,Business,30,Semarang,410,8,0,2,Mid-range Flight
16/12/25,Batik Air,14:45,14:45,1h 50m,0,2897662.0,SIN,CGK,Economy,20,Jakarta,110,8,1,0,Budget Flight
16/12/25,Batik Air,14:45,21:30,7h 45m,1,6275900.0,SIN,SUB,Business,30,Surabaya,465,8,0,1,High-end Flight
16/12/25,Batik Air,15:20,16:50,1h 30m,0,1774538.0,CGK,SUB,Business,30,Surabaya,90,8,0,2,Mid-range Flight
16/12/25,Batik Air,15:35,15:35,5h 55m,1,3846577.0,SRG,SUB,Business,30,Surabaya,355,8,0,2,Mid-range Flight
16/12/25,Batik Air,15:40,15:40,1h 20m,0,3490651.0,SUB,HLP,Business,30,Jakarta,80,8,0,2,Mid-range Flight
16/12/25,Batik Air,15:50,17:15,1h 25m,0,1729479.0,HLP,SUB,Business,30,Surabaya,85,8,0,2,Mid-range Flight
16/12/25,Batik Air,16:00,17:30,1h 30m,0,1809600.0,CGK,SUB,Business,30,Surabaya,90,8,0,2,Mid-range Flight
16/12/25,Batik Air,16:10,17:00,1h 50m,0,2332100.0,SIN,CGK,Economy,20,Jakarta,110,8,1,0,Budget Flight
16/12/25,Batik Air,16:25,17:55,1h 30m,0,1740598.0,SUB,CGK,Business,30,Jakarta,90,8,0,2,Mid-range Flight
16/12/25,Batik Air,16:25,21:00,4h 35m,1,2116100.0,SUB,SRG,Economy,20,Semarang,275,8,1,0,Budget Flight
16/12/25,Batik Air,16:35,18:00,1h 25m,0,1729479.0,HLP,SUB,Business,30,Surabaya,85,8,0,2,Mid-range Flight
16/12/25,Batik Air,17:00,18:30,1h 30m,0,1809600.0,CGK,SUB,Business,30,Surabaya,90,8,0,2,Mid-range Flight
16/12/25,Batik Air,17:10,23:10,7h 0m,1,2309100.0,SIN,CGK,Economy,30,Jakarta,420,8,1,0,Budget Flight
16/12/25,Batik Air,17:30,17:30,1h 50m,0,2897662.0,SIN,CGK,Economy,20,Jakarta,110,8,1,0,Budget Flight
16/12/25,Batik Air,17:30,19:00,1h 30m,0,1740598.0,SUB,CGK,Business,30,Jakarta,90,8,0,2,Mid-range Flight
16/12/25,Batik Air,17:45,20:30,1h 45m,0,1012500.0,CGK,SIN,Economy,20,Singapura,105,8,1,0,Budget Flight
16/12/25,Batik Air,17:55,17:55,1h 20m,0,2423205.0,SUB,HLP,Business,30,Jakarta,80,8,0,2,Mid-range Flight
16/12/25,Batik Air,18:10,19:40,1h 30m,0,920506.0,SUB,CGK,Economy,20,Jakarta,90,8,1,0,Budget Flight
16/12/25,Batik Air,18:30,21:15,1h 45m,0,1012500.0,CGK,SIN,Economy,20,Singapura,105,8,1,0,Budget Flight
16/12/25,Batik Air,18:40,18:40,1h 20m,0,3490651.0,SUB,HLP,Business,30,Jakarta,80,8,0,2,Mid-range Flight
16/12/25,Batik Air,18:45,18:45,1h 0m,0,692000.0,DPS,SUB,Economy,20,Surabaya,60,8,1,0,Budget Flight
16/12/25,Batik Air,19:15,20:45,1h 30m,0,1740598.0,SUB,CGK,Business,30,Jakarta,90,8,0,2,Mid-range Flight
16/12/25,Batik Air,20:00,21:30,1h 30m,0,1774538.0,CGK,SUB,Business,30,Surabaya,90,8,0,2,Mid-range Flight
16/12/25,Batik Air,20:15,21:40,1h 25m,0,1729479.0,HLP,SUB,Business,30,Surabaya,85,8,0,2,Mid-range Flight
16/12/25,Batik Air,20:30,20:30,1h 0m,0,692000.0,DPS,SUB,Economy,20,Surabaya,60,8,1,0,Budget Flight
16/12/25,Batik Air,21:25,22:15,1h 50m,0,1982600.0,SIN,CGK,Economy,20,Jakarta,110,8,1,0,Budget Flight
16/12/25,Batik Air,22:10,23:00,1h 50m,0,1982600.0,SIN,CGK,Economy,20,Jakarta,110,8,1,0,Budget Flight
16/12/25,Batik Air,22:10,07:30,10h 20m,1,3088700.0,SIN,SUB,Economy,20,Surabaya,620,8,1,0,Budget Flight
16/12/25,"Batik Air , Citilink",05:35,05:35,4h,1,2575626.0,SUB,SRG,Economy,20,Semarang,240,9,1,0,Budget Flight
16/12/25,"Batik Air , Citilink",09:30,09:30,4h 05m,1,2643405.0,SRG,SUB,Economy,15,Surabaya,245,9,1,0,Budget Flight
16/12/25,"Batik Air , Citilink",13:00,13:00,3h 50m,1,2897662.0,SRG,SUB,Economy,15,Surabaya,230,9,1,0,Budget Flight
16/12/25,"Batik Air , Citilink",15:35,15:35,3h 45m,1,2795993.0,SRG,SUB,Economy,20,Surabaya,225,9,1,0,Budget Flight
16/12/25,"Batik Air , Lion Air",06:20,06:20,4h 40m,1,2660434.0,SUB,SRG,Economy,20,Semarang,280,10,1,0,Budget Flight
16/12/25,"Batik Air , Lion Air",07:00,12:20,5h 20m,1,1833500.0,SRG,SUB,Economy,20,Surabaya,320,10,1,0,Budget Flight
16/12/25,"Batik Air , Lion Air",11:40,11:40,4h 30m,1,2745075.0,SRG,SUB,Economy,10,Surabaya,270,10,1,0,Budget Flight
16/12/25,"Batik Air , Lion Air",12:15,12:15,3h 55m,1,2745075.0,SRG,SUB,Economy,20,Surabaya,235,10,1,0,Budget Flight
16/12/25,"Batik Air , Lion Air",13:30,13:30,4h 05m,1,2745075.0,SUB,SRG,Economy,10,Semarang,245,10,1,0,Budget Flight
16/12/25,"Batik Air , Lion Air",15:35,15:35,4h 45m,1,2694323.0,SRG,SUB,Economy,10,Surabaya,285,10,1,0,Budget Flight
16/12/25,"Batik Air , Pelita Air",06:10,06:10,4h 50m,1,2643405.0,SUB,SRG,Economy,20,Semarang,290,11,1,0,Budget Flight
16/12/25,"Batik Air , Pelita Air",12:15,12:15,3h 45m,1,2948414.0,SRG,SUB,Economy,20,Surabaya,225,11,1,0,Budget Flight
16/12/25,Citilink,05:25,07:00,1h 35m,0,1034700.0,CGK,SUB,Economy,15,Surabaya,95,12,1,0,Budget Flight
16/12/25,Citilink,05:35,07:10,1h 35m,0,959800.0,SUB,CGK,Economy,15,Jakarta,95,12,1,0,Budget Flight
16/12/25,Citilink,06:20,09:10,1h 50m,0,1134700.0,CGK,SIN,Economy,15,Singapura,110,12,1,0,Budget Flight
16/12/25,Citilink,07:00,08:35,1h 35m,0,1034700.0,CGK,SUB,Economy,15,Surabaya,95,12,1,0,Budget Flight
16/12/25,Citilink,07:05,07:10,1h 5m,0,749900.0,DPS,SUB,Economy,15,Surabaya,65,12,1,0,Budget Flight
16/12/25,Citilink,07:35,09:10,1h 35m,0,1055000.0,SUB,CGK,Economy,15,Jakarta,95,12,1,0,Budget Flight
16/12/25,Citilink,07:35,16:15,8h 40m,1,1854900.0,SUB,SRG,Economy,15,Semarang,520,12,1,0,Budget Flight
16/12/25,Citilink,08:25,08:25,1h 25m,0,1372621.0,CGK,SUB,Economy,15,Surabaya,85,12,1,0,Budget Flight
16/12/25,Citilink,09:10,10:45,1h 35m,0,1055000.0,SUB,CGK,Economy,15,Jakarta,95,12,1,0,Budget Flight
16/12/25,Citilink,09:10,16:15,7h 5m,1,1854900.0,SUB,SRG,Economy,15,Semarang,425,12,1,0,Budget Flight
16/12/25,Citilink,10:10,11:00,1h 50m,0,1586412.0,SIN,CGK,Economy,10,Jakarta,110,12,1,0,Budget Flight
16/12/25,Citilink,10:10,14:40,2h 5m,1,2389142.0,SIN,SUB,Economy,10,Surabaya,125,12,1,0,Budget Flight
16/12/25,Citilink,10:25,10:25,1h 35m,0,1423372.0,CGK,SUB,Economy,15,Surabaya,95,12,1,0,Budget Flight
16/12/25,Citilink,10:25,10:25,1h 35m,0,1338731.0,SUB,CGK,Economy,15,Jakarta,95,12,1,0,Budget Flight
16/12/25,Citilink,10:25,10:25,5h 50m,1,2168948.0,SUB,SRG,Economy,20,Semarang,350,12,1,0,Budget Flight
16/12/25,Citilink,11:20,19:10,7h 50m,1,2082360.0,SRG,SUB,Economy,15,Surabaya,470,12,1,0,Budget Flight
16/12/25,Citilink,12:00,13:35,1h 35m,0,1089500.0,CGK,SUB,Economy,15,Surabaya,95,12,1,0,Budget Flight
16/12/25,Citilink,12:45,12:45,1h 05m,0,1067612.0,SUB,DPS,Economy,15,Bali,65,12,1,0,Budget Flight
16/12/25,Citilink,12:50,14:25,1h 35m,0,1055000.0,SUB,CGK,Economy,15,Jakarta,95,12,1,0,Budget Flight
16/12/25,Citilink,13:05,14:40,1h 35m,0,1089500.0,CGK,SUB,Economy,15,Surabaya,95,12,1,0,Budget Flight
16/12/25,Citilink,14:10,15:45,1h 35m,0,1055000.0,SUB,CGK,Economy,15,Jakarta,95,12,1,0,Budget Flight
16/12/25,Citilink,14:40,16:10,1h 30m,0,875500.0,CGK,SUB,Economy,10,Surabaya,90,12,1,0,Budget Flight
16/12/25,Citilink,15:35,17:10,1h 35m,0,1055000.0,SUB,CGK,Economy,15,Jakarta,95,12,1,0,Budget Flight
16/12/25,Citilink,15:40,15:45,1h 5m,0,786800.0,DPS,SUB,Economy,15,Surabaya,65,12,1,0,Budget Flight
16/12/25,Citilink,16:45,18:15,1h 30m,0,1066300.0,HLP,SUB,Economy,15,Surabaya,90,12,1,0,Budget Flight
16/12/25,Citilink,16:45,20:40,3h 55m,1,1837100.0,SRG,SUB,Economy,15,Surabaya,235,12,1,0,Budget Flight
16/12/25,Citilink,16:45,18:50,1h 5m,0,740844.0,SUB,DPS,Economy,15,Bali,65,12,1,0,Budget Flight
16/12/25,Citilink,17:10,20:00,1h 50m,0,896697.0,CGK,SIN,Economy,10,Singapura,110,12,1,0,Budget Flight
16/12/25,Citilink,17:45,19:20,1h 35m,0,1039800.0,CGK,SUB,Economy,15,Surabaya,95,12,1,0,Budget Flight
16/12/25,Citilink,19:00,20:40,1h 40m,0,1034700.0,CGK,SUB,Economy,15,Surabaya,100,12,1,0,Budget Flight
16/12/25,Citilink,19:25,19:30,1h 5m,0,749900.0,DPS,SUB,Economy,15,Surabaya,65,12,1,0,Budget Flight
16/12/25,Citilink,19:45,19:45,1h 05m,0,1067612.0,SUB,DPS,Economy,15,Bali,65,12,1,0,Budget Flight
16/12/25,Citilink,20:50,22:25,1h 35m,0,970556.0,SUB,CGK,Economy,10,Jakarta,95,12,1,0,Budget Flight
16/12/25,Citilink,21:00,21:50,1h 50m,0,1396602.0,SIN,CGK,Economy,10,Jakarta,110,12,1,0,Budget Flight
16/12/25,Citilink,21:00,07:00,11h 0m,1,2848500.0,SIN,SUB,Economy,15,Surabaya,660,12,1,0,Budget Flight
16/12/25,"Citilink , Koninklijke Luchtvaart Maatschappij",16:45,16:45,6h 25m,1,1880968.0,SUB,SIN,Economy,20,Singapura,385,14,1,0,Budget Flight
16/12/25,"Citilink , Lion Air",07:40,07:40,4h 50m,1,2321535.0,SUB,SRG,Economy,10,Semarang,290,15,1,0,Budget Flight
16/12/25,"Citilink , Lion Air",09:15,09:15,3h 30m,1,2202838.0,SUB,SRG,Economy,10,Semarang,210,15,1,0,Budget Flight
16/12/25,"Citilink , Lion Air",11:20,11:20,4h 55m,1,2389315.0,SUB,SRG,Economy,10,Semarang,295,15,1,0,Budget Flight
16/12/25,"Citilink , Lion Air",11:40,11:40,4h 05m,1,2338397.0,SRG,SUB,Economy,20,Surabaya,245,15,1,0,Budget Flight
16/12/25,"Citilink , Lion Air",13:25,19:10,5h 45m,1,1831725.0,SRG,SUB,Economy,10,Surabaya,345,15,1,0,Budget Flight
16/12/25,"Citilink , Lion Air",15:00,15:00,5h 10m,1,2304507.0,DPS,SUB,Economy,20,Surabaya,310,15,1,0,Budget Flight
16/12/25,"Citilink , Lion Air",16:45,16:45,3h 25m,1,2202838.0,SUB,SRG,Economy,10,Semarang,205,15,1,0,Budget Flight
16/12/25,"Citilink , Scoot",10:40,10:40,6h 05m,1,2931552.0,SIN,SUB,Economy,20,Surabaya,365,17,1,0,Budget Flight
16/12/25,Garuda Indonesia,05:10,06:45,1h 35m,0,5491400.0,SUB,CGK,Business,30,Jakarta,95,19,0,2,Mid-range Flight
16/12/25,Garuda Indonesia,05:10,14:40,9h 30m,1,2712200.0,SUB,SRG,Economy,20,Semarang,570,19,1,0,Budget Flight
16/12/25,Garuda Indonesia,05:50,08:35,1h 45m,0,1617100.0,CGK,SIN,Economy,30,Singapura,105,19,1,0,Budget Flight
16/12/25,Garuda Indonesia,06:50,08:25,1h 35m,0,5493700.0,CGK,SUB,Business,30,Surabaya,95,19,0,2,Mid-range Flight
16/12/25,Garuda Indonesia,06:55,07:55,2h 0m,0,2806458.0,SIN,CGK,Economy,30,Jakarta,120,19,1,0,Budget Flight
16/12/25,Garuda Indonesia,07:00,10:25,4h 25m,1,21533600.0,DPS,SUB,Business,30,Surabaya,265,19,0,1,High-end Flight
16/12/25,Garuda Indonesia,07:05,13:45,6h 40m,1,2709200.0,SRG,SUB,Economy,20,Surabaya,400,19,1,0,Budget Flight
16/12/25,Garuda Indonesia,07:05,08:40,1h 35m,0,7690400.0,SUB,CGK,Business,30,Jakarta,95,19,0,2,Mid-range Flight
16/12/25,Garuda Indonesia,07:05,07:05,2h 20m,0,2473956.0,SUB,SIN,Economy,30,Singapura,140,19,1,0,Budget Flight
16/12/25,Garuda Indonesia,08:45,10:25,1h 40m,0,7035100.0,CGK,SUB,Business,30,Surabaya,100,19,0,2,Mid-range Flight
16/12/25,Garuda Indonesia,08:55,08:55,2h,0,3253422.0,CGK,SIN,Business,40,Singapura,120,19,0,2,Mid-range Flight
16/12/25,Garuda Indonesia,09:20,16:45,7h 25m,1,15307500.0,SUB,CGK,Business,30,Jakarta,445,19,0,1,High-end Flight
16/12/25,Garuda Indonesia,09:20,09:20,1h,0,7201669.0,SUB,DPS,Economy,30,Bali,60,19,1,0,Budget Flight
16/12/25,Garuda Indonesia,09:45,13:45,4h 0m,1,10196000.0,SRG,SUB,Business,30,Surabaya,240,19,0,1,High-end Flight
16/12/25,Garuda Indonesia,11:15,11:15,6h 55m,1,9302838.0,SIN,SUB,Business,40,Surabaya,415,19,0,1,High-end Flight
16/12/25,Garuda Indonesia,11:30,11:30,1h 50m,0,3134891.0,CGK,SIN,Business,40,Singapura,110,19,0,2,Mid-range Flight
16/12/25,Garuda Indonesia,11:35,13:10,1h 35m,0,5491400.0,SUB,CGK,Business,30,Jakarta,95,19,0,2,Mid-range Flight
16/12/25,Garuda Indonesia,11:35,09:00,21h 25m,1,5564100.0,SUB,SRG,Business,30,Semarang,1285,19,0,1,High-end Flight
16/12/25,Garuda Indonesia,12:05,13:45,1h 40m,0,7673600.0,CGK,SUB,Business,30,Surabaya,100,19,0,2,Mid-range Flight
16/12/25,Garuda Indonesia,12:05,17:40,6h 35m,2,20764000.0,DPS,SUB,Business,30,Surabaya,395,19,0,1,High-end Flight
16/12/25,Garuda Indonesia,12:50,20:10,7h 20m,1,2681900.0,SRG,SUB,Economy,20,Surabaya,440,19,1,0,Budget Flight
16/12/25,Garuda Indonesia,12:55,14:00,2h 5m,0,15015126.0,SIN,CGK,Business,40,Jakarta,125,19,0,1,High-end Flight
16/12/25,Garuda Indonesia,13:00,14:30,1h 30m,0,1344374.0,HLP,SUB,Economy,20,Surabaya,90,19,1,0,Budget Flight
16/12/25,Garuda Indonesia,13:25,17:40,5h 15m,1,21533600.0,DPS,SUB,Business,30,Surabaya,315,19,0,1,High-end Flight
16/12/25,Garuda Indonesia,14:00,15:35,1h 35m,0,5493700.0,CGK,SUB,Business,30,Surabaya,95,19,0,2,Mid-range Flight
16/12/25,Garuda Indonesia,14:35,14:35,4h 10m,1,6879632.0,SUB,SRG,Business,30,Semarang,250,19,0,1,High-end Flight
16/12/25,Garuda Indonesia,15:15,16:45,1h 30m,0,1386641.0,SUB,HLP,Economy,20,Jakarta,90,19,1,0,Budget Flight
16/12/25,Garuda Indonesia,15:15,09:00,17h 45m,1,5564100.0,SUB,SRG,Business,30,Semarang,1065,19,0,1,High-end Flight
16/12/25,Garuda Indonesia,15:25,21:50,6h 25m,1,2681900.0,SRG,SUB,Economy,20,Surabaya,385,19,1,0,Budget Flight
16/12/25,Garuda Indonesia,15:30,15:30,2h,0,11624207.0,SIN,CGK,Business,40,Jakarta,120,19,0,1,High-end Flight
16/12/25,Garuda Indonesia,15:40,15:40,1h 45m,0,3202671.0,CGK,SIN,Business,40,Singapura,105,19,0,2,Mid-range Flight
16/12/25,Garuda Indonesia,16:00,17:40,1h 40m,0,5493700.0,CGK,SUB,Business,30,Surabaya,100,19,0,2,Mid-range Flight
16/12/25,Garuda Indonesia,16:10,20:10,5h 0m,1,15302800.0,DPS,SUB,Business,30,Surabaya,300,19,0,1,High-end Flight
16/12/25,Garuda Indonesia,16:30,18:10,1h 40m,0,5491400.0,SUB,CGK,Business,30,Jakarta,100,19,0,2,Mid-range Flight
16/12/25,Garuda Indonesia,16:30,09:00,16h 30m,1,5564100.0,SUB,SRG,Business,30,Semarang,990,19,0,1,High-end Flight
16/12/25,Garuda Indonesia,16:55,16:55,1h 15m,0,1542070.0,DPS,SUB,Economy,20,Surabaya,75,19,1,0,Budget Flight
16/12/25,Garuda Indonesia,17:35,17:35,1h 50m,0,3761769.0,CGK,SIN,Business,40,Singapura,110,19,0,2,Mid-range Flight
16/12/25,Garuda Indonesia,18:00,18:00,3h 50m,1,3083973.0,SRG,SUB,Economy,15,Surabaya,230,19,1,0,Budget Flight
16/12/25,Garuda Indonesia,18:00,19:35,1h 35m,0,5491400.0,SUB,CGK,Business,30,Jakarta,95,19,0,2,Mid-range Flight
16/12/25,Garuda Indonesia,18:00,14:40,20h 40m,1,5564100.0,SUB,SRG,Business,30,Semarang,1240,19,0,1,High-end Flight
16/12/25,Garuda Indonesia,18:30,20:10,1h 40m,0,2801000.0,CGK,SUB,Business,30,Surabaya,100,19,0,2,Mid-range Flight
16/12/25,Garuda Indonesia,18:55,18:55,2h,0,3117863.0,CGK,SIN,Business,40,Singapura,120,19,0,2,Mid-range Flight
16/12/25,Garuda Indonesia,19:00,19:00,2h 30m,0,3388981.0,SIN,SUB,Economy,30,Surabaya,150,19,1,0,Budget Flight
16/12/25,Garuda Indonesia,19:00,20:35,1h 35m,0,5491400.0,SUB,CGK,Business,30,Jakarta,95,19,0,2,Mid-range Flight
16/12/25,Garuda Indonesia,19:00,14:40,19h 40m,1,5564100.0,SUB,SRG,Business,30,Semarang,1180,19,0,1,High-end Flight
16/12/25,Garuda Indonesia,19:30,20:30,2h 0m,0,15015126.0,SIN,CGK,Business,40,Jakarta,120,19,0,1,High-end Flight
16/12/25,Garuda Indonesia,20:15,21:50,1h 35m,0,5493700.0,CGK,SUB,Business,30,Surabaya,95,19,0,2,Mid-range Flight
16/12/25,"Jetstar Airways , Lion Air",11:15,11:15,6h,1,1863939.0,SUB,SIN,Economy,20,Singapura,360,22,1,0,Budget Flight
16/12/25,"Koninklijke Luchtvaart Maatschappij , Lion Air",17:05,17:05,6h 05m,1,1830050.0,SUB,SIN,Economy,20,Singapura,365,23,1,0,Budget Flight
16/12/25,Lion Air,03:30,05:00,1h 30m,0,831191.0,CGK,SUB,Economy,10,Surabaya,90,24,1,0,Budget Flight
16/12/25,Lion Air,05:05,05:05,3h 50m,1,2473956.0,SUB,DPS,Economy,30,Bali,230,24,1,0,Budget Flight
16/12/25,Lion Air,07:00,07:00,1h 0m,0,605900.0,DPS,SUB,Economy,10,Surabaya,60,24,1,0,Budget Flight
16/12/25,Lion Air,07:00,10:35,3h 35m,1,1529045.0,SRG,SUB,Economy,10,Surabaya,215,24,1,0,Budget Flight
16/12/25,Lion Air,07:40,09:10,1h 30m,0,886458.0,SUB,CGK,Economy,10,Jakarta,90,24,1,0,Budget Flight
16/12/25,Lion Air,07:55,09:55,1h 0m,0,583713.0,SUB,DPS,Economy,10,Bali,60,24,1,0,Budget Flight
16/12/25,Lion Air,07:55,15:00,7h 5m,1,1598380.0,SUB,SRG,Economy,10,Semarang,425,24,1,0,Budget Flight
16/12/25,Lion Air,08:20,08:20,4h 25m,1,2304507.0,SUB,DPS,Economy,10,Bali,265,24,1,0,Budget Flight
16/12/25,Lion Air,08:20,08:20,4h 25m,1,1999499.0,SUB,SRG,Economy,10,Semarang,265,24,1,0,Budget Flight
16/12/25,Lion Air,09:00,10:30,1h 30m,0,884531.0,CGK,SUB,Economy,10,Surabaya,90,24,1,0,Budget Flight
16/12/25,Lion Air,09:55,11:55,1h,0,587569.0,SUB,DPS,Economy,10,Bali,60,24,1,0,Budget Flight
16/12/25,Lion Air,09:55,15:00,5h 5m,1,1598380.0,SUB,SRG,Economy,10,Semarang,305,24,1,0,Budget Flight
16/12/25,Lion Air,10:25,10:25,4h 20m,1,2541736.0,SUB,DPS,Economy,10,Bali,260,24,1,0,Budget Flight
16/12/25,Lion Air,10:35,10:35,1h,0,624779.0,DPS,SUB,Economy,10,Surabaya,60,24,1,0,Budget Flight
16/12/25,Lion Air,10:50,12:20,1h 30m,0,884531.0,CGK,SUB,Economy,10,Surabaya,90,24,1,0,Budget Flight
16/12/25,Lion Air,11:15,13:15,1h 0m,0,583713.0,SUB,DPS,Economy,10,Bali,60,24,1,0,Budget Flight
16/12/25,Lion Air,11:15,15:00,3h 45m,1,1526967.0,SUB,SRG,Economy,10,Semarang,225,24,1,0,Budget Flight
16/12/25,Lion Air,11:20,12:50,1h 30m,0,886458.0,SUB,CGK,Economy,10,Jakarta,90,24,1,0,Budget Flight
16/12/25,Lion Air,12:20,14:20,1h 0m,0,583713.0,SUB,DPS,Economy,10,Bali,60,24,1,0,Budget Flight
16/12/25,Lion Air,12:20,20:10,7h 50m,1,1658300.0,SUB,SRG,Economy,10,Semarang,470,24,1,0,Budget Flight
16/12/25,Lion Air,13:30,15:00,1h 30m,0,886458.0,SUB,CGK,Economy,10,Jakarta,90,24,1,0,Budget Flight
16/12/25,Lion Air,13:30,15:00,1h 30m,0,1386641.0,SUB,HLP,Economy,20,Jakarta,90,24,1,0,Budget Flight
16/12/25,Lion Air,13:55,13:55,1h 0m,0,696900.0,DPS,SUB,Economy,10,Surabaya,60,24,1,0,Budget Flight
16/12/25,Lion Air,14:40,16:10,1h 30m,0,831191.0,CGK,SUB,Economy,10,Surabaya,90,24,1,0,Budget Flight
16/12/25,Lion Air,14:40,14:40,4h 10m,1,2490984.0,DPS,SUB,Economy,20,Surabaya,250,24,1,0,Budget Flight
16/12/25,Lion Air,17:00,18:30,1h 30m,0,946500.0,SUB,CGK,Economy,10,Jakarta,90,24,1,0,Budget Flight
16/12/25,Lion Air,17:05,19:05,1h 0m,0,613619.0,SUB,DPS,Economy,10,Bali,60,24,1,0,Budget Flight
16/12/25,Lion Air,17:45,19:20,1h 35m,0,903984.0,CGK,SUB,Economy,15,Surabaya,95,24,1,0,Budget Flight
16/12/25,Lion Air,17:50,19:50,1h 0m,0,625599.0,SUB,DPS,Economy,10,Bali,60,24,1,0,Budget Flight
16/12/25,Lion Air,18:50,20:20,1h 30m,0,884531.0,CGK,SUB,Economy,10,Surabaya,90,24,1,0,Budget Flight
16/12/25,Lion Air,19:45,19:45,1h 0m,0,726200.0,DPS,SUB,Economy,10,Surabaya,60,24,1,0,Budget Flight
16/12/25,Lion Air,20:00,21:30,1h 30m,0,886458.0,SUB,CGK,Economy,10,Jakarta,90,24,1,0,Budget Flight
16/12/25,Lion Air,20:30,20:30,1h 0m,0,667000.0,DPS,SUB,Economy,10,Surabaya,60,24,1,0,Budget Flight
16/12/25,Lion Air,21:00,22:30,1h 30m,0,886458.0,SUB,CGK,Economy,10,Jakarta,90,24,1,0,Budget Flight
16/12/25,"Lion Air , Super Air Jet",11:40,11:40,4h 30m,1,2287646.0,SRG,SUB,Economy,20,Surabaya,270,26,1,0,Budget Flight
16/12/25,"Lion Air , Wings Air",09:25,09:25,3h 15m,1,2304507.0,DPS,SUB,Economy,10,Surabaya,195,28,1,0,Budget Flight
16/12/25,Malaysia Airlines,04:25,10:20,4h 55m,1,6915521.0,CGK,SIN,Business,40,Singapura,295,29,0,1,High-end Flight
16/12/25,Malaysia Airlines,06:00,10:10,5h 10m,1,6554331.0,SIN,CGK,Business,40,Jakarta,310,29,0,1,High-end Flight
16/12/25,Malaysia Airlines,06:00,14:50,9h 50m,1,5883827.0,SIN,SUB,Business,40,Surabaya,590,29,0,1,High-end Flight
16/12/25,Malaysia Airlines,09:40,18:35,7h 55m,1,6915521.0,CGK,SIN,Business,40,Singapura,475,29,0,1,High-end Flight
16/12/25,Malaysia Airlines,09:55,14:50,5h 55m,1,5883827.0,SIN,SUB,Business,40,Surabaya,355,29,0,1,High-end Flight
16/12/25,Malaysia Airlines,10:00,18:35,7h 35m,1,7273786.0,SUB,SIN,Business,40,Singapura,455,29,0,1,High-end Flight
16/12/25,Malaysia Airlines,11:05,17:30,7h 25m,1,6554331.0,SIN,CGK,Business,40,Jakarta,445,29,0,1,High-end Flight
16/12/25,Malaysia Airlines,11:05,09:10,23h 5m,1,6097141.0,SIN,SUB,Business,40,Surabaya,1385,29,0,1,High-end Flight
16/12/25,Malaysia Airlines,11:10,18:35,6h 25m,1,6915521.0,CGK,SIN,Business,40,Singapura,385,29,0,1,High-end Flight
16/12/25,Malaysia Airlines,12:15,18:35,5h 20m,1,6915521.0,CGK,SIN,Business,40,Singapura,320,29,0,1,High-end Flight
16/12/25,Malaysia Airlines,12:55,17:30,5h 35m,1,6554331.0,SIN,CGK,Business,40,Jakarta,335,29,0,1,High-end Flight
16/12/25,Malaysia Airlines,12:55,09:10,21h 15m,1,6097141.0,SIN,SUB,Business,40,Surabaya,1275,29,0,1,High-end Flight
16/12/25,Malaysia Airlines,13:40,19:05,6h 25m,1,6554331.0,SIN,CGK,Business,40,Jakarta,385,29,0,1,High-end Flight
16/12/25,Malaysia Airlines,13:40,09:10,20h 30m,1,6097141.0,SIN,SUB,Business,40,Surabaya,1230,29,0,1,High-end Flight
16/12/25,Malaysia Airlines,15:40,00:30,7h 50m,1,6915521.0,CGK,SIN,Business,40,Singapura,470,29,0,1,High-end Flight
16/12/25,Malaysia Airlines,15:50,00:30,7h 40m,1,1815300.0,SUB,SIN,Economy,20,Singapura,460,29,1,0,Budget Flight
16/12/25,Malaysia Airlines,18:05,00:30,5h 25m,1,1509000.0,SUB,SIN,Economy,20,Singapura,325,29,1,0,Budget Flight
16/12/25,Malaysia Airlines,18:25,00:30,5h 5m,1,6915521.0,CGK,SIN,Business,40,Singapura,305,29,0,1,High-end Flight
16/12/25,Malaysia Airlines,19:30,23:40,5h 10m,1,6554331.0,SIN,CGK,Business,40,Jakarta,310,29,0,1,High-end Flight
16/12/25,Malaysia Airlines,19:30,09:10,14h 40m,1,5883827.0,SIN,SUB,Business,40,Surabaya,880,29,0,1,High-end Flight
16/12/25,Malaysia Airlines,21:20,14:50,18h 30m,1,6097141.0,SIN,SUB,Business,40,Surabaya,1110,29,0,1,High-end Flight
16/12/25,"Malaysia Airlines , Operated By Fy",22:30,22:30,11h 40m,1,6066277.0,SIN,SUB,Business,30,Surabaya,700,30,0,1,High-end Flight
16/12/25,Pelita Air,06:10,07:40,1h 30m,0,910764.0,SUB,CGK,Economy,10,Jakarta,90,31,1,0,Budget Flight
16/12/25,Pelita Air,06:40,08:15,1h 35m,0,969017.0,CGK,SUB,Economy,10,Surabaya,95,31,1,0,Budget Flight
16/12/25,Pelita Air,07:55,07:55,1h 50m,0,2287646.0,CGK,SIN,Economy,20,Singapura,110,31,1,0,Budget Flight
16/12/25,Pelita Air,08:30,10:05,1h 35m,0,969017.0,CGK,SUB,Economy,10,Surabaya,95,31,1,0,Budget Flight
16/12/25,Pelita Air,09:00,10:35,1h 35m,0,910764.0,SUB,CGK,Economy,10,Jakarta,95,31,1,0,Budget Flight
16/12/25,Pelita Air,09:00,16:55,6h 55m,1,5637280.0,SUB,DPS,Business,25,Bali,415,31,0,1,High-end Flight
16/12/25,Pelita Air,10:40,12:15,1h 35m,0,969017.0,CGK,SUB,Economy,10,Surabaya,95,31,1,0,Budget Flight
16/12/25,Pelita Air,10:50,10:50,1h 35m,0,1423372.0,SUB,CGK,Economy,20,Jakarta,95,31,1,0,Budget Flight
16/12/25,Pelita Air,11:40,11:40,1h 45m,0,1728380.0,SIN,CGK,Economy,20,Jakarta,105,31,1,0,Budget Flight
16/12/25,Pelita Air,11:40,18:50,8h 10m,1,3099700.0,SIN,SUB,Economy,20,Surabaya,490,31,1,0,Budget Flight
16/12/25,Pelita Air,13:25,14:55,1h 30m,0,1151400.0,SUB,CGK,Economy,20,Jakarta,90,31,1,0,Budget Flight
16/12/25,Pelita Air,13:30,15:00,1h 30m,0,949780.0,SUB,CGK,Economy,10,Jakarta,90,31,1,0,Budget Flight
16/12/25,Pelita Air,14:25,16:00,1h 35m,0,969017.0,CGK,SUB,Economy,10,Surabaya,95,31,1,0,Budget Flight
16/12/25,Pelita Air,17:15,18:50,1h 35m,0,969017.0,CGK,SUB,Economy,10,Surabaya,95,31,1,0,Budget Flight
16/12/25,Scoot,07:30,09:00,2h 30m,0,1665824.0,SIN,SUB,Economy,10,Surabaya,150,33,1,0,Budget Flight
16/12/25,Scoot,07:55,07:55,1h 55m,0,2168948.0,SIN,CGK,Economy,10,Jakarta,115,33,1,0,Budget Flight
16/12/25,Scoot,09:30,09:30,1h 55m,0,2168948.0,SIN,CGK,Economy,10,Jakarta,115,33,1,0,Budget Flight
16/12/25,Scoot,09:35,12:25,1h 50m,0,945116.0,CGK,SIN,Economy,10,Singapura,110,33,1,0,Budget Flight
16/12/25,Scoot,09:45,09:45,2h 20m,0,1237061.0,SUB,SIN,Economy,10,Singapura,140,33,1,0,Budget Flight
16/12/25,Scoot,11:20,14:05,1h 45m,0,945116.0,CGK,SIN,Economy,10,Singapura,105,33,1,0,Budget Flight
16/12/25,Scoot,17:00,18:30,2h 30m,0,1874485.0,SIN,SUB,Economy,10,Surabaya,150,33,1,0,Budget Flight
16/12/25,Scoot,18:25,19:20,1h 55m,0,1936900.0,SIN,CGK,Economy,30,Jakarta,115,33,1,0,Budget Flight
16/12/25,Scoot,19:30,23:00,2h 30m,0,1025258.0,SUB,SIN,Economy,10,Singapura,150,33,1,0,Budget Flight
16/12/25,Scoot,20:10,23:00,1h 50m,0,753300.0,CGK,SIN,Economy,30,Singapura,110,33,1,0,Budget Flight
16/12/25,Scoot,20:25,21:25,2h 0m,0,1973300.0,SIN,CGK,Economy,30,Jakarta,120,33,1,0,Budget Flight
16/12/25,Scoot,22:10,01:00,1h 50m,0,505100.0,CGK,SIN,Economy,30,Singapura,110,33,1,0,Budget Flight
16/12/25,Singapore Airlines,05:25,05:25,1h 40m,0,3151752.0,CGK,SIN,Business,40,Singapura,100,35,0,2,Mid-range Flight
16/12/25,Singapore Airlines,06:50,07:35,1h 45m,0,12941606.0,SIN,CGK,Business,40,Jakarta,105,35,0,1,High-end Flight
16/12/25,Singapore Airlines,07:40,07:40,1h 50m,0,12352921.0,SIN,CGK,Business,40,Jakarta,110,35,0,1,High-end Flight
16/12/25,Singapore Airlines,07:50,09:20,2h 30m,0,2766786.0,SIN,SUB,Economy,25,Surabaya,150,35,1,0,Budget Flight
16/12/25,Singapore Airlines,08:40,08:40,1h 40m,0,6676293.0,CGK,SIN,Business,40,Singapura,100,35,0,2,Mid-range Flight
16/12/25,Singapore Airlines,09:20,09:20,1h 55m,0,12420701.0,SIN,CGK,Business,40,Jakarta,115,35,0,1,High-end Flight
16/12/25,Singapore Airlines,09:30,09:30,1h 45m,0,3812687.0,CGK,SIN,Business,40,Singapura,105,35,0,2,Mid-range Flight
16/12/25,Singapore Airlines,10:15,10:15,2h 20m,0,2457095.0,SUB,SIN,Economy,30,Singapura,140,35,1,0,Budget Flight
16/12/25,Singapore Airlines,12:30,12:30,1h 50m,0,12454590.0,SIN,CGK,Business,40,Jakarta,110,35,0,1,High-end Flight
16/12/25,Singapore Airlines,14:10,15:40,2h 30m,0,2766786.0,SIN,SUB,Economy,25,Surabaya,150,35,1,0,Budget Flight
16/12/25,Singapore Airlines,15:15,15:15,1h 50m,0,13250918.0,SIN,CGK,Business,40,Jakarta,110,35,0,1,High-end Flight
16/12/25,Singapore Airlines,16:10,16:10,1h 55m,0,12454590.0,SIN,CGK,Business,40,Jakarta,115,35,0,1,High-end Flight
16/12/25,Singapore Airlines,16:25,16:25,2h 25m,0,5846076.0,SIN,SUB,Economy,30,Surabaya,145,35,1,0,Budget Flight
16/12/25,Singapore Airlines,16:30,16:30,2h 25m,0,2457095.0,SUB,SIN,Economy,20,Singapura,145,35,1,0,Budget Flight
16/12/25,Singapore Airlines,17:20,17:20,1h 45m,0,12454590.0,SIN,CGK,Business,40,Jakarta,105,35,0,1,High-end Flight
16/12/25,Singapore Airlines,18:40,18:40,1h 45m,0,12420701.0,SIN,CGK,Business,40,Jakarta,105,35,0,1,High-end Flight
16/12/25,Singapore Airlines,18:40,18:40,2h 25m,0,2457095.0,SUB,SIN,Economy,30,Singapura,145,35,1,0,Budget Flight
16/12/25,Singapore Airlines,20:20,20:20,1h 45m,0,3626210.0,CGK,SIN,Business,40,Singapura,105,35,0,2,Mid-range Flight
16/12/25,Super Air Jet,13:30,15:30,1h 0m,0,554696.0,SUB,DPS,Economy,15,Bali,60,36,1,0,Budget Flight
16/12/25,Super Air Jet,16:10,16:10,1h 0m,0,756900.0,DPS,SUB,Economy,10,Surabaya,60,36,1,0,Budget Flight
16/12/25,TransNusa,07:45,10:40,1h 55m,0,1206800.0,CGK,SIN,Economy,20,Singapura,115,37,1,0,Budget Flight
16/12/25,TransNusa,11:40,12:25,1h 45m,0,1404000.0,SIN,CGK,Economy,20,Jakarta,105,37,1,0,Budget Flight
16/12/25,TransNusa,11:45,14:40,1h 55m,0,1008100.0,CGK,SIN,Economy,20,Singapura,115,37,1,0,Budget Flight
16/12/25,TransNusa,15:30,16:15,1h 45m,0,1859600.0,SIN,CGK,Economy,20,Jakarta,105,37,1,0,Budget Flight
16/12/25,Wings Air,10:00,11:10,1h 10m,0,805658.0,SRG,SUB,Economy,10,Surabaya,70,38,1,0,Budget Flight
16/12/25,Wings Air,11:40,12:35,55m,0,804482.0,SUB,SRG,Economy,10,Semarang,55,38,1,0,Budget Flight
16/12/25,Wings Air,14:30,14:30,55m,0,1118363.0,SUB,SRG,Economy,20,Semarang,55,38,1,0,Budget Flight
17/12/25,AirAsia,05:00,05:00,5h 35m,1,2101168.0,SUB,SIN,Economy,20,Singapura,335,0,1,0,Budget Flight
17/12/25,AirAsia,07:40,19:25,12h 45m,1,2576200.0,SIN,SUB,Economy,15,Surabaya,765,0,1,0,Budget Flight
17/12/25,AirAsia,08:25,11:10,1h 45m,0,1186300.0,CGK,SIN,Economy,15,Singapura,105,0,1,0,Budget Flight
17/12/25,AirAsia,08:55,19:25,11h 30m,1,2576200.0,SIN,SUB,Economy,15,Surabaya,690,0,1,0,Budget Flight
17/12/25,AirAsia,11:10,14:00,1h 50m,0,918027.0,CGK,SIN,Economy,10,Singapura,110,0,1,0,Budget Flight
17/12/25,AirAsia,11:20,11:20,5h 40m,1,2050417.0,SUB,SIN,Economy,20,Singapura,340,0,1,0,Budget Flight
17/12/25,AirAsia,11:50,12:35,1h 45m,0,923164.0,SIN,CGK,Economy,10,Jakarta,105,0,1,0,Budget Flight
17/12/25,AirAsia,13:25,13:25,5h 15m,1,2202838.0,SUB,SIN,Economy,20,Singapura,315,0,1,0,Budget Flight
17/12/25,AirAsia,14:40,15:30,1h 50m,0,923164.0,SIN,CGK,Economy,10,Jakarta,110,0,1,0,Budget Flight
17/12/25,AirAsia,14:55,14:55,5h 30m,1,2948414.0,SIN,SUB,Economy,20,Surabaya,330,0,1,0,Budget Flight
17/12/25,AirAsia,16:30,19:20,1h 50m,0,800621.0,CGK,SIN,Economy,10,Singapura,110,0,1,0,Budget Flight
17/12/25,AirAsia,17:40,08:20,13h 40m,1,2044100.0,SUB,SIN,Economy,15,Singapura,820,0,1,0,Budget Flight
17/12/25,AirAsia,18:35,23:25,5h 50m,1,2638500.0,SIN,SUB,Economy,15,Surabaya,350,0,1,0,Budget Flight
17/12/25,AirAsia,20:00,20:45,1h 45m,0,923342.0,SIN,CGK,Economy,10,Jakarta,105,0,1,0,Budget Flight
17/12/25,AirAsia,22:35,10:45,13h 10m,1,2594900.0,SIN,SUB,Economy,15,Surabaya,790,0,1,0,Budget Flight
17/12/25,AirAsia,23:30,10:45,12h 15m,1,2545100.0,SIN,SUB,Economy,15,Surabaya,735,0,1,0,Budget Flight
17/12/25,"AirAsia , Batik Air",05:00,05:00,5h 30m,1,2101168.0,SUB,SIN,Economy,20,Singapura,330,1,1,0,Budget Flight
17/12/25,"AirAsia , Batik Air",08:40,08:40,6h 30m,1,1948747.0,SUB,SIN,Economy,20,Singapura,390,1,1,0,Budget Flight
17/12/25,"AirAsia , Batik Air",12:30,23:25,11h 55m,1,2430960.0,SIN,SUB,Economy,30,Surabaya,715,1,1,0,Budget Flight
17/12/25,"AirAsia , Batik Air",14:40,14:40,4h 50m,1,3626210.0,SIN,SUB,Economy,20,Surabaya,290,1,1,0,Budget Flight
17/12/25,"AirAsia , Citilink",14:40,14:40,5h 40m,1,2982303.0,SIN,SUB,Economy,20,Surabaya,340,2,1,0,Budget Flight
17/12/25,"AirAsia , Lion Air",07:40,07:40,4h 40m,1,2643405.0,SRG,SUB,Economy,20,Surabaya,280,3,1,0,Budget Flight
17/12/25,"AirAsia , Lion Air",09:35,09:35,4h 40m,1,2135058.0,SUB,DPS,Economy,20,Bali,280,3,1,0,Budget Flight
17/12/25,"AirAsia , Lion Air",14:40,14:40,6h 40m,1,2999332.0,SIN,SUB,Economy,20,Surabaya,400,3,1,0,Budget Flight
17/12/25,"AirAsia , Pelita Air",11:50,11:50,5h 10m,1,3626210.0,SIN,SUB,Economy,20,Surabaya,310,5,1,0,Budget Flight
17/12/25,"AirAsia , Pelita Air",14:40,14:40,5h 10m,1,3083973.0,SIN,SUB,Economy,20,Surabaya,310,5,1,0,Budget Flight
17/12/25,"AirAsia , Scoot",13:25,13:25,6h,1,2033388.0,SUB,SIN,Economy,20,Singapura,360,6,1,0,Budget Flight
17/12/25,Batik Air,05:00,06:20,1h 20m,0,1802380.0,SUB,CGK,Business,30,Jakarta,80,8,0,2,Mid-range Flight
17/12/25,Batik Air,05:00,06:20,1h 20m,0,1156400.0,SUB,HLP,Economy,20,Jakarta,80,8,1,0,Budget Flight
17/12/25,Batik Air,05:05,06:35,1h 30m,0,1221000.0,SUB,CGK,Economy,20,Jakarta,90,8,1,0,Budget Flight
17/12/25,Batik Air,05:05,13:35,7h 30m,1,3880380.0,SUB,DPS,Business,30,Bali,450,8,0,1,High-end Flight
17/12/25,Batik Air,05:05,15:15,9h 10m,1,5391180.0,SUB,SIN,Business,30,Singapura,550,8,0,1,High-end Flight
17/12/25,Batik Air,05:05,08:45,3h 40m,1,2069700.0,SUB,SRG,Economy,20,Semarang,220,8,1,0,Budget Flight
17/12/25,Batik Air,05:15,13:45,5h 15m,1,4910100.0,CGK,SIN,Business,10,Singapura,315,8,0,0,Budget Flight
17/12/25,Batik Air,05:15,07:15,1h 0m,0,727480.0,SUB,DPS,Economy,20,Bali,60,8,1,0,Budget Flight
17/12/25,Batik Air,05:15,16:30,10h 15m,1,2074905.0,SUB,SIN,Economy,20,Singapura,615,8,1,0,Budget Flight
17/12/25,Batik Air,05:25,06:50,1h 25m,0,1763600.0,CGK,SUB,Business,30,Surabaya,85,8,0,2,Mid-range Flight
17/12/25,Batik Air,05:25,06:50,1h 25m,0,1113400.0,HLP,SUB,Economy,20,Surabaya,85,8,1,0,Budget Flight
17/12/25,Batik Air,06:00,07:30,1h 30m,0,1807434.0,CGK,SUB,Business,30,Surabaya,90,8,0,2,Mid-range Flight
17/12/25,Batik Air,06:20,08:20,1h 0m,0,700654.0,SUB,DPS,Economy,20,Bali,60,8,1,0,Budget Flight
17/12/25,Batik Air,06:20,16:30,9h 10m,1,2083725.0,SUB,SIN,Economy,20,Singapura,550,8,1,0,Budget Flight
17/12/25,Batik Air,07:00,13:30,6h 30m,1,2064100.0,SRG,SUB,Economy,20,Surabaya,390,8,1,0,Budget Flight
17/12/25,Batik Air,07:30,08:50,1h 20m,0,1284900.0,SUB,HLP,Economy,20,Jakarta,80,8,1,0,Budget Flight
17/12/25,Batik Air,07:30,07:30,7h 25m,1,4846243.0,SUB,SRG,Business,30,Semarang,445,8,0,1,High-end Flight
17/12/25,Batik Air,07:45,10:30,1h 45m,0,1011900.0,CGK,SIN,Economy,20,Singapura,105,8,1,0,Budget Flight
17/12/25,Batik Air,07:50,11:30,3h 40m,1,1977100.0,SUB,SRG,Economy,20,Semarang,220,8,1,0,Budget Flight
17/12/25,Batik Air,08:00,09:30,1h 30m,0,998914.0,CGK,SUB,Economy,20,Surabaya,90,8,1,0,Budget Flight
17/12/25,Batik Air,08:30,10:00,1h 30m,0,1221000.0,SUB,CGK,Economy,20,Jakarta,90,8,1,0,Budget Flight
17/12/25,Batik Air,08:30,20:30,11h 0m,1,5391180.0,SUB,SIN,Business,30,Singapura,660,8,0,1,High-end Flight
17/12/25,Batik Air,08:30,14:55,6h 25m,1,2160500.0,SUB,SRG,Economy,20,Semarang,385,8,1,0,Budget Flight
17/12/25,Batik Air,08:40,08:40,6h 30m,1,1813188.0,SUB,SIN,Economy,20,Singapura,390,8,1,0,Budget Flight
17/12/25,Batik Air,08:50,10:15,1h 25m,0,1113400.0,HLP,SUB,Economy,20,Surabaya,85,8,1,0,Budget Flight
17/12/25,Batik Air,09:30,10:55,1h 25m,0,1763600.0,CGK,SUB,Business,30,Surabaya,85,8,0,2,Mid-range Flight
17/12/25,Batik Air,09:30,10:55,1h 25m,0,1714185.0,HLP,SUB,Business,30,Surabaya,85,8,0,2,Mid-range Flight
17/12/25,Batik Air,09:30,13:30,4h 0m,1,2064100.0,SRG,SUB,Economy,20,Surabaya,240,8,1,0,Budget Flight
17/12/25,Batik Air,10:10,11:40,1h 30m,0,1221000.0,SUB,CGK,Economy,20,Jakarta,90,8,1,0,Budget Flight
17/12/25,Batik Air,10:10,20:30,9h 20m,1,5391200.0,SUB,SIN,Business,30,Singapura,560,8,0,1,High-end Flight
17/12/25,Batik Air,10:10,21:00,10h 50m,1,2114000.0,SUB,SRG,Economy,20,Semarang,650,8,1,0,Budget Flight
17/12/25,Batik Air,10:15,15:00,4h 45m,1,2064100.0,SRG,SUB,Economy,20,Surabaya,285,8,1,0,Budget Flight
17/12/25,Batik Air,10:30,15:30,6h,1,1912157.0,SIN,CGK,Economy,10,Jakarta,360,8,1,0,Budget Flight
17/12/25,Batik Air,10:30,19:05,9h 35m,1,2255300.0,SIN,SUB,Economy,30,Surabaya,575,8,1,0,Budget Flight
17/12/25,Batik Air,10:55,12:15,1h 20m,0,1802380.0,SUB,CGK,Business,30,Jakarta,80,8,0,2,Mid-range Flight
17/12/25,Batik Air,10:55,12:15,1h 20m,0,1767580.0,SUB,HLP,Business,30,Jakarta,80,8,0,2,Mid-range Flight
17/12/25,Batik Air,10:55,10:55,8h 35m,1,6913522.0,SUB,SIN,Business,30,Singapura,515,8,0,1,High-end Flight
17/12/25,Batik Air,10:55,10:55,6h 40m,1,5541068.0,SUB,SRG,Business,30,Semarang,400,8,0,1,High-end Flight
17/12/25,Batik Air,11:00,13:45,1h 45m,0,1321000.0,CGK,SIN,Economy,20,Singapura,105,8,1,0,Budget Flight
17/12/25,Batik Air,11:20,11:20,1h 50m,0,2897662.0,SIN,CGK,Economy,20,Jakarta,110,8,1,0,Budget Flight
17/12/25,Batik Air,11:20,11:20,7h 40m,1,6845742.0,SIN,SUB,Business,30,Surabaya,460,8,0,1,High-end Flight
17/12/25,Batik Air,11:35,12:55,1h 20m,0,1802380.0,SUB,CGK,Business,30,Jakarta,80,8,0,2,Mid-range Flight
17/12/25,Batik Air,11:35,12:55,1h 20m,0,1767580.0,SUB,HLP,Business,30,Jakarta,80,8,0,2,Mid-range Flight
17/12/25,Batik Air,11:35,11:35,8h 40m,1,6913522.0,SUB,SIN,Business,30,Singapura,520,8,0,1,High-end Flight
17/12/25,Batik Air,11:40,11:40,5h 10m,1,3846577.0,SRG,SUB,Business,30,Surabaya,310,8,0,2,Mid-range Flight
17/12/25,Batik Air,12:00,13:30,1h 30m,0,1809600.0,CGK,SUB,Business,30,Surabaya,90,8,0,2,Mid-range Flight
17/12/25,Batik Air,12:15,12:15,4h 35m,1,4964941.0,SRG,SUB,Business,30,Surabaya,275,8,0,2,Mid-range Flight
17/12/25,Batik Air,12:30,15:15,1h 45m,0,1316600.0,CGK,SIN,Economy,20,Singapura,105,8,1,0,Budget Flight
17/12/25,Batik Air,12:30,22:10,10h 40m,1,5514900.0,SIN,CGK,Business,30,Jakarta,640,8,0,1,High-end Flight
17/12/25,Batik Air,12:30,19:05,7h 35m,1,2210500.0,SIN,SUB,Economy,30,Surabaya,455,8,1,0,Budget Flight
17/12/25,Batik Air,13:30,15:00,1h 30m,0,1758846.0,CGK,SUB,Business,30,Surabaya,90,8,0,2,Mid-range Flight
17/12/25,Batik Air,13:35,15:00,1h 25m,0,1763600.0,CGK,SUB,Business,30,Surabaya,85,8,0,2,Mid-range Flight
17/12/25,Batik Air,13:35,15:00,1h 25m,0,1714185.0,HLP,SUB,Business,30,Surabaya,85,8,0,2,Mid-range Flight
17/12/25,Batik Air,14:10,15:40,1h 30m,0,1285100.0,SUB,CGK,Economy,20,Jakarta,90,8,1,0,Budget Flight
17/12/25,Batik Air,14:10,21:00,6h 50m,1,2178300.0,SUB,SRG,Economy,20,Semarang,410,8,1,0,Budget Flight
17/12/25,Batik Air,14:45,14:45,1h 50m,0,2541736.0,SIN,CGK,Economy,20,Jakarta,110,8,1,0,Budget Flight
17/12/25,Batik Air,14:45,14:45,7h 55m,1,6845742.0,SIN,SUB,Business,30,Surabaya,475,8,0,1,High-end Flight
17/12/25,Batik Air,15:20,16:50,1h 30m,0,1809600.0,CGK,SUB,Business,30,Surabaya,90,8,0,2,Mid-range Flight
17/12/25,Batik Air,15:35,15:35,5h 55m,1,4541235.0,SRG,SUB,Business,30,Surabaya,355,8,0,2,Mid-range Flight
17/12/25,Batik Air,15:40,17:00,1h 20m,0,1767580.0,SUB,HLP,Business,30,Jakarta,80,8,0,2,Mid-range Flight
17/12/25,Batik Air,15:50,17:15,1h 25m,0,1714185.0,HLP,SUB,Business,30,Surabaya,85,8,0,2,Mid-range Flight
17/12/25,Batik Air,16:00,17:30,1h 30m,0,1758846.0,CGK,SUB,Business,30,Surabaya,90,8,0,2,Mid-range Flight
17/12/25,Batik Air,16:10,16:10,1h 50m,0,2541736.0,SIN,CGK,Economy,20,Jakarta,110,8,1,0,Budget Flight
17/12/25,Batik Air,16:10,16:10,6h 20m,1,9506176.0,SIN,SUB,Business,30,Surabaya,380,8,0,1,High-end Flight
17/12/25,Batik Air,16:25,17:55,1h 30m,0,1774538.0,SUB,CGK,Business,30,Jakarta,90,8,0,2,Mid-range Flight
17/12/25,Batik Air,16:25,21:00,4h 35m,1,2244800.0,SUB,SRG,Economy,20,Semarang,275,8,1,0,Budget Flight
17/12/25,Batik Air,16:35,18:00,1h 25m,0,1714185.0,HLP,SUB,Business,30,Surabaya,85,8,0,2,Mid-range Flight
17/12/25,Batik Air,17:00,18:30,1h 30m,0,1758846.0,CGK,SUB,Business,30,Surabaya,90,8,0,2,Mid-range Flight
17/12/25,Batik Air,17:10,22:10,6h 0m,1,5514900.0,SIN,CGK,Business,30,Jakarta,360,8,0,1,High-end Flight
17/12/25,Batik Air,17:30,18:20,1h 50m,0,4630300.0,SIN,CGK,Business,30,Jakarta,110,8,0,2,Mid-range Flight
17/12/25,Batik Air,17:30,19:00,1h 30m,0,1285100.0,SUB,CGK,Economy,20,Jakarta,90,8,1,0,Budget Flight
17/12/25,Batik Air,17:45,20:30,1h 45m,0,1027600.0,CGK,SIN,Economy,20,Singapura,105,8,1,0,Budget Flight
17/12/25,Batik Air,17:55,19:15,1h 20m,0,1767580.0,SUB,HLP,Business,30,Jakarta,80,8,0,2,Mid-range Flight
17/12/25,Batik Air,18:10,19:40,1h 30m,0,938645.0,SUB,CGK,Economy,20,Jakarta,90,8,1,0,Budget Flight
17/12/25,Batik Air,18:30,21:15,1h 45m,0,1027600.0,CGK,SIN,Economy,20,Singapura,105,8,1,0,Budget Flight
17/12/25,Batik Air,18:40,18:40,1h 20m,0,2423205.0,SUB,HLP,Business,30,Jakarta,80,8,0,2,Mid-range Flight
17/12/25,Batik Air,18:45,18:45,1h 0m,0,692000.0,DPS,SUB,Economy,20,Surabaya,60,8,1,0,Budget Flight
17/12/25,Batik Air,19:15,20:45,1h 30m,0,1774538.0,SUB,CGK,Business,30,Jakarta,90,8,0,2,Mid-range Flight
17/12/25,Batik Air,19:15,19:15,12h 30m,1,3846577.0,SUB,SRG,Business,30,Semarang,750,8,0,1,High-end Flight
17/12/25,Batik Air,20:00,20:00,1h 30m,0,2440066.0,CGK,SUB,Business,30,Surabaya,90,8,0,2,Mid-range Flight
17/12/25,Batik Air,20:15,21:40,1h 25m,0,1714185.0,HLP,SUB,Business,30,Surabaya,85,8,0,2,Mid-range Flight
17/12/25,Batik Air,20:30,20:30,1h 0m,0,692000.0,DPS,SUB,Economy,20,Surabaya,60,8,1,0,Budget Flight
17/12/25,Batik Air,21:25,21:25,1h 50m,0,2253756.0,SIN,CGK,Economy,20,Jakarta,110,8,1,0,Budget Flight
17/12/25,Batik Air,22:10,22:10,1h 50m,0,2541736.0,SIN,CGK,Economy,20,Jakarta,110,8,1,0,Budget Flight
17/12/25,Batik Air,22:10,22:10,9h 40m,1,6845742.0,SIN,SUB,Business,30,Surabaya,580,8,0,1,High-end Flight
17/12/25,"Batik Air , Citilink",05:35,05:35,4h,1,2795993.0,SUB,SRG,Economy,20,Semarang,240,9,1,0,Budget Flight
17/12/25,"Batik Air , Lion Air",06:20,06:20,4h 40m,1,2507846.0,SUB,SRG,Economy,20,Semarang,280,10,1,0,Budget Flight
17/12/25,"Batik Air , Lion Air",09:30,16:10,6h 40m,1,1954500.0,SRG,SUB,Economy,20,Surabaya,400,10,1,0,Budget Flight
17/12/25,"Batik Air , Lion Air",11:40,16:10,4h 30m,1,1954500.0,SRG,SUB,Economy,20,Surabaya,270,10,1,0,Budget Flight
17/12/25,"Batik Air , Lion Air",12:15,12:15,3h 55m,1,2592654.0,SRG,SUB,Economy,15,Surabaya,235,10,1,0,Budget Flight
17/12/25,"Batik Air , Lion Air",13:30,13:30,4h 05m,1,2846744.0,SUB,SRG,Economy,10,Semarang,245,10,1,0,Budget Flight
17/12/25,"Batik Air , Pelita Air",10:50,10:50,4h 05m,1,2863772.0,SUB,SRG,Economy,20,Semarang,245,11,1,0,Budget Flight
17/12/25,"Batik Air , Pelita Air",12:15,12:15,3h 45m,1,2795993.0,SRG,SUB,Economy,10,Surabaya,225,11,1,0,Budget Flight
17/12/25,Citilink,05:25,07:00,1h 35m,0,939900.0,CGK,SUB,Economy,15,Surabaya,95,12,1,0,Budget Flight
17/12/25,Citilink,06:20,09:10,1h 50m,0,1043000.0,CGK,SIN,Economy,15,Singapura,110,12,1,0,Budget Flight
17/12/25,Citilink,07:00,08:35,1h 35m,0,1039800.0,CGK,SUB,Economy,15,Surabaya,95,12,1,0,Budget Flight
17/12/25,Citilink,07:05,07:10,1h 5m,0,753136.0,DPS,SUB,Economy,15,Surabaya,65,12,1,0,Budget Flight
17/12/25,Citilink,07:35,07:35,4h 55m,1,2457095.0,SUB,SRG,Economy,15,Semarang,295,12,1,0,Budget Flight
17/12/25,Citilink,08:25,09:50,1h 25m,0,1039800.0,CGK,SUB,Economy,15,Surabaya,85,12,1,0,Budget Flight
17/12/25,Citilink,09:10,09:10,1h 35m,0,1389482.0,SUB,CGK,Economy,15,Jakarta,95,12,1,0,Budget Flight
17/12/25,Citilink,10:10,10:10,1h 50m,0,2185976.0,SIN,CGK,Economy,20,Jakarta,110,12,1,0,Budget Flight
17/12/25,Citilink,10:10,10:10,5h 30m,1,3287312.0,SIN,SUB,Economy,20,Surabaya,330,12,1,0,Budget Flight
17/12/25,Citilink,10:25,12:00,1h 35m,0,1149700.0,CGK,SUB,Economy,15,Surabaya,95,12,1,0,Budget Flight
17/12/25,Citilink,10:25,12:00,1h 35m,0,1115000.0,SUB,CGK,Economy,15,Jakarta,95,12,1,0,Budget Flight
17/12/25,Citilink,10:25,16:15,5h 50m,1,1940400.0,SUB,SRG,Economy,15,Semarang,350,12,1,0,Budget Flight
17/12/25,Citilink,11:20,12:50,1h 30m,0,949780.0,SUB,CGK,Economy,10,Jakarta,90,12,1,0,Budget Flight
17/12/25,Citilink,12:00,13:35,1h 35m,0,1149700.0,CGK,SUB,Economy,15,Surabaya,95,12,1,0,Budget Flight
17/12/25,Citilink,12:45,14:50,1h 5m,0,786662.0,SUB,DPS,Economy,15,Bali,65,12,1,0,Budget Flight
17/12/25,Citilink,12:50,14:25,1h 35m,0,1290500.0,SUB,CGK,Economy,15,Jakarta,95,12,1,0,Budget Flight
17/12/25,Citilink,13:00,20:40,7h 40m,1,2029700.0,SRG,SUB,Economy,15,Surabaya,460,12,1,0,Budget Flight
17/12/25,Citilink,13:05,13:05,1h 35m,0,1372621.0,CGK,SUB,Economy,15,Surabaya,95,12,1,0,Budget Flight
17/12/25,Citilink,14:10,15:45,1h 35m,0,1258200.0,SUB,CGK,Economy,15,Jakarta,95,12,1,0,Budget Flight
17/12/25,Citilink,14:40,16:10,1h 30m,0,875500.0,CGK,SUB,Economy,10,Surabaya,90,12,1,0,Budget Flight
17/12/25,Citilink,15:35,15:35,1h 35m,0,1338731.0,SUB,CGK,Economy,15,Jakarta,95,12,1,0,Budget Flight
17/12/25,Citilink,15:40,15:40,1h 05m,0,1067612.0,DPS,SUB,Economy,15,Surabaya,65,12,1,0,Budget Flight
17/12/25,Citilink,16:45,20:40,3h 55m,1,2029700.0,SRG,SUB,Economy,15,Surabaya,235,12,1,0,Budget Flight
17/12/25,Citilink,16:45,16:45,1h 05m,0,1067612.0,SUB,DPS,Economy,15,Bali,65,12,1,0,Budget Flight
17/12/25,Citilink,17:10,20:00,1h 50m,0,896697.0,CGK,SIN,Economy,10,Singapura,110,12,1,0,Budget Flight
17/12/25,Citilink,19:00,20:40,1h 40m,0,1205200.0,CGK,SUB,Economy,15,Surabaya,100,12,1,0,Budget Flight
17/12/25,Citilink,19:25,19:25,1h 05m,0,1067612.0,DPS,SUB,Economy,15,Surabaya,65,12,1,0,Budget Flight
17/12/25,Citilink,19:45,19:45,1h 05m,0,1067612.0,SUB,DPS,Economy,15,Bali,65,12,1,0,Budget Flight
17/12/25,Citilink,20:50,22:25,1h 35m,0,1225100.0,SUB,CGK,Economy,15,Jakarta,95,12,1,0,Budget Flight
17/12/25,"Citilink , Garuda Indonesia",07:35,07:35,4h 20m,1,2507846.0,SUB,SRG,Economy,20,Semarang,260,13,1,0,Budget Flight
17/12/25,"Citilink , Garuda Indonesia",09:45,09:45,4h 55m,1,2592654.0,SRG,SUB,Economy,15,Surabaya,295,13,1,0,Budget Flight
17/12/25,"Citilink , Koninklijke Luchtvaart Maatschappij",16:45,16:45,6h 25m,1,1880968.0,SUB,SIN,Economy,20,Singapura,385,14,1,0,Budget Flight
17/12/25,"Citilink , Lion Air",07:40,07:40,4h 50m,1,2457095.0,SUB,SRG,Economy,10,Semarang,290,15,1,0,Budget Flight
17/12/25,"Citilink , Lion Air",09:15,09:15,3h 30m,1,2355425.0,SUB,SRG,Economy,10,Semarang,210,15,1,0,Budget Flight
17/12/25,"Citilink , Lion Air",11:40,11:40,4h 05m,1,2236727.0,SRG,SUB,Economy,20,Surabaya,245,15,1,0,Budget Flight
17/12/25,"Citilink , Lion Air",13:25,13:25,5h 45m,1,2118196.0,SRG,SUB,Economy,20,Surabaya,345,15,1,0,Budget Flight
17/12/25,"Citilink , Lion Air",16:45,16:45,3h 25m,1,2202838.0,SUB,SRG,Economy,10,Semarang,205,15,1,0,Budget Flight
17/12/25,"Citilink , Pelita Air",13:00,13:00,5h 50m,1,2440066.0,SRG,SUB,Economy,20,Surabaya,350,16,1,0,Budget Flight
17/12/25,Garuda Indonesia,05:10,06:45,1h 35m,0,5491400.0,SUB,CGK,Business,30,Jakarta,95,19,0,2,Mid-range Flight
17/12/25,Garuda Indonesia,05:10,09:00,3h 50m,1,5564100.0,SUB,SRG,Business,30,Semarang,230,19,0,2,Mid-range Flight
17/12/25,Garuda Indonesia,05:50,05:50,1h 45m,0,4829382.0,CGK,SIN,Business,40,Singapura,105,19,0,2,Mid-range Flight
17/12/25,Garuda Indonesia,05:50,07:30,1h 40m,0,2801000.0,CGK,SUB,Business,30,Surabaya,100,19,0,2,Mid-range Flight
17/12/25,Garuda Indonesia,06:55,07:55,2h 0m,0,2806458.0,SIN,CGK,Economy,30,Jakarta,120,19,1,0,Budget Flight
17/12/25,Garuda Indonesia,07:00,13:45,7h 45m,1,18260700.0,DPS,SUB,Business,30,Surabaya,465,19,0,1,High-end Flight
17/12/25,Garuda Indonesia,07:05,08:40,1h 35m,0,5491400.0,SUB,CGK,Business,30,Jakarta,95,19,0,2,Mid-range Flight
17/12/25,Garuda Indonesia,07:05,10:25,2h 20m,0,2034980.0,SUB,SIN,Economy,30,Singapura,140,19,1,0,Budget Flight
17/12/25,Garuda Indonesia,07:05,18:45,11h 40m,1,5564100.0,SUB,SRG,Business,30,Semarang,700,19,0,1,High-end Flight
17/12/25,Garuda Indonesia,08:20,09:50,1h 30m,0,5491400.0,SUB,CGK,Business,30,Jakarta,90,19,0,2,Mid-range Flight
17/12/25,Garuda Indonesia,08:20,14:40,6h 20m,1,5564100.0,SUB,SRG,Business,30,Semarang,380,19,0,1,High-end Flight
17/12/25,Garuda Indonesia,08:45,10:25,1h 40m,0,6211400.0,CGK,SUB,Business,30,Surabaya,100,19,0,2,Mid-range Flight
17/12/25,Garuda Indonesia,08:55,08:55,2h,0,2660434.0,CGK,SIN,Business,40,Singapura,120,19,0,2,Mid-range Flight
17/12/25,Garuda Indonesia,09:20,09:20,1h,0,1542070.0,SUB,DPS,Economy,20,Bali,60,19,1,0,Budget Flight
17/12/25,Garuda Indonesia,09:35,09:35,2h,0,11624207.0,SIN,CGK,Business,40,Jakarta,120,19,0,1,High-end Flight
17/12/25,Garuda Indonesia,09:45,09:45,4h,1,3083973.0,SRG,SUB,Economy,20,Surabaya,240,19,1,0,Budget Flight
17/12/25,Garuda Indonesia,11:35,13:10,1h 35m,0,7690400.0,SUB,CGK,Business,30,Jakarta,95,19,0,2,Mid-range Flight
17/12/25,Garuda Indonesia,12:05,13:45,1h 40m,0,6211400.0,CGK,SUB,Business,30,Surabaya,100,19,0,2,Mid-range Flight
17/12/25,Garuda Indonesia,12:05,17:40,6h 35m,2,20764000.0,DPS,SUB,Business,30,Surabaya,395,19,0,1,High-end Flight
17/12/25,Garuda Indonesia,14:00,15:35,1h 35m,0,6211400.0,CGK,SUB,Business,30,Surabaya,95,19,0,2,Mid-range Flight
17/12/25,Garuda Indonesia,14:35,16:10,1h 35m,0,7874800.0,SUB,CGK,Business,30,Jakarta,95,19,0,2,Mid-range Flight
17/12/25,Garuda Indonesia,15:25,14:30,23h 5m,1,2836600.0,SRG,SUB,Economy,20,Surabaya,1385,19,1,1,High-end Flight
17/12/25,Garuda Indonesia,15:30,19:40,5h 10m,1,18135772.0,SIN,SUB,Business,40,Surabaya,310,19,0,1,High-end Flight
17/12/25,Garuda Indonesia,15:40,15:40,1h 45m,0,2677295.0,CGK,SIN,Business,40,Singapura,105,19,0,2,Mid-range Flight
17/12/25,Garuda Indonesia,16:30,18:10,1h 40m,0,5491400.0,SUB,CGK,Business,30,Jakarta,100,19,0,2,Mid-range Flight
17/12/25,Garuda Indonesia,16:55,16:55,1h 15m,0,1542070.0,DPS,SUB,Economy,20,Surabaya,75,19,1,0,Budget Flight
17/12/25,Garuda Indonesia,17:30,19:10,1h 40m,0,2801000.0,CGK,SUB,Business,30,Surabaya,100,19,0,2,Mid-range Flight
17/12/25,Garuda Indonesia,17:35,17:35,1h 50m,0,2745075.0,CGK,SIN,Business,40,Singapura,110,19,0,2,Mid-range Flight
17/12/25,Garuda Indonesia,18:00,14:30,20h 30m,1,2836600.0,SRG,SUB,Economy,20,Surabaya,1230,19,1,1,High-end Flight
17/12/25,Garuda Indonesia,18:30,20:10,1h 40m,0,2801000.0,CGK,SUB,Business,30,Surabaya,100,19,0,2,Mid-range Flight
17/12/25,Garuda Indonesia,19:00,19:00,2h 30m,0,3846577.0,SIN,SUB,Economy,30,Surabaya,150,19,1,0,Budget Flight
17/12/25,Garuda Indonesia,19:30,19:30,2h,0,11624207.0,SIN,CGK,Business,40,Jakarta,120,19,0,1,High-end Flight
17/12/25,Garuda Indonesia,20:05,21:45,1h 40m,0,5491400.0,SUB,CGK,Business,30,Jakarta,100,19,0,2,Mid-range Flight
17/12/25,Garuda Indonesia,20:15,21:50,1h 35m,0,6211400.0,CGK,SUB,Business,30,Surabaya,95,19,0,2,Mid-range Flight
17/12/25,Garuda Indonesia,21:30,22:35,2h 5m,0,2806458.0,SIN,CGK,Economy,30,Jakarta,125,19,1,0,Budget Flight
17/12/25,"Garuda Indonesia , Lion Air",07:40,07:40,4h 15m,1,2473956.0,SUB,SRG,Economy,20,Semarang,255,20,1,0,Budget Flight
17/12/25,"Garuda Indonesia , Pelita Air",10:50,10:50,3h 50m,1,2897662.0,SUB,SRG,Economy,20,Semarang,230,21,1,0,Budget Flight
17/12/25,"Jetstar Airways , Lion Air",11:15,11:15,6h,1,1830050.0,SUB,SIN,Economy,20,Singapura,360,22,1,0,Budget Flight
17/12/25,"Koninklijke Luchtvaart Maatschappij , Lion Air",17:05,17:05,6h 05m,1,1830050.0,SUB,SIN,Economy,20,Singapura,365,23,1,0,Budget Flight
17/12/25,Lion Air,03:30,05:00,1h 30m,0,815128.0,CGK,SUB,Economy,10,Surabaya,90,24,1,0,Budget Flight
17/12/25,Lion Air,05:05,05:05,3h 50m,1,2473956.0,SUB,DPS,Economy,10,Bali,230,24,1,0,Budget Flight
17/12/25,Lion Air,05:25,07:00,1h 35m,0,910715.0,CGK,SUB,Economy,15,Surabaya,95,24,1,0,Budget Flight
17/12/25,Lion Air,06:10,07:40,1h 30m,0,879000.0,SUB,CGK,Economy,20,Jakarta,90,24,1,0,Budget Flight
17/12/25,Lion Air,07:00,07:00,1h,0,596869.0,DPS,SUB,Economy,10,Surabaya,60,24,1,0,Budget Flight
17/12/25,Lion Air,07:00,10:35,3h 35m,1,1513581.0,SRG,SUB,Economy,10,Surabaya,215,24,1,0,Budget Flight
17/12/25,Lion Air,07:40,09:10,1h 30m,0,903926.0,SUB,CGK,Economy,10,Jakarta,90,24,1,0,Budget Flight
17/12/25,Lion Air,07:55,09:55,1h 0m,0,566049.0,SUB,DPS,Economy,10,Bali,60,24,1,0,Budget Flight
17/12/25,Lion Air,07:55,15:00,7h 5m,1,1598380.0,SUB,SRG,Economy,10,Semarang,425,24,1,0,Budget Flight
17/12/25,Lion Air,08:20,12:45,4h 25m,1,1713100.0,SUB,SRG,Economy,10,Semarang,265,24,1,0,Budget Flight
17/12/25,Lion Air,09:00,10:30,1h 30m,0,867438.0,CGK,SUB,Economy,10,Surabaya,90,24,1,0,Budget Flight
17/12/25,Lion Air,09:55,11:55,1h,0,587569.0,SUB,DPS,Economy,10,Bali,60,24,1,0,Budget Flight
17/12/25,Lion Air,09:55,15:00,5h 5m,1,1598380.0,SUB,SRG,Economy,10,Semarang,305,24,1,0,Budget Flight
17/12/25,Lion Air,10:35,10:35,1h 0m,0,667000.0,DPS,SUB,Economy,10,Surabaya,60,24,1,0,Budget Flight
17/12/25,Lion Air,10:50,12:20,1h 30m,0,867438.0,CGK,SUB,Economy,10,Surabaya,90,24,1,0,Budget Flight
17/12/25,Lion Air,11:15,13:15,1h 0m,0,566049.0,SUB,DPS,Economy,10,Bali,60,24,1,0,Budget Flight
17/12/25,Lion Air,11:15,15:00,3h 45m,1,1526967.0,SUB,SRG,Economy,10,Semarang,225,24,1,0,Budget Flight
17/12/25,Lion Air,11:20,12:50,1h 30m,0,903926.0,SUB,CGK,Economy,10,Jakarta,90,24,1,0,Budget Flight
17/12/25,Lion Air,12:20,14:20,1h 0m,0,566049.0,SUB,DPS,Economy,10,Bali,60,24,1,0,Budget Flight
17/12/25,Lion Air,13:30,15:00,1h 30m,0,903926.0,SUB,CGK,Economy,10,Jakarta,90,24,1,0,Budget Flight
17/12/25,Lion Air,13:55,13:55,1h 0m,0,667000.0,DPS,SUB,Economy,10,Surabaya,60,24,1,0,Budget Flight
17/12/25,Lion Air,14:40,16:10,1h 30m,0,815128.0,CGK,SUB,Economy,10,Surabaya,90,24,1,0,Budget Flight
17/12/25,Lion Air,17:05,19:05,1h 0m,0,566049.0,SUB,DPS,Economy,10,Bali,60,24,1,0,Budget Flight
17/12/25,Lion Air,17:50,19:50,1h 0m,0,696780.0,SUB,DPS,Economy,10,Bali,60,24,1,0,Budget Flight
17/12/25,Lion Air,18:50,20:20,1h 30m,0,867438.0,CGK,SUB,Economy,10,Surabaya,90,24,1,0,Budget Flight
17/12/25,Lion Air,19:45,19:45,1h,0,1016694.0,DPS,SUB,Economy,20,Surabaya,60,24,1,0,Budget Flight
17/12/25,Lion Air,20:00,21:30,1h 30m,0,903926.0,SUB,CGK,Economy,10,Jakarta,90,24,1,0,Budget Flight
17/12/25,Lion Air,20:30,20:30,1h,0,550348.0,DPS,SUB,Economy,10,Surabaya,60,24,1,0,Budget Flight
17/12/25,Lion Air,21:00,22:30,1h 30m,0,903926.0,SUB,CGK,Economy,10,Jakarta,90,24,1,0,Budget Flight
17/12/25,"Lion Air , Super Air Jet",11:40,11:40,4h 30m,1,2168948.0,SRG,SUB,Economy,10,Surabaya,270,26,1,0,Budget Flight
17/12/25,"Lion Air , Wings Air",06:00,06:00,2h 25m,1,2304507.0,SUB,DPS,Economy,20,Bali,145,28,1,0,Budget Flight
17/12/25,"Lion Air , Wings Air",07:10,07:10,3h 35m,1,2304507.0,SUB,DPS,Economy,10,Bali,215,28,1,0,Budget Flight
17/12/25,"Lion Air , Wings Air",07:30,07:30,2h 20m,1,2236727.0,DPS,SUB,Economy,10,Surabaya,140,28,1,0,Budget Flight
17/12/25,"Lion Air , Wings Air",09:25,09:25,3h 15m,1,2304507.0,DPS,SUB,Economy,10,Surabaya,195,28,1,0,Budget Flight
17/12/25,"Lion Air , Wings Air",09:50,09:50,2h 50m,1,2304507.0,DPS,SUB,Economy,10,Surabaya,170,28,1,0,Budget Flight
17/12/25,Malaysia Airlines,04:25,10:20,4h 55m,1,6915521.0,CGK,SIN,Business,40,Singapura,295,29,0,1,High-end Flight
17/12/25,Malaysia Airlines,06:00,06:00,9h 50m,1,6100166.0,SIN,SUB,Business,40,Surabaya,590,29,0,1,High-end Flight
17/12/25,Malaysia Airlines,09:40,15:30,4h 50m,1,6915521.0,CGK,SIN,Business,40,Singapura,290,29,0,1,High-end Flight
17/12/25,Malaysia Airlines,09:55,14:40,5h 45m,1,6554331.0,SIN,CGK,Business,40,Jakarta,345,29,0,1,High-end Flight
17/12/25,Malaysia Airlines,09:55,09:55,5h 55m,1,3270450.0,SIN,SUB,Economy,20,Surabaya,355,29,1,0,Budget Flight
17/12/25,Malaysia Airlines,10:00,18:35,7h 35m,1,1955600.0,SUB,SIN,Economy,20,Singapura,455,29,1,0,Budget Flight
17/12/25,Malaysia Airlines,11:05,14:40,4h 35m,1,6554331.0,SIN,CGK,Business,40,Jakarta,275,29,0,1,High-end Flight
17/12/25,Malaysia Airlines,11:05,09:10,23h 5m,1,6097141.0,SIN,SUB,Business,40,Surabaya,1385,29,0,1,High-end Flight
17/12/25,Malaysia Airlines,11:10,16:40,4h 30m,1,6915521.0,CGK,SIN,Business,40,Singapura,270,29,0,1,High-end Flight
17/12/25,Malaysia Airlines,12:15,20:35,7h 20m,1,6915521.0,CGK,SIN,Business,40,Singapura,440,29,0,1,High-end Flight
17/12/25,Malaysia Airlines,12:55,19:05,7h 10m,1,6554331.0,SIN,CGK,Business,40,Jakarta,430,29,0,1,High-end Flight
17/12/25,Malaysia Airlines,12:55,09:10,21h 15m,1,6097141.0,SIN,SUB,Business,40,Surabaya,1275,29,0,1,High-end Flight
17/12/25,Malaysia Airlines,13:40,09:10,20h 30m,1,6097141.0,SIN,SUB,Business,40,Surabaya,1230,29,0,1,High-end Flight
17/12/25,Malaysia Airlines,15:25,19:05,4h 40m,1,6554331.0,SIN,CGK,Business,40,Jakarta,280,29,0,1,High-end Flight
17/12/25,Malaysia Airlines,15:25,09:10,18h 45m,1,2480300.0,SIN,SUB,Economy,25,Surabaya,1125,29,1,1,High-end Flight
17/12/25,Malaysia Airlines,15:40,00:30,7h 50m,1,6915521.0,CGK,SIN,Business,40,Singapura,470,29,0,1,High-end Flight
17/12/25,Malaysia Airlines,15:50,09:05,16h 15m,1,1544500.0,SUB,SIN,Economy,20,Singapura,975,29,1,0,Budget Flight
17/12/25,Malaysia Airlines,16:35,23:40,8h 5m,1,6554331.0,SIN,CGK,Business,40,Jakarta,485,29,0,1,High-end Flight
17/12/25,Malaysia Airlines,16:35,09:10,17h 35m,1,6097141.0,SIN,SUB,Business,40,Surabaya,1055,29,0,1,High-end Flight
17/12/25,Malaysia Airlines,17:25,23:40,7h 15m,1,6554331.0,SIN,CGK,Business,40,Jakarta,435,29,0,1,High-end Flight
17/12/25,Malaysia Airlines,17:25,09:10,16h 45m,1,6097141.0,SIN,SUB,Business,40,Surabaya,1005,29,0,1,High-end Flight
17/12/25,Malaysia Airlines,18:25,00:30,5h 5m,1,6915521.0,CGK,SIN,Business,40,Singapura,305,29,0,1,High-end Flight
17/12/25,Malaysia Airlines,19:30,23:40,5h 10m,1,6554331.0,SIN,CGK,Business,40,Jakarta,310,29,0,1,High-end Flight
17/12/25,Malaysia Airlines,19:30,09:10,14h 40m,1,5883827.0,SIN,SUB,Business,40,Surabaya,880,29,0,1,High-end Flight
17/12/25,Malaysia Airlines,21:20,09:10,12h 50m,1,2352386.0,SIN,SUB,Economy,20,Surabaya,770,29,1,0,Budget Flight
17/12/25,"Malaysia Airlines , Operated By Fy",22:30,22:30,11h 40m,1,6066277.0,SIN,SUB,Business,30,Surabaya,700,30,0,1,High-end Flight
17/12/25,Pelita Air,06:10,07:40,1h 30m,0,832454.0,SUB,CGK,Economy,10,Jakarta,90,31,1,0,Budget Flight
17/12/25,Pelita Air,06:40,08:15,1h 35m,0,978331.0,CGK,SUB,Economy,10,Surabaya,95,31,1,0,Budget Flight
17/12/25,Pelita Air,07:55,10:45,1h 50m,0,1190500.0,CGK,SIN,Economy,20,Singapura,110,31,1,0,Budget Flight
17/12/25,Pelita Air,08:30,10:05,1h 35m,0,960268.0,CGK,SUB,Economy,10,Surabaya,95,31,1,0,Budget Flight
17/12/25,Pelita Air,09:00,10:35,1h 35m,0,916558.0,SUB,CGK,Economy,10,Jakarta,95,31,1,0,Budget Flight
17/12/25,Pelita Air,10:40,12:15,1h 35m,0,960268.0,CGK,SUB,Economy,10,Surabaya,95,31,1,0,Budget Flight
17/12/25,Pelita Air,10:50,12:25,1h 35m,0,1252900.0,SUB,CGK,Economy,20,Jakarta,95,31,1,0,Budget Flight
17/12/25,Pelita Air,11:40,11:40,1h 45m,0,2050417.0,SIN,CGK,Economy,20,Jakarta,105,31,1,0,Budget Flight
17/12/25,Pelita Air,11:40,11:40,5h 20m,1,3151752.0,SIN,SUB,Economy,20,Surabaya,320,31,1,0,Budget Flight
17/12/25,Pelita Air,13:25,14:55,1h 30m,0,916558.0,SUB,CGK,Economy,10,Jakarta,90,31,1,0,Budget Flight
17/12/25,Pelita Air,14:25,16:00,1h 35m,0,960268.0,CGK,SUB,Economy,10,Surabaya,95,31,1,0,Budget Flight
17/12/25,Pelita Air,17:15,18:50,1h 35m,0,960268.0,CGK,SUB,Economy,10,Surabaya,95,31,1,0,Budget Flight
17/12/25,Pelita Air,18:25,20:00,1h 35m,0,916558.0,SUB,CGK,Economy,10,Jakarta,95,31,1,0,Budget Flight
17/12/25,"Pelita Air , Scoot",18:25,18:25,5h 35m,1,2135058.0,SUB,SIN,Economy,20,Singapura,335,32,1,0,Budget Flight
17/12/25,Scoot,07:30,09:00,2h 30m,0,1665824.0,SIN,SUB,Economy,10,Surabaya,150,33,1,0,Budget Flight
17/12/25,Scoot,07:55,07:55,1h 55m,0,2473956.0,SIN,CGK,Economy,10,Jakarta,115,33,1,0,Budget Flight
17/12/25,Scoot,09:35,12:25,1h 50m,0,802116.0,CGK,SIN,Economy,10,Singapura,110,33,1,0,Budget Flight
17/12/25,Scoot,09:45,09:45,2h 20m,0,1677629.0,SUB,SIN,Economy,10,Singapura,140,33,1,0,Budget Flight
17/12/25,Scoot,11:20,14:05,1h 45m,0,970374.0,CGK,SIN,Economy,10,Singapura,105,33,1,0,Budget Flight
17/12/25,Scoot,17:00,18:30,2h 30m,0,2050100.0,SIN,SUB,Economy,30,Surabaya,150,33,1,0,Budget Flight
17/12/25,Scoot,18:25,18:25,1h 55m,0,2168948.0,SIN,CGK,Economy,10,Jakarta,115,33,1,0,Budget Flight
17/12/25,Scoot,19:30,23:00,2h 30m,0,1271000.0,SUB,SIN,Economy,30,Singapura,150,33,1,0,Budget Flight
17/12/25,Scoot,20:10,20:10,1h 50m,0,5252921.0,CGK,SIN,Economy,10,Singapura,110,33,1,0,Budget Flight
17/12/25,Scoot,20:25,20:25,2h,0,1880968.0,SIN,CGK,Economy,10,Jakarta,120,33,1,0,Budget Flight
17/12/25,Scoot,22:10,01:00,1h 50m,0,800900.0,CGK,SIN,Economy,30,Singapura,110,33,1,0,Budget Flight
17/12/25,Singapore Airlines,05:25,05:25,1h 40m,0,2711185.0,CGK,SIN,Business,40,Singapura,100,35,0,2,Mid-range Flight
17/12/25,Singapore Airlines,06:50,07:35,1h 45m,0,12941606.0,SIN,CGK,Business,40,Jakarta,105,35,0,1,High-end Flight
17/12/25,Singapore Airlines,07:40,07:40,1h 50m,0,12268113.0,SIN,CGK,Business,40,Jakarta,110,35,0,1,High-end Flight
17/12/25,Singapore Airlines,07:50,09:20,2h 30m,0,3598335.0,SIN,SUB,Economy,30,Surabaya,150,35,1,0,Budget Flight
17/12/25,Singapore Airlines,08:40,08:40,1h 40m,0,2863772.0,CGK,SIN,Business,40,Singapura,100,35,0,2,Mid-range Flight
17/12/25,Singapore Airlines,09:20,09:20,1h 55m,0,13725375.0,SIN,CGK,Business,40,Jakarta,115,35,0,1,High-end Flight
17/12/25,Singapore Airlines,10:15,13:35,2h 20m,0,2165349.0,SUB,SIN,Economy,30,Singapura,140,35,1,0,Budget Flight
17/12/25,Singapore Airlines,11:10,11:10,1h 50m,0,2795993.0,CGK,SIN,Business,40,Singapura,110,35,0,2,Mid-range Flight
17/12/25,Singapore Airlines,12:30,12:30,1h 50m,0,12369782.0,SIN,CGK,Business,40,Jakarta,110,35,0,1,High-end Flight
17/12/25,Singapore Airlines,14:10,15:40,2h 30m,0,3713790.0,SIN,SUB,Economy,30,Surabaya,150,35,1,0,Budget Flight
17/12/25,Singapore Airlines,15:15,15:15,1h 50m,0,13250918.0,SIN,CGK,Business,40,Jakarta,110,35,0,1,High-end Flight
17/12/25,Singapore Airlines,16:25,16:25,2h 25m,0,5846076.0,SIN,SUB,Economy,30,Surabaya,145,35,1,0,Budget Flight
17/12/25,Singapore Airlines,16:30,19:55,2h 25m,0,11089631.0,SUB,SIN,Business,40,Singapura,145,35,0,1,High-end Flight
17/12/25,Singapore Airlines,17:00,17:00,1h 45m,0,2745075.0,CGK,SIN,Business,40,Singapura,105,35,0,2,Mid-range Flight
17/12/25,Singapore Airlines,17:20,17:20,1h 45m,0,12386811.0,SIN,CGK,Business,40,Jakarta,105,35,0,1,High-end Flight
17/12/25,Singapore Airlines,18:10,18:10,1h 45m,0,4829382.0,CGK,SIN,Business,40,Singapura,105,35,0,2,Mid-range Flight
17/12/25,Singapore Airlines,18:40,19:25,1h 45m,0,12428783.0,SIN,CGK,Business,40,Jakarta,105,35,0,1,High-end Flight
17/12/25,Singapore Airlines,18:40,18:40,2h 25m,0,3795659.0,SUB,SIN,Economy,30,Singapura,145,35,1,0,Budget Flight
17/12/25,Singapore Airlines,20:20,20:20,1h 45m,0,2660434.0,CGK,SIN,Business,40,Singapura,105,35,0,2,Mid-range Flight
17/12/25,Super Air Jet,13:30,15:30,1h 0m,0,548084.0,SUB,DPS,Economy,15,Bali,60,36,1,0,Budget Flight
17/12/25,Super Air Jet,16:10,16:10,1h,0,1050584.0,DPS,SUB,Economy,10,Surabaya,60,36,1,0,Budget Flight
17/12/25,TransNusa,07:45,10:40,1h 55m,0,1008100.0,CGK,SIN,Economy,20,Singapura,115,37,1,0,Budget Flight
17/12/25,TransNusa,11:40,12:25,1h 45m,0,1404000.0,SIN,CGK,Economy,20,Jakarta,105,37,1,0,Budget Flight
17/12/25,TransNusa,11:45,11:45,1h 55m,0,3626210.0,CGK,SIN,Economy,7,Singapura,115,37,1,0,Budget Flight
17/12/25,TransNusa,12:15,15:00,1h 45m,0,1008100.0,CGK,SIN,Economy,20,Singapura,105,37,1,0,Budget Flight
17/12/25,TransNusa,15:30,16:15,1h 45m,0,1404000.0,SIN,CGK,Economy,20,Jakarta,105,37,1,0,Budget Flight
17/12/25,Wings Air,10:00,11:10,1h 10m,0,802880.0,SRG,SUB,Economy,10,Surabaya,70,38,1,0,Budget Flight
17/12/25,Wings Air,11:40,11:40,55m,0,1118363.0,SUB,SRG,Economy,20,Semarang,55,38,1,0,Budget Flight
17/12/25,Wings Air,14:30,15:25,55m,0,808430.0,SUB,SRG,Economy,10,Semarang,55,38,1,0,Budget Flight
18/12/25,AirAsia,05:00,05:00,5h 35m,1,2490984.0,SUB,SIN,Economy,20,Singapura,335,0,1,0,Budget Flight
18/12/25,AirAsia,08:25,08:25,1h 45m,0,2863772.0,CGK,SIN,Economy,20,Singapura,105,0,1,0,Budget Flight
18/12/25,AirAsia,11:10,14:00,1h 50m,0,918027.0,CGK,SIN,Economy,10,Singapura,110,0,1,0,Budget Flight
18/12/25,AirAsia,11:50,12:35,1h 45m,0,923342.0,SIN,CGK,Economy,10,Jakarta,105,0,1,0,Budget Flight
18/12/25,AirAsia,14:40,15:30,1h 50m,0,923342.0,SIN,CGK,Economy,10,Jakarta,110,0,1,0,Budget Flight
18/12/25,AirAsia,16:30,19:20,1h 50m,0,916978.0,CGK,SIN,Economy,10,Singapura,110,0,1,0,Budget Flight
18/12/25,AirAsia,18:35,18:35,5h 50m,1,2795993.0,SIN,SUB,Economy,20,Surabaya,350,0,1,0,Budget Flight
18/12/25,AirAsia,20:00,20:00,1h 45m,0,2694323.0,SIN,CGK,Economy,20,Jakarta,105,0,1,0,Budget Flight
18/12/25,"AirAsia , Batik Air",05:00,05:00,5h 30m,1,2558764.0,SUB,SIN,Economy,20,Singapura,330,1,1,0,Budget Flight
18/12/25,"AirAsia , Batik Air",05:15,05:15,5h 50m,1,2287646.0,SUB,SIN,Economy,20,Singapura,350,1,1,0,Budget Flight
18/12/25,"AirAsia , Batik Air",17:10,17:10,7h 15m,1,2626544.0,SIN,SUB,Economy,20,Surabaya,435,1,1,0,Budget Flight
18/12/25,"AirAsia , Citilink",07:35,07:35,5h 25m,1,2338397.0,SUB,SIN,Economy,20,Singapura,325,2,1,0,Budget Flight
18/12/25,"AirAsia , Citilink",10:35,10:35,6h 10m,1,2626544.0,SIN,SUB,Economy,20,Surabaya,370,2,1,0,Budget Flight
18/12/25,"AirAsia , Lion Air",07:40,07:40,4h 40m,1,2643405.0,SRG,SUB,Economy,20,Surabaya,280,3,1,0,Budget Flight
18/12/25,"AirAsia , Lion Air",07:40,07:40,5h 20m,1,2389315.0,SUB,SIN,Economy,20,Singapura,320,3,1,0,Budget Flight
18/12/25,"AirAsia , Lion Air",10:40,10:40,3h 50m,1,2067278.0,SUB,DPS,Economy,10,Bali,230,3,1,0,Budget Flight
18/12/25,"AirAsia , Lion Air",11:50,11:50,5h 20m,1,3050083.0,SIN,SUB,Economy,20,Surabaya,320,3,1,0,Budget Flight
18/12/25,"AirAsia , Lion Air",13:30,13:30,4h 50m,1,2745075.0,SUB,SIN,Economy,20,Singapura,290,3,1,0,Budget Flight
18/12/25,"AirAsia , Malaysia Airlines",17:25,17:25,7h,1,2728213.0,SIN,SUB,Economy,20,Surabaya,420,4,1,0,Budget Flight
18/12/25,"AirAsia , Pelita Air",11:50,11:50,5h 10m,1,3151752.0,SIN,SUB,Economy,20,Surabaya,310,5,1,0,Budget Flight
18/12/25,"AirAsia , Super Air Jet",10:35,10:35,6h 35m,1,2575626.0,SIN,SUB,Economy,20,Surabaya,395,7,1,0,Budget Flight
18/12/25,Batik Air,05:00,06:20,1h 20m,0,2874752.0,SUB,HLP,Business,30,Jakarta,80,8,0,2,Mid-range Flight
18/12/25,Batik Air,05:00,05:00,7h 45m,1,6913522.0,SUB,SIN,Business,30,Singapura,465,8,0,1,High-end Flight
18/12/25,Batik Air,05:05,06:35,1h 30m,0,920506.0,SUB,CGK,Economy,20,Jakarta,90,8,1,0,Budget Flight
18/12/25,Batik Air,05:05,13:35,7h 30m,1,5150280.0,SUB,DPS,Business,30,Bali,450,8,0,1,High-end Flight
18/12/25,Batik Air,05:05,13:45,7h 40m,1,5391180.0,SUB,SIN,Business,30,Singapura,460,8,0,1,High-end Flight
18/12/25,Batik Air,05:05,09:35,4h 30m,1,2964080.0,SUB,SRG,Business,30,Semarang,270,8,0,2,Mid-range Flight
18/12/25,Batik Air,05:15,07:15,1h 0m,0,727480.0,SUB,DPS,Economy,20,Bali,60,8,1,0,Budget Flight
18/12/25,Batik Air,05:15,05:15,10h 15m,1,5371619.0,SUB,SIN,Business,30,Singapura,615,8,0,1,High-end Flight
18/12/25,Batik Air,05:25,05:25,1h 25m,0,2389315.0,HLP,SUB,Business,30,Surabaya,85,8,0,2,Mid-range Flight
18/12/25,Batik Air,06:00,07:30,1h 30m,0,1774538.0,CGK,SUB,Business,30,Surabaya,90,8,0,2,Mid-range Flight
18/12/25,Batik Air,06:20,08:20,1h 0m,0,727480.0,SUB,DPS,Economy,20,Bali,60,8,1,0,Budget Flight
18/12/25,Batik Air,06:20,06:20,9h 10m,1,5371619.0,SUB,SIN,Business,30,Singapura,550,8,0,1,High-end Flight
18/12/25,Batik Air,07:00,13:30,6h 30m,1,2958530.0,SRG,SUB,Business,30,Surabaya,390,8,0,2,Mid-range Flight
18/12/25,Batik Air,07:30,07:30,1h 20m,0,3490651.0,SUB,HLP,Business,30,Jakarta,80,8,0,2,Mid-range Flight
18/12/25,Batik Air,07:30,07:30,7h 25m,1,4846243.0,SUB,SRG,Business,30,Semarang,445,8,0,1,High-end Flight
18/12/25,Batik Air,07:45,07:45,1h 45m,0,3168781.0,CGK,SIN,Economy,20,Singapura,105,8,1,0,Budget Flight
18/12/25,Batik Air,07:50,07:50,3h 40m,1,2829883.0,SUB,SRG,Economy,20,Semarang,220,8,1,0,Budget Flight
18/12/25,Batik Air,08:00,09:30,1h 30m,0,1068670.0,CGK,SUB,Economy,20,Surabaya,90,8,1,0,Budget Flight
18/12/25,Batik Air,08:30,10:00,1h 30m,0,1740598.0,SUB,CGK,Business,30,Jakarta,90,8,0,2,Mid-range Flight
18/12/25,Batik Air,08:30,20:30,11h 0m,1,5391180.0,SUB,SIN,Business,30,Singapura,660,8,0,1,High-end Flight
18/12/25,Batik Air,08:30,08:30,6h 25m,1,3846577.0,SUB,SRG,Business,30,Semarang,385,8,0,2,Mid-range Flight
18/12/25,Batik Air,08:40,16:10,6h 30m,1,1535500.0,SUB,SIN,Economy,10,Singapura,390,8,1,0,Budget Flight
18/12/25,Batik Air,08:50,08:50,1h 25m,0,1830050.0,HLP,SUB,Economy,20,Surabaya,85,8,1,0,Budget Flight
18/12/25,Batik Air,09:30,09:30,1h 25m,0,1830050.0,HLP,SUB,Economy,20,Surabaya,85,8,1,0,Budget Flight
18/12/25,Batik Air,09:30,13:30,4h,1,2941343.0,SRG,SUB,Business,10,Surabaya,240,8,0,0,Budget Flight
18/12/25,Batik Air,10:10,11:40,1h 30m,0,1740598.0,SUB,CGK,Business,30,Jakarta,90,8,0,2,Mid-range Flight
18/12/25,Batik Air,10:10,10:10,4h 45m,1,4863272.0,SUB,SRG,Business,30,Semarang,285,8,0,2,Mid-range Flight
18/12/25,Batik Air,10:15,10:15,4h 45m,1,2965442.0,SRG,SUB,Economy,20,Surabaya,285,8,1,0,Budget Flight
18/12/25,Batik Air,10:30,19:05,9h 35m,1,2039000.0,SIN,SUB,Economy,10,Surabaya,575,8,1,0,Budget Flight
18/12/25,Batik Air,10:55,10:55,1h 20m,0,1931719.0,SUB,HLP,Economy,20,Jakarta,80,8,1,0,Budget Flight
18/12/25,Batik Air,10:55,10:55,8h 35m,1,6913522.0,SUB,SIN,Business,30,Singapura,515,8,0,1,High-end Flight
18/12/25,Batik Air,10:55,10:55,6h 40m,1,5541068.0,SUB,SRG,Business,30,Semarang,400,8,0,1,High-end Flight
18/12/25,Batik Air,11:00,13:45,1h 45m,0,1027600.0,CGK,SIN,Economy,20,Singapura,105,8,1,0,Budget Flight
18/12/25,Batik Air,11:20,11:20,1h 50m,0,2541736.0,SIN,CGK,Economy,20,Jakarta,110,8,1,0,Budget Flight
18/12/25,Batik Air,11:20,11:20,6h 30m,1,6896661.0,SIN,SUB,Business,30,Surabaya,390,8,0,1,High-end Flight
18/12/25,Batik Air,11:35,11:35,1h 20m,0,1931719.0,SUB,HLP,Economy,20,Jakarta,80,8,1,0,Budget Flight
18/12/25,Batik Air,11:35,11:35,7h 55m,1,6913522.0,SUB,SIN,Business,30,Singapura,475,8,0,1,High-end Flight
18/12/25,Batik Air,11:40,11:40,5h 10m,1,3846577.0,SRG,SUB,Business,30,Surabaya,310,8,0,2,Mid-range Flight
18/12/25,Batik Air,12:00,13:30,1h 30m,0,1774538.0,CGK,SUB,Business,30,Surabaya,90,8,0,2,Mid-range Flight
18/12/25,Batik Air,12:15,12:15,4h 35m,1,2965442.0,SRG,SUB,Economy,20,Surabaya,275,8,1,0,Budget Flight
18/12/25,Batik Air,12:30,12:30,1h 45m,0,2931552.0,CGK,SIN,Economy,20,Singapura,105,8,1,0,Budget Flight
18/12/25,Batik Air,12:30,12:30,7h 35m,1,7845575.0,SIN,SUB,Business,20,Surabaya,455,8,0,1,High-end Flight
18/12/25,Batik Air,13:30,15:00,1h 30m,0,1774538.0,CGK,SUB,Business,30,Surabaya,90,8,0,2,Mid-range Flight
18/12/25,Batik Air,13:35,15:00,1h 25m,0,1763600.0,CGK,SUB,Business,30,Surabaya,85,8,0,2,Mid-range Flight
18/12/25,Batik Air,13:35,15:00,1h 25m,0,1729479.0,HLP,SUB,Business,30,Surabaya,85,8,0,2,Mid-range Flight
18/12/25,Batik Air,14:10,15:40,1h 30m,0,1740598.0,SUB,CGK,Business,30,Jakarta,90,8,0,2,Mid-range Flight
18/12/25,Batik Air,14:10,14:10,6h 50m,1,4863272.0,SUB,SRG,Business,30,Semarang,410,8,0,1,High-end Flight
18/12/25,Batik Air,14:45,14:45,1h 50m,0,2897662.0,SIN,CGK,Economy,20,Jakarta,110,8,1,0,Budget Flight
18/12/25,Batik Air,14:45,14:45,7h 55m,1,6845742.0,SIN,SUB,Business,30,Surabaya,475,8,0,1,High-end Flight
18/12/25,Batik Air,15:20,16:50,1h 30m,0,1002260.0,CGK,SUB,Economy,20,Surabaya,90,8,1,0,Budget Flight
18/12/25,Batik Air,15:35,15:35,5h 55m,1,3846577.0,SRG,SUB,Business,30,Surabaya,355,8,0,2,Mid-range Flight
18/12/25,Batik Air,15:40,17:00,1h 20m,0,1802380.0,SUB,CGK,Business,30,Jakarta,80,8,0,2,Mid-range Flight
18/12/25,Batik Air,15:40,15:40,1h 20m,0,4134557.0,SUB,HLP,Business,30,Jakarta,80,8,0,2,Mid-range Flight
18/12/25,Batik Air,15:50,17:15,1h 25m,0,1763600.0,CGK,SUB,Business,30,Surabaya,85,8,0,2,Mid-range Flight
18/12/25,Batik Air,15:50,17:15,1h 25m,0,1729479.0,HLP,SUB,Business,30,Surabaya,85,8,0,2,Mid-range Flight
18/12/25,Batik Air,16:00,16:00,1h 30m,0,2440066.0,CGK,SUB,Business,30,Surabaya,90,8,0,2,Mid-range Flight
18/12/25,Batik Air,16:10,17:00,1h 50m,0,4630600.0,SIN,CGK,Business,30,Jakarta,110,8,0,2,Mid-range Flight
18/12/25,Batik Air,16:25,17:55,1h 30m,0,1740598.0,SUB,CGK,Business,30,Jakarta,90,8,0,2,Mid-range Flight
18/12/25,Batik Air,16:25,16:25,4h 35m,1,3846577.0,SUB,SRG,Business,30,Semarang,275,8,0,2,Mid-range Flight
18/12/25,Batik Air,16:35,18:00,1h 25m,0,1729479.0,HLP,SUB,Business,30,Surabaya,85,8,0,2,Mid-range Flight
18/12/25,Batik Air,17:00,18:30,1h 30m,0,1002260.0,CGK,SUB,Economy,20,Surabaya,90,8,1,0,Budget Flight
18/12/25,Batik Air,17:10,17:10,6h,1,5151252.0,SIN,CGK,Business,20,Jakarta,360,8,0,1,High-end Flight
18/12/25,Batik Air,17:15,18:50,1h 35m,0,929000.0,CGK,SUB,Economy,20,Surabaya,95,8,1,0,Budget Flight
18/12/25,Batik Air,17:30,17:30,1h 50m,0,5134390.0,SIN,CGK,Business,30,Jakarta,110,8,0,2,Mid-range Flight
18/12/25,Batik Air,17:30,19:00,1h 30m,0,1740598.0,SUB,CGK,Business,30,Jakarta,90,8,0,2,Mid-range Flight
18/12/25,Batik Air,17:45,20:30,1h 45m,0,1027600.0,CGK,SIN,Economy,20,Singapura,105,8,1,0,Budget Flight
18/12/25,Batik Air,17:55,19:15,1h 20m,0,1802380.0,SUB,CGK,Business,30,Jakarta,80,8,0,2,Mid-range Flight
18/12/25,Batik Air,17:55,19:15,1h 20m,0,1751949.0,SUB,HLP,Business,30,Jakarta,80,8,0,2,Mid-range Flight
18/12/25,Batik Air,18:10,19:40,1h 30m,0,920506.0,SUB,CGK,Economy,20,Jakarta,90,8,1,0,Budget Flight
18/12/25,Batik Air,18:30,21:15,1h 45m,0,1027600.0,CGK,SIN,Economy,20,Singapura,105,8,1,0,Budget Flight
18/12/25,Batik Air,18:40,20:00,1h 20m,0,1802380.0,SUB,CGK,Business,30,Jakarta,80,8,0,2,Mid-range Flight
18/12/25,Batik Air,18:40,20:00,1h 20m,0,1751949.0,SUB,HLP,Business,30,Jakarta,80,8,0,2,Mid-range Flight
18/12/25,Batik Air,18:45,18:45,1h 0m,0,692000.0,DPS,SUB,Economy,20,Surabaya,60,8,1,0,Budget Flight
18/12/25,Batik Air,19:15,20:45,1h 30m,0,1740598.0,SUB,CGK,Business,30,Jakarta,90,8,0,2,Mid-range Flight
18/12/25,Batik Air,20:00,21:30,1h 30m,0,1774538.0,CGK,SUB,Business,30,Surabaya,90,8,0,2,Mid-range Flight
18/12/25,Batik Air,20:15,21:40,1h 25m,0,1729479.0,HLP,SUB,Business,30,Surabaya,85,8,0,2,Mid-range Flight
18/12/25,Batik Air,20:30,20:30,1h 0m,0,692000.0,DPS,SUB,Economy,20,Surabaya,60,8,1,0,Budget Flight
18/12/25,Batik Air,21:25,22:15,1h 50m,0,4630600.0,SIN,CGK,Business,30,Jakarta,110,8,0,2,Mid-range Flight
18/12/25,Batik Air,21:25,21:25,11h 05m,1,6896661.0,SIN,SUB,Business,30,Surabaya,665,8,0,1,High-end Flight
18/12/25,Batik Air,22:10,22:10,1h 50m,0,2541736.0,SIN,CGK,Economy,20,Jakarta,110,8,1,0,Budget Flight
18/12/25,Batik Air,22:10,22:10,10h 20m,1,6896661.0,SIN,SUB,Business,30,Surabaya,620,8,0,1,High-end Flight
18/12/25,"Batik Air , Citilink",05:35,05:35,4h,1,2795993.0,SUB,SRG,Economy,20,Semarang,240,9,1,0,Budget Flight
18/12/25,"Batik Air , Citilink",07:35,07:35,5h 10m,1,2677295.0,SUB,SIN,Economy,20,Singapura,310,9,1,0,Budget Flight
18/12/25,"Batik Air , Citilink",13:00,13:00,3h 50m,1,3067111.0,SRG,SUB,Economy,20,Surabaya,230,9,1,0,Budget Flight
18/12/25,"Batik Air , Lion Air",07:40,07:40,5h 05m,1,2711185.0,SUB,SIN,Economy,20,Singapura,305,10,1,0,Budget Flight
18/12/25,"Batik Air , Lion Air",11:40,16:10,4h 30m,1,1645830.0,SRG,SUB,Economy,20,Surabaya,270,10,1,0,Budget Flight
18/12/25,"Batik Air , Lion Air",12:15,12:15,3h 55m,1,2660434.0,SRG,SUB,Economy,15,Surabaya,235,10,1,0,Budget Flight
18/12/25,"Batik Air , Lion Air",13:30,13:30,4h 05m,1,2931552.0,SUB,SRG,Economy,10,Semarang,245,10,1,0,Budget Flight
18/12/25,"Batik Air , Pelita Air",12:15,12:15,3h 45m,1,2897662.0,SRG,SUB,Economy,10,Surabaya,225,11,1,0,Budget Flight
18/12/25,Citilink,06:20,06:20,1h 50m,0,4829382.0,CGK,SIN,Economy,20,Singapura,110,12,1,0,Budget Flight
18/12/25,Citilink,07:05,07:10,1h 5m,0,776220.0,DPS,SUB,Economy,15,Surabaya,65,12,1,0,Budget Flight
18/12/25,Citilink,07:35,16:15,8h 40m,1,1574850.0,SUB,SRG,Economy,15,Semarang,520,12,1,0,Budget Flight
18/12/25,Citilink,08:25,08:25,1h 25m,0,1321702.0,CGK,SUB,Economy,15,Surabaya,85,12,1,0,Budget Flight
18/12/25,Citilink,09:10,09:10,1h 35m,0,1338731.0,SUB,CGK,Economy,15,Jakarta,95,12,1,0,Budget Flight
18/12/25,Citilink,09:15,10:50,1h 35m,0,970556.0,SUB,CGK,Economy,10,Jakarta,95,12,1,0,Budget Flight
18/12/25,Citilink,10:10,11:00,1h 50m,0,1396602.0,SIN,CGK,Economy,10,Jakarta,110,12,1,0,Budget Flight
18/12/25,Citilink,10:25,10:25,1h 35m,0,1423372.0,CGK,SUB,Economy,15,Surabaya,95,12,1,0,Budget Flight
18/12/25,Citilink,10:25,10:25,1h 35m,0,1389482.0,SUB,CGK,Economy,15,Jakarta,95,12,1,0,Budget Flight
18/12/25,Citilink,12:00,12:00,1h 35m,0,1423372.0,CGK,SUB,Economy,20,Surabaya,95,12,1,0,Budget Flight
18/12/25,Citilink,12:45,14:50,1h 5m,0,780017.0,SUB,DPS,Economy,15,Bali,65,12,1,0,Budget Flight
18/12/25,Citilink,12:50,12:50,1h 35m,0,1575959.0,SUB,CGK,Economy,15,Jakarta,95,12,1,0,Budget Flight
18/12/25,Citilink,13:05,14:40,1h 35m,0,982639.0,CGK,SUB,Economy,10,Surabaya,95,12,1,0,Budget Flight
18/12/25,Citilink,14:10,15:45,1h 35m,0,970556.0,SUB,CGK,Economy,10,Jakarta,95,12,1,0,Budget Flight
18/12/25,Citilink,15:10,16:45,1h 35m,0,982639.0,CGK,SUB,Economy,10,Surabaya,95,12,1,0,Budget Flight
18/12/25,Citilink,15:40,15:40,1h 05m,0,1067612.0,DPS,SUB,Economy,15,Surabaya,65,12,1,0,Budget Flight
18/12/25,Citilink,16:45,16:45,3h 55m,1,2575626.0,SRG,SUB,Economy,20,Surabaya,235,12,1,0,Budget Flight
18/12/25,Citilink,16:45,16:45,1h 05m,0,1067612.0,SUB,DPS,Economy,15,Bali,65,12,1,0,Budget Flight
18/12/25,Citilink,17:10,20:00,1h 50m,0,896697.0,CGK,SIN,Economy,10,Singapura,110,12,1,0,Budget Flight
18/12/25,Citilink,17:45,19:20,1h 35m,0,948688.0,CGK,SUB,Economy,10,Surabaya,95,12,1,0,Budget Flight
18/12/25,Citilink,19:25,19:25,1h 05m,0,1067612.0,DPS,SUB,Economy,15,Surabaya,65,12,1,0,Budget Flight
18/12/25,Citilink,19:45,19:45,1h 05m,0,1067612.0,SUB,DPS,Economy,15,Bali,65,12,1,0,Budget Flight
18/12/25,Citilink,21:00,21:00,1h 50m,0,2372287.0,SIN,CGK,Economy,20,Jakarta,110,12,1,0,Budget Flight
18/12/25,"Citilink , Garuda Indonesia",10:25,10:25,4h 15m,1,2880634.0,SUB,SRG,Economy,20,Semarang,255,13,1,0,Budget Flight
18/12/25,"Citilink , Garuda Indonesia",12:50,12:50,4h 10m,1,3083973.0,SUB,SRG,Economy,20,Semarang,250,13,1,0,Budget Flight
18/12/25,"Citilink , Lion Air",07:40,07:40,4h 50m,1,2440066.0,SUB,SRG,Economy,10,Semarang,290,15,1,0,Budget Flight
18/12/25,"Citilink , Lion Air",09:15,09:15,3h 30m,1,2507846.0,SUB,SRG,Economy,10,Semarang,210,15,1,0,Budget Flight
18/12/25,"Citilink , Lion Air",11:20,11:20,4h 55m,1,2490984.0,SUB,SRG,Economy,10,Semarang,295,15,1,0,Budget Flight
18/12/25,"Citilink , Lion Air",13:25,13:25,5h 45m,1,2202838.0,SRG,SUB,Economy,20,Surabaya,345,15,1,0,Budget Flight
18/12/25,"Citilink , Lion Air",16:45,16:45,3h 25m,1,2423205.0,SUB,SRG,Economy,10,Semarang,205,15,1,0,Budget Flight
18/12/25,"Citilink , Scoot",07:55,07:55,5h 05m,1,3287312.0,SIN,SUB,Economy,20,Surabaya,305,17,1,0,Budget Flight
18/12/25,"Citilink , Scoot",10:40,10:40,6h 05m,1,2931552.0,SIN,SUB,Economy,20,Surabaya,365,17,1,0,Budget Flight
18/12/25,"Citilink , TransNusa",07:35,07:35,6h 05m,1,2457095.0,SUB,SIN,Economy,7,Singapura,365,18,1,0,Budget Flight
18/12/25,Garuda Indonesia,05:10,05:10,3h 50m,1,3083973.0,SUB,SRG,Economy,20,Semarang,230,19,1,0,Budget Flight
18/12/25,Garuda Indonesia,05:50,08:35,1h 45m,0,1818100.0,CGK,SIN,Economy,30,Singapura,105,19,1,0,Budget Flight
18/12/25,Garuda Indonesia,06:55,07:55,2h 0m,0,2806458.0,SIN,CGK,Economy,30,Jakarta,120,19,1,0,Budget Flight
18/12/25,Garuda Indonesia,07:05,08:40,1h 35m,0,1386641.0,SUB,CGK,Economy,20,Jakarta,95,19,1,0,Budget Flight
18/12/25,Garuda Indonesia,07:05,07:05,2h 20m,0,2473956.0,SUB,SIN,Economy,30,Singapura,140,19,1,0,Budget Flight
18/12/25,Garuda Indonesia,08:55,08:55,2h,0,2999332.0,CGK,SIN,Business,40,Singapura,120,19,0,2,Mid-range Flight
18/12/25,Garuda Indonesia,09:20,09:20,1h,0,1542070.0,SUB,DPS,Economy,20,Bali,60,19,1,0,Budget Flight
18/12/25,Garuda Indonesia,09:35,09:35,2h,0,11624207.0,SIN,CGK,Business,40,Jakarta,120,19,0,1,High-end Flight
18/12/25,Garuda Indonesia,09:45,09:45,4h,1,3083973.0,SRG,SUB,Economy,20,Surabaya,240,19,1,0,Budget Flight
18/12/25,Garuda Indonesia,11:30,11:30,1h 50m,0,3270450.0,CGK,SIN,Business,40,Singapura,110,19,0,2,Mid-range Flight
18/12/25,Garuda Indonesia,12:55,12:55,2h 05m,0,11624207.0,SIN,CGK,Business,40,Jakarta,125,19,0,1,High-end Flight
18/12/25,Garuda Indonesia,14:35,18:45,4h 10m,1,2620265.0,SUB,SRG,Economy,20,Semarang,250,19,1,0,Budget Flight
18/12/25,Garuda Indonesia,15:30,15:30,2h,0,11624207.0,SIN,CGK,Business,40,Jakarta,120,19,0,1,High-end Flight
18/12/25,Garuda Indonesia,16:55,17:10,1h 15m,0,6543400.0,DPS,SUB,Business,10,Surabaya,75,19,0,2,Mid-range Flight
18/12/25,Garuda Indonesia,17:35,17:35,1h 50m,0,3626210.0,CGK,SIN,Business,40,Singapura,110,19,0,2,Mid-range Flight
18/12/25,Garuda Indonesia,18:00,18:00,3h 50m,1,3083973.0,SRG,SUB,Economy,20,Surabaya,230,19,1,0,Budget Flight
18/12/25,Garuda Indonesia,18:55,18:55,2h,0,5236060.0,CGK,SIN,Business,40,Singapura,120,19,0,2,Mid-range Flight
18/12/25,Garuda Indonesia,19:00,20:30,2h 30m,0,2947229.0,SIN,SUB,Economy,30,Surabaya,150,19,1,0,Budget Flight
18/12/25,Garuda Indonesia,21:30,22:35,2h 5m,0,11316693.0,SIN,CGK,Business,40,Jakarta,125,19,0,1,High-end Flight
18/12/25,"Garuda Indonesia , Lion Air",15:25,15:25,4h 55m,1,2863772.0,SRG,SUB,Economy,30,Surabaya,295,20,1,0,Budget Flight
18/12/25,Lion Air,03:30,05:00,1h 30m,0,831191.0,CGK,SUB,Economy,10,Surabaya,90,24,1,0,Budget Flight
18/12/25,Lion Air,05:05,05:05,3h 50m,1,2541736.0,SUB,DPS,Economy,10,Bali,230,24,1,0,Budget Flight
18/12/25,Lion Air,07:00,07:00,1h 0m,0,637000.0,DPS,SUB,Economy,10,Surabaya,60,24,1,0,Budget Flight
18/12/25,Lion Air,07:00,10:35,3h 35m,1,1567226.0,SRG,SUB,Economy,10,Surabaya,215,24,1,0,Budget Flight
18/12/25,Lion Air,07:35,09:10,1h 35m,0,795744.0,SUB,CGK,Economy,15,Jakarta,95,24,1,0,Budget Flight
18/12/25,Lion Air,07:40,09:10,1h 30m,0,886458.0,SUB,CGK,Economy,10,Jakarta,90,24,1,0,Budget Flight
18/12/25,Lion Air,07:55,09:55,1h 0m,0,666880.0,SUB,DPS,Economy,10,Bali,60,24,1,0,Budget Flight
18/12/25,Lion Air,08:20,08:20,4h 25m,1,2084307.0,SUB,DPS,Economy,15,Bali,265,24,1,0,Budget Flight
18/12/25,Lion Air,08:20,08:20,4h 25m,1,1948747.0,SUB,SRG,Economy,10,Semarang,265,24,1,0,Budget Flight
18/12/25,Lion Air,09:00,10:30,1h 30m,0,884531.0,CGK,SUB,Economy,10,Surabaya,90,24,1,0,Budget Flight
18/12/25,Lion Air,09:55,11:55,1h 0m,0,666880.0,SUB,DPS,Economy,10,Bali,60,24,1,0,Budget Flight
18/12/25,Lion Air,10:35,10:35,1h 0m,0,667000.0,DPS,SUB,Economy,10,Surabaya,60,24,1,0,Budget Flight
18/12/25,Lion Air,10:50,12:20,1h 30m,0,884531.0,CGK,SUB,Economy,10,Surabaya,90,24,1,0,Budget Flight
18/12/25,Lion Air,11:15,13:15,1h 0m,0,666880.0,SUB,DPS,Economy,10,Bali,60,24,1,0,Budget Flight
18/12/25,Lion Air,11:20,12:50,1h 30m,0,886458.0,SUB,CGK,Economy,10,Jakarta,90,24,1,0,Budget Flight
18/12/25,Lion Air,12:20,12:20,1h,0,1016694.0,SUB,DPS,Economy,10,Bali,60,24,1,0,Budget Flight
18/12/25,Lion Air,13:30,15:00,1h 30m,0,886458.0,SUB,CGK,Economy,10,Jakarta,90,24,1,0,Budget Flight
18/12/25,Lion Air,13:55,13:55,1h 0m,0,696900.0,DPS,SUB,Economy,10,Surabaya,60,24,1,0,Budget Flight
18/12/25,Lion Air,14:40,16:10,1h 30m,0,831191.0,CGK,SUB,Economy,10,Surabaya,90,24,1,0,Budget Flight
18/12/25,Lion Air,14:40,14:40,4h 10m,1,2423205.0,DPS,SUB,Economy,20,Surabaya,250,24,1,0,Budget Flight
18/12/25,Lion Air,17:05,17:05,1h,0,1016694.0,SUB,DPS,Economy,10,Bali,60,24,1,0,Budget Flight
18/12/25,Lion Air,17:50,19:50,1h 0m,0,696780.0,SUB,DPS,Economy,10,Bali,60,24,1,0,Budget Flight
18/12/25,Lion Air,18:50,20:20,1h 30m,0,884531.0,CGK,SUB,Economy,10,Surabaya,90,24,1,0,Budget Flight
18/12/25,Lion Air,19:45,19:45,1h,0,1016694.0,DPS,SUB,Economy,10,Surabaya,60,24,1,0,Budget Flight
18/12/25,Lion Air,20:00,21:30,1h 30m,0,886458.0,SUB,CGK,Economy,10,Jakarta,90,24,1,0,Budget Flight
18/12/25,Lion Air,20:30,20:30,1h 0m,0,605900.0,DPS,SUB,Economy,10,Surabaya,60,24,1,0,Budget Flight
18/12/25,Lion Air,21:00,22:30,1h 30m,0,886458.0,SUB,CGK,Economy,10,Jakarta,90,24,1,0,Budget Flight
18/12/25,"Lion Air , Scoot",07:55,07:55,5h 25m,1,3185642.0,SIN,SUB,Economy,20,Surabaya,325,25,1,0,Budget Flight
18/12/25,"Lion Air , Wings Air",06:00,06:00,2h 25m,1,2304507.0,SUB,DPS,Economy,10,Bali,145,28,1,0,Budget Flight
18/12/25,"Lion Air , Wings Air",07:30,07:30,2h 20m,1,2287646.0,DPS,SUB,Economy,10,Surabaya,140,28,1,0,Budget Flight
18/12/25,"Lion Air , Wings Air",09:25,09:25,3h 15m,1,2304507.0,DPS,SUB,Economy,10,Surabaya,195,28,1,0,Budget Flight
18/12/25,"Lion Air , Wings Air",09:50,09:50,2h 50m,1,2304507.0,DPS,SUB,Economy,10,Surabaya,170,28,1,0,Budget Flight
18/12/25,Malaysia Airlines,09:55,14:50,5h 55m,1,6003235.0,SIN,SUB,Business,20,Surabaya,355,29,0,1,High-end Flight
18/12/25,Malaysia Airlines,10:00,10:00,5h 40m,1,9065609.0,SUB,SIN,Business,30,Singapura,340,29,0,1,High-end Flight
18/12/25,Malaysia Airlines,19:30,09:10,14h 40m,1,6003235.0,SIN,SUB,Business,20,Surabaya,880,29,0,1,High-end Flight
18/12/25,Malaysia Airlines,21:20,21:20,12h 50m,1,6100166.0,SIN,SUB,Business,40,Surabaya,770,29,0,1,High-end Flight
18/12/25,"Malaysia Airlines , Operated By Fy",22:30,22:30,11h 40m,1,6066277.0,SIN,SUB,Business,30,Surabaya,700,30,0,1,High-end Flight
18/12/25,Pelita Air,07:55,07:55,1h 50m,0,3067111.0,CGK,SIN,Economy,20,Singapura,110,31,1,0,Budget Flight
18/12/25,Pelita Air,10:40,10:40,1h 35m,0,1474290.0,CGK,SUB,Economy,20,Surabaya,95,31,1,0,Budget Flight
18/12/25,Pelita Air,10:50,12:25,1h 35m,0,892633.0,SUB,CGK,Economy,20,Jakarta,95,31,1,0,Budget Flight
18/12/25,Pelita Air,11:40,11:40,1h 45m,0,2050417.0,SIN,CGK,Economy,20,Jakarta,105,31,1,0,Budget Flight
18/12/25,Pelita Air,11:40,11:40,5h 20m,1,3253422.0,SIN,SUB,Economy,20,Surabaya,320,31,1,0,Budget Flight
18/12/25,Pelita Air,13:25,14:55,1h 30m,0,910764.0,SUB,CGK,Economy,10,Jakarta,90,31,1,0,Budget Flight
18/12/25,Pelita Air,14:25,14:25,1h 35m,0,1474290.0,CGK,SUB,Economy,20,Surabaya,95,31,1,0,Budget Flight
18/12/25,Pelita Air,14:40,16:10,1h 30m,0,875500.0,CGK,SUB,Economy,10,Surabaya,90,31,1,0,Budget Flight
18/12/25,"Pelita Air , Scoot",06:10,06:10,5h 15m,1,2677295.0,SUB,SIN,Economy,20,Singapura,315,32,1,0,Budget Flight
18/12/25,Scoot,07:30,07:30,2h 30m,0,1863939.0,SIN,SUB,Economy,10,Surabaya,150,33,1,0,Budget Flight
18/12/25,Scoot,07:55,07:55,1h 55m,0,1897829.0,SIN,CGK,Economy,10,Jakarta,115,33,1,0,Budget Flight
18/12/25,Scoot,09:30,09:30,1h 55m,0,2507846.0,SIN,CGK,Economy,10,Jakarta,115,33,1,0,Budget Flight
18/12/25,Scoot,09:35,12:25,1h 50m,0,970374.0,CGK,SIN,Economy,10,Singapura,110,33,1,0,Budget Flight
18/12/25,Scoot,09:45,09:45,2h 20m,0,1491151.0,SUB,SIN,Economy,10,Singapura,140,33,1,0,Budget Flight
18/12/25,Scoot,11:20,11:20,1h 45m,0,4829382.0,CGK,SIN,Economy,10,Singapura,105,33,1,0,Budget Flight
18/12/25,Scoot,17:00,17:00,2h 30m,0,2067278.0,SIN,SUB,Economy,10,Surabaya,150,33,1,0,Budget Flight
18/12/25,Scoot,18:25,18:25,1h 55m,0,2914524.0,SIN,CGK,Economy,10,Jakarta,115,33,1,0,Budget Flight
18/12/25,Scoot,19:30,19:30,2h 30m,0,1287813.0,SUB,SIN,Economy,10,Singapura,150,33,1,0,Budget Flight
18/12/25,Scoot,20:25,20:25,2h,0,2507846.0,SIN,CGK,Economy,10,Jakarta,120,33,1,0,Budget Flight
18/12/25,Scoot,22:10,22:10,1h 50m,0,2762103.0,CGK,SIN,Economy,10,Singapura,110,33,1,0,Budget Flight
18/12/25,Singapore Airlines,05:25,05:25,1h 40m,0,2626544.0,CGK,SIN,Business,40,Singapura,100,35,0,2,Mid-range Flight
18/12/25,Singapore Airlines,06:50,07:35,1h 45m,0,12019267.0,SIN,CGK,Business,40,Jakarta,105,35,0,1,High-end Flight
18/12/25,Singapore Airlines,07:40,07:40,1h 50m,0,13250918.0,SIN,CGK,Business,40,Jakarta,110,35,0,1,High-end Flight
18/12/25,Singapore Airlines,07:50,09:20,2h 30m,0,3176301.0,SIN,SUB,Economy,30,Surabaya,150,35,1,0,Budget Flight
18/12/25,Singapore Airlines,08:40,08:40,1h 40m,0,5490150.0,CGK,SIN,Business,40,Singapura,100,35,0,2,Mid-range Flight
18/12/25,Singapore Airlines,09:20,09:20,1h 55m,0,13725375.0,SIN,CGK,Business,40,Jakarta,115,35,0,1,High-end Flight
18/12/25,Singapore Airlines,09:30,09:30,1h 45m,0,2575626.0,CGK,SIN,Business,40,Singapura,105,35,0,2,Mid-range Flight
18/12/25,Singapore Airlines,10:15,10:15,2h 20m,0,2999332.0,SUB,SIN,Economy,30,Singapura,140,35,1,0,Budget Flight
18/12/25,Singapore Airlines,16:10,16:10,1h 55m,0,12420701.0,SIN,CGK,Business,40,Jakarta,115,35,0,1,High-end Flight
18/12/25,Singapore Airlines,17:00,17:00,1h 45m,0,3151752.0,CGK,SIN,Business,40,Singapura,105,35,0,2,Mid-range Flight
18/12/25,Singapore Airlines,17:20,17:20,1h 45m,0,12403672.0,SIN,CGK,Business,40,Jakarta,105,35,0,1,High-end Flight
18/12/25,Singapore Airlines,18:10,18:10,1h 45m,0,3050083.0,CGK,SIN,Business,40,Singapura,105,35,0,2,Mid-range Flight
18/12/25,Singapore Airlines,18:40,18:40,1h 45m,0,12403672.0,SIN,CGK,Business,40,Jakarta,105,35,0,1,High-end Flight
18/12/25,Singapore Airlines,18:40,18:40,2h 25m,0,2457095.0,SUB,SIN,Economy,20,Singapura,145,35,1,0,Budget Flight
18/12/25,Singapore Airlines,22:40,22:40,1h 45m,0,12420701.0,SIN,CGK,Business,40,Jakarta,105,35,0,1,High-end Flight
18/12/25,Super Air Jet,13:30,13:30,1h,0,1016694.0,SUB,DPS,Economy,10,Bali,60,36,1,0,Budget Flight
18/12/25,Super Air Jet,16:10,16:10,1h,0,1050584.0,DPS,SUB,Economy,10,Surabaya,60,36,1,0,Budget Flight
18/12/25,TransNusa,07:45,07:45,1h 55m,0,3202671.0,CGK,SIN,Economy,7,Singapura,115,37,1,0,Budget Flight
18/12/25,TransNusa,11:40,12:25,1h 45m,0,1404000.0,SIN,CGK,Economy,20,Jakarta,105,37,1,0,Budget Flight
18/12/25,TransNusa,11:45,11:45,1h 55m,0,3083973.0,CGK,SIN,Economy,7,Singapura,115,37,1,0,Budget Flight
18/12/25,TransNusa,15:30,16:15,1h 45m,0,1404000.0,SIN,CGK,Economy,20,Jakarta,105,37,1,0,Budget Flight
18/12/25,Wings Air,10:00,11:10,1h 10m,0,851680.0,SRG,SUB,Economy,10,Surabaya,70,38,1,0,Budget Flight
18/12/25,Wings Air,14:30,15:25,55m,0,804482.0,SUB,SRG,Economy,10,Semarang,55,38,1,0,Budget Flight
