date,airline,departure_time,arrival_time,duration,transit,flight_price,origin,destination,seat_class,baggage,city,Platform,Hotel Name,hotel_price,City,Country,Hotel Star,Guest Rating,Checkin Date,Checkout Date,Cleaned Name,total_price,cluster_raw,cluster
2025-11-05,Batik Air,05:25,06:50,1h 25m,0,1763600,CGK,SUB,Business,30,Surabaya,bookingcom,Rebahan Stay,220500,Surabaya,Indonesia,2,8.5,2025-11-05,06/11/2025,rebahan stay,1984100,0,Budget
2025-11-05,Batik Air,05:25,06:50,1h 25m,0,1763600,CGK,SUB,Business,30,Surabaya,bookingcom,Collection O 30 Amega Crown Sub,237927,Surabaya,Indonesia,5,9.2,2025-11-05,06/11/2025,30 amega collection crown o sub,2001527,0,Budget
2025-11-05,Batik Air,05:25,06:50,1h 25m,0,1763600,CGK,SUB,Business,30,Surabaya,bookingcom,Hadi Park,260000,Surabaya,Indonesia,4,8.6,2025-11-05,06/11/2025,hadi park,2023600,0,Budget
2025-11-05,Batik Air,05:25,06:50,1h 25m,0,1763600,CGK,SUB,Business,30,Surabaya,bookingcom,POP! Hotel Diponegoro,308000,Surabaya,Indonesia,3,7.0,2025-11-05,06/11/2025,diponegoro pop,2071600,0,Budget
2025-11-05,Batik Air,05:25,06:50,1h 25m,0,1763600,CGK,SUB,Business,30,Surabaya,bookingcom,Choice City Hotel,322007,Surabaya,Indonesia,5,8.9,2025-11-05,06/11/2025,choice city,2085607,0,Budget
2025-11-05,Batik Air,05:25,06:50,1h 25m,0,1763600,CGK,SUB,Business,30,Surabaya,bookingcom,favehotel MEX Tunjungan Surabaya,339583,Surabaya,Indonesia,5,9.0,2025-11-05,06/11/2025,favehotel mex surabaya tunjungan,2103183,0,Budget
2025-11-05,Batik Air,05:25,06:50,1h 25m,0,1763600,CGK,SUB,Business,30,Surabaya,bookingcom,favehotel Rungkut Surabaya,347873,Surabaya,Indonesia,4,8.9,2025-11-05,06/11/2025,favehotel rungkut surabaya,2111473,0,Budget
2025-11-05,Batik Air,05:25,06:50,1h 25m,0,1763600,CGK,SUB,Business,30,Surabaya,bookingcom,Amaris Hotel Darmo Surabaya,365499,Surabaya,Indonesia,3,9.2,2025-11-05,06/11/2025,amaris darmo surabaya,2129099,0,Budget
2025-11-05,Batik Air,05:25,06:50,1h 25m,0,1763600,CGK,SUB,Business,30,Surabaya,bookingcom,Amaris Hotel Margorejo Surabaya,375000,Surabaya,Indonesia,4,9.3,2025-11-05,06/11/2025,amaris margorejo surabaya,2138600,0,Budget
2025-11-05,Batik Air,05:25,06:50,1h 25m,0,1763600,CGK,SUB,Business,30,Surabaya,bookingcom,Surabaya River View Hotel,380704,Surabaya,Indonesia,5,9.2,2025-11-05,06/11/2025,river surabaya view,2144304,0,Budget
2025-11-05,Batik Air,05:25,06:50,1h 25m,0,1763600,CGK,SUB,Business,30,Surabaya,bookingcom,Ibis Surabaya City Center,403750,Surabaya,Indonesia,3,8.6,2025-11-05,06/11/2025,center city ibis surabaya,2167350,0,Budget
2025-11-05,Batik Air,05:25,06:50,1h 25m,0,1763600,CGK,SUB,Business,30,Surabaya,bookingcom,Kokoon Hotel Surabaya,409101,Surabaya,Indonesia,4,8.5,2025-11-05,06/11/2025,kokoon surabaya,2172701,0,Budget
2025-11-05,Batik Air,05:25,06:50,1h 25m,0,1763600,CGK,SUB,Business,30,Surabaya,bookingcom,La Lisa Hotel Surabaya,410219,Surabaya,Indonesia,5,9.3,2025-11-05,06/11/2025,la lisa surabaya,2173819,0,Budget
2025-11-05,Batik Air,05:25,06:50,1h 25m,0,1763600,CGK,SUB,Business,30,Surabaya,bookingcom,ibis Surabaya Tidar,419381,Surabaya,Indonesia,4,9.0,2025-11-05,06/11/2025,ibis surabaya tidar,2182981,0,Budget
2025-11-05,Batik Air,05:25,06:50,1h 25m,0,1763600,CGK,SUB,Business,30,Surabaya,bookingcom,Surabaya Suites Hotel Powered by Archipelago,425417,Surabaya,Indonesia,4,9.4,2025-11-05,06/11/2025,archipelago by powered suites surabaya,2189017,0,Budget
2025-11-05,Batik Air,05:25,06:50,1h 25m,0,1763600,CGK,SUB,Business,30,Surabaya,bookingcom,Kana Citra Guesthouse,440396,Surabaya,Indonesia,2,8.7,2025-11-05,06/11/2025,citra kana,2203996,0,Budget
2025-11-05,Batik Air,05:25,06:50,1h 25m,0,1763600,CGK,SUB,Business,30,Surabaya,bookingcom,Deka Hotel Surabaya HR Muhammad,450179,Surabaya,Indonesia,5,8.4,2025-11-05,06/11/2025,deka hr muhammad surabaya,2213779,0,Budget
2025-11-05,Batik Air,05:25,06:50,1h 25m,0,1763600,CGK,SUB,Business,30,Surabaya,bookingcom,KHAS Surabaya,450289,Surabaya,Indonesia,5,8.3,2025-11-05,06/11/2025,khas surabaya,2213889,0,Budget
2025-11-05,Batik Air,05:25,06:50,1h 25m,0,1763600,CGK,SUB,Business,30,Surabaya,bookingcom,MaxOneHotel Tidar Surabaya,454500,Surabaya,Indonesia,4,9.4,2025-11-05,06/11/2025,maxonehotel surabaya tidar,2218100,0,Budget
2025-11-05,Batik Air,05:25,06:50,1h 25m,0,1763600,CGK,SUB,Business,30,Surabaya,bookingcom,Aston Inn Jemursari,463776,Surabaya,Indonesia,5,8.8,2025-11-05,06/11/2025,aston jemursari,2227376,0,Budget
2025-11-05,Batik Air,05:25,06:50,1h 25m,0,1763600,CGK,SUB,Business,30,Surabaya,bookingcom,Hotel Santika Pandegiling - Surabaya,476709,Surabaya,Indonesia,2,7.8,2025-11-05,06/11/2025,pandegiling santika surabaya,2240309,0,Budget
2025-11-05,Batik Air,05:25,06:50,1h 25m,0,1763600,CGK,SUB,Business,30,Surabaya,bookingcom,Midtown Hotel Surabaya,480690,Surabaya,Indonesia,5,9.0,2025-11-05,06/11/2025,midtown surabaya,2244290,0,Budget
2025-11-05,Batik Air,05:25,06:50,1h 25m,0,1763600,CGK,SUB,Business,30,Surabaya,bookingcom,Java Paragon Hotel & Residences,590456,Surabaya,Indonesia,4,9.4,2025-11-05,06/11/2025,java paragon residences,2354056,0,Budget
2025-11-05,Batik Air,05:25,06:50,1h 25m,0,1763600,CGK,SUB,Business,30,Surabaya,bookingcom,Holiday Inn Express Surabaya CenterPoint by IHG,601152,Surabaya,Indonesia,4,7.7,2025-11-05,06/11/2025,by centerpoint express holiday ihg surabaya,2364752,0,Budget
2025-11-05,Batik Air,05:25,06:50,1h 25m,0,1763600,CGK,SUB,Business,30,Surabaya,bookingcom,The Southern Hotel Surabaya,602229,Surabaya,Indonesia,4,9.1,2025-11-05,06/11/2025,southern surabaya the,2365829,0,Budget
2025-11-05,Batik Air,05:25,06:50,1h 25m,0,1763600,CGK,SUB,Business,30,Surabaya,bookingcom,Aria Centra Surabaya,621000,Surabaya,Indonesia,4,8.1,2025-11-05,06/11/2025,aria centra surabaya,2384600,0,Budget
2025-11-05,Batik Air,05:25,06:50,1h 25m,0,1763600,CGK,SUB,Business,30,Surabaya,bookingcom,Best Western Papilio Hotel,655200,Surabaya,Indonesia,5,8.8,2025-11-05,06/11/2025,best papilio western,2418800,0,Budget
2025-11-05,Batik Air,05:25,06:50,1h 25m,0,1763600,CGK,SUB,Business,30,Surabaya,bookingcom,Mercure Surabaya Grand Mirama,678681,Surabaya,Indonesia,5,9.3,2025-11-05,06/11/2025,grand mercure mirama surabaya,2442281,0,Budget
2025-11-05,Batik Air,05:25,06:50,1h 25m,0,1763600,CGK,SUB,Business,30,Surabaya,bookingcom,HARRIS Hotel & Conventions Bundaran Satelit Surabaya,684000,Surabaya,Indonesia,5,8.8,2025-11-05,06/11/2025,bundaran conventions harris satelit surabaya,2447600,0,Budget
2025-11-05,Batik Air,05:25,06:50,1h 25m,0,1763600,CGK,SUB,Business,30,Surabaya,bookingcom,Kampi Hotel Tunjungan - Surabaya,690000,Surabaya,Indonesia,4,9.2,2025-11-05,06/11/2025,kampi surabaya tunjungan,2453600,0,Budget
2025-11-05,Batik Air,05:25,06:50,1h 25m,0,1763600,CGK,SUB,Business,30,Surabaya,bookingcom,Swiss-Belinn Tunjungan Surabaya,765000,Surabaya,Indonesia,5,9.0,2025-11-05,06/11/2025,surabaya swissbelinn tunjungan,2528600,0,Budget
2025-11-05,Batik Air,05:25,06:50,1h 25m,0,1763600,CGK,SUB,Business,30,Surabaya,bookingcom,Grand Swiss-Belhotel Darmo,771900,Surabaya,Indonesia,5,9.3,2025-11-05,06/11/2025,darmo grand swissbelhotel,2535500,0,Budget
2025-11-05,Batik Air,05:25,06:50,1h 25m,0,1763600,CGK,SUB,Business,30,Surabaya,bookingcom,Wyndham Surabaya,807500,Surabaya,Indonesia,5,9.2,2025-11-05,06/11/2025,surabaya wyndham,2571100,0,Budget
2025-11-05,Batik Air,05:25,06:50,1h 25m,0,1763600,CGK,SUB,Business,30,Surabaya,bookingcom,Novotel Samator Surabaya Timur,813846,Surabaya,Indonesia,5,8.8,2025-11-05,06/11/2025,novotel samator surabaya timur,2577446,0,Budget
2025-11-05,Batik Air,05:25,06:50,1h 25m,0,1763600,CGK,SUB,Business,30,Surabaya,bookingcom,Bumi Surabaya City Resort,822924,Surabaya,Indonesia,5,9.2,2025-11-05,06/11/2025,bumi city surabaya,2586524,0,Budget
2025-11-05,Batik Air,05:25,06:50,1h 25m,0,1763600,CGK,SUB,Business,30,Surabaya,bookingcom,Aloft Surabaya Pakuwon City,871200,Surabaya,Indonesia,4,10.0,2025-11-05,06/11/2025,aloft city pakuwon surabaya,2634800,0,Budget
2025-11-05,Batik Air,05:25,06:50,1h 25m,0,1763600,CGK,SUB,Business,30,Surabaya,bookingcom,Movenpick Surabaya City,910800,Surabaya,Indonesia,5,9.0,2025-11-05,06/11/2025,city movenpick surabaya,2674400,0,Budget
2025-11-05,Batik Air,05:25,06:50,1h 25m,0,1763600,CGK,SUB,Business,30,Surabaya,bookingcom,Oakwood Hotel & Residence Surabaya,1087063,Surabaya,Indonesia,5,9.8,2025-11-05,06/11/2025,oakwood residence surabaya,2850663,0,Budget
2025-11-05,Batik Air,05:25,06:50,1h 25m,0,1763600,CGK,SUB,Business,30,Surabaya,bookingcom,Platinum Hotel Tunjungan Surabaya,1090545,Surabaya,Indonesia,4,9.4,2025-11-05,06/11/2025,platinum surabaya tunjungan,2854145,0,Budget
2025-11-05,Batik Air,05:25,06:50,1h 25m,0,1763600,CGK,SUB,Business,30,Surabaya,bookingcom,DoubleTree by Hilton Surabaya,1258884,Surabaya,Indonesia,5,9.4,2025-11-05,06/11/2025,by doubletree hilton surabaya,3022484,0,Budget
2025-11-05,Batik Air,05:25,06:50,1h 25m,0,1763600,CGK,SUB,Business,30,Surabaya,bookingcom,Vasa Hotel Surabaya,1266305,Surabaya,Indonesia,5,9.0,2025-11-05,06/11/2025,surabaya vasa,3029905,0,Budget
2025-11-05,Batik Air,05:25,06:50,1h 25m,0,1763600,CGK,SUB,Business,30,Surabaya,bookingcom,Hotel Ciputra World Surabaya managed by Swiss-Belhotel International,1330000,Surabaya,Indonesia,5,9.4,2025-11-05,06/11/2025,by ciputra international managed surabaya swissbelhotel world,3093600,0,Budget
2025-11-05,Batik Air,05:25,06:50,1h 25m,0,1763600,CGK,SUB,Business,30,Surabaya,bookingcom,Ascott Waterplace Surabaya,1377000,Surabaya,Indonesia,5,9.3,2025-11-05,06/11/2025,ascott surabaya waterplace,3140600,0,Budget
2025-11-05,Batik Air,05:25,06:50,1h 25m,0,1763600,CGK,SUB,Business,30,Surabaya,bookingcom,Shangri-la Surabaya,1431430,Surabaya,Indonesia,5,8.9,2025-11-05,06/11/2025,shangrila surabaya,3195030,0,Budget
2025-11-05,Batik Air,05:25,06:50,1h 25m,0,1763600,CGK,SUB,Business,30,Surabaya,bookingcom,"Four Points by Sheraton Surabaya, Tunjungan Plaza",1524600,Surabaya,Indonesia,4,9.5,2025-11-05,06/11/2025,by four plaza points sheraton surabaya tunjungan,3288200,0,Budget
2025-11-05,Batik Air,05:25,06:50,1h 25m,0,1763600,CGK,SUB,Business,30,Surabaya,bookingcom,"Four Points by Sheraton Surabaya, Pakuwon Indah",1548800,Surabaya,Indonesia,5,9.6,2025-11-05,06/11/2025,by four indah pakuwon points sheraton surabaya,3312400,0,Budget
2025-11-05,Batik Air,05:25,06:50,1h 25m,0,1763600,CGK,SUB,Business,30,Surabaya,bookingcom,Hotel Majapahit Surabaya MGallery,1647000,Surabaya,Indonesia,5,9.3,2025-11-05,06/11/2025,majapahit mgallery surabaya,3410600,0,Budget
2025-11-05,Batik Air,05:25,06:50,1h 25m,0,1763600,CGK,SUB,Business,30,Surabaya,bookingcom,Sheraton Surabaya Hotel & Towers,1936000,Surabaya,Indonesia,2,8.7,2025-11-05,06/11/2025,sheraton surabaya towers,3699600,0,Budget
2025-11-05,Batik Air,05:25,06:50,1h 25m,0,1763600,CGK,SUB,Business,30,Surabaya,bookingcom,JW Marriott Hotel Surabaya,1996500,Surabaya,Indonesia,5,9.4,2025-11-05,06/11/2025,jw marriott surabaya,3760100,0,Budget
2025-11-05,Batik Air,06:00,07:30,1h 30m,0,1807434,CGK,SUB,Business,30,Surabaya,bookingcom,Rebahan Stay,220500,Surabaya,Indonesia,2,8.5,2025-11-05,06/11/2025,rebahan stay,2027934,0,Budget
2025-11-05,Batik Air,06:00,07:30,1h 30m,0,1807434,CGK,SUB,Business,30,Surabaya,bookingcom,Collection O 30 Amega Crown Sub,237927,Surabaya,Indonesia,5,9.2,2025-11-05,06/11/2025,30 amega collection crown o sub,2045361,0,Budget
2025-11-05,Batik Air,06:00,07:30,1h 30m,0,1807434,CGK,SUB,Business,30,Surabaya,bookingcom,Hadi Park,260000,Surabaya,Indonesia,4,8.6,2025-11-05,06/11/2025,hadi park,2067434,0,Budget
2025-11-05,Batik Air,06:00,07:30,1h 30m,0,1807434,CGK,SUB,Business,30,Surabaya,bookingcom,POP! Hotel Diponegoro,308000,Surabaya,Indonesia,3,7.0,2025-11-05,06/11/2025,diponegoro pop,2115434,0,Budget
2025-11-05,Batik Air,06:00,07:30,1h 30m,0,1807434,CGK,SUB,Business,30,Surabaya,bookingcom,Choice City Hotel,322007,Surabaya,Indonesia,5,8.9,2025-11-05,06/11/2025,choice city,2129441,0,Budget
2025-11-05,Batik Air,06:00,07:30,1h 30m,0,1807434,CGK,SUB,Business,30,Surabaya,bookingcom,favehotel MEX Tunjungan Surabaya,339583,Surabaya,Indonesia,5,9.0,2025-11-05,06/11/2025,favehotel mex surabaya tunjungan,2147017,0,Budget
2025-11-05,Batik Air,06:00,07:30,1h 30m,0,1807434,CGK,SUB,Business,30,Surabaya,bookingcom,favehotel Rungkut Surabaya,347873,Surabaya,Indonesia,4,8.9,2025-11-05,06/11/2025,favehotel rungkut surabaya,2155307,0,Budget
2025-11-05,Batik Air,06:00,07:30,1h 30m,0,1807434,CGK,SUB,Business,30,Surabaya,bookingcom,Amaris Hotel Darmo Surabaya,365499,Surabaya,Indonesia,3,9.2,2025-11-05,06/11/2025,amaris darmo surabaya,2172933,0,Budget
2025-11-05,Batik Air,06:00,07:30,1h 30m,0,1807434,CGK,SUB,Business,30,Surabaya,bookingcom,Amaris Hotel Margorejo Surabaya,375000,Surabaya,Indonesia,4,9.3,2025-11-05,06/11/2025,amaris margorejo surabaya,2182434,0,Budget
2025-11-05,Batik Air,06:00,07:30,1h 30m,0,1807434,CGK,SUB,Business,30,Surabaya,bookingcom,Surabaya River View Hotel,380704,Surabaya,Indonesia,5,9.2,2025-11-05,06/11/2025,river surabaya view,2188138,0,Budget
2025-11-05,Batik Air,06:00,07:30,1h 30m,0,1807434,CGK,SUB,Business,30,Surabaya,bookingcom,Ibis Surabaya City Center,403750,Surabaya,Indonesia,3,8.6,2025-11-05,06/11/2025,center city ibis surabaya,2211184,0,Budget
2025-11-05,Batik Air,06:00,07:30,1h 30m,0,1807434,CGK,SUB,Business,30,Surabaya,bookingcom,Kokoon Hotel Surabaya,409101,Surabaya,Indonesia,4,8.5,2025-11-05,06/11/2025,kokoon surabaya,2216535,0,Budget
2025-11-05,Batik Air,06:00,07:30,1h 30m,0,1807434,CGK,SUB,Business,30,Surabaya,bookingcom,La Lisa Hotel Surabaya,410219,Surabaya,Indonesia,5,9.3,2025-11-05,06/11/2025,la lisa surabaya,2217653,0,Budget
2025-11-05,Batik Air,06:00,07:30,1h 30m,0,1807434,CGK,SUB,Business,30,Surabaya,bookingcom,ibis Surabaya Tidar,419381,Surabaya,Indonesia,4,9.0,2025-11-05,06/11/2025,ibis surabaya tidar,2226815,0,Budget
2025-11-05,Batik Air,06:00,07:30,1h 30m,0,1807434,CGK,SUB,Business,30,Surabaya,bookingcom,Surabaya Suites Hotel Powered by Archipelago,425417,Surabaya,Indonesia,4,9.4,2025-11-05,06/11/2025,archipelago by powered suites surabaya,2232851,0,Budget
2025-11-05,Batik Air,06:00,07:30,1h 30m,0,1807434,CGK,SUB,Business,30,Surabaya,bookingcom,Kana Citra Guesthouse,440396,Surabaya,Indonesia,2,8.7,2025-11-05,06/11/2025,citra kana,2247830,0,Budget
2025-11-05,Batik Air,06:00,07:30,1h 30m,0,1807434,CGK,SUB,Business,30,Surabaya,bookingcom,Deka Hotel Surabaya HR Muhammad,450179,Surabaya,Indonesia,5,8.4,2025-11-05,06/11/2025,deka hr muhammad surabaya,2257613,0,Budget
2025-11-05,Batik Air,06:00,07:30,1h 30m,0,1807434,CGK,SUB,Business,30,Surabaya,bookingcom,KHAS Surabaya,450289,Surabaya,Indonesia,5,8.3,2025-11-05,06/11/2025,khas surabaya,2257723,0,Budget
2025-11-05,Batik Air,06:00,07:30,1h 30m,0,1807434,CGK,SUB,Business,30,Surabaya,bookingcom,MaxOneHotel Tidar Surabaya,454500,Surabaya,Indonesia,4,9.4,2025-11-05,06/11/2025,maxonehotel surabaya tidar,2261934,0,Budget
2025-11-05,Batik Air,06:00,07:30,1h 30m,0,1807434,CGK,SUB,Business,30,Surabaya,bookingcom,Aston Inn Jemursari,463776,Surabaya,Indonesia,5,8.8,2025-11-05,06/11/2025,aston jemursari,2271210,0,Budget
2025-11-05,Batik Air,06:00,07:30,1h 30m,0,1807434,CGK,SUB,Business,30,Surabaya,bookingcom,Hotel Santika Pandegiling - Surabaya,476709,Surabaya,Indonesia,2,7.8,2025-11-05,06/11/2025,pandegiling santika surabaya,2284143,0,Budget
2025-11-05,Batik Air,06:00,07:30,1h 30m,0,1807434,CGK,SUB,Business,30,Surabaya,bookingcom,Midtown Hotel Surabaya,480690,Surabaya,Indonesia,5,9.0,2025-11-05,06/11/2025,midtown surabaya,2288124,0,Budget
2025-11-05,Batik Air,06:00,07:30,1h 30m,0,1807434,CGK,SUB,Business,30,Surabaya,bookingcom,Java Paragon Hotel & Residences,590456,Surabaya,Indonesia,4,9.4,2025-11-05,06/11/2025,java paragon residences,2397890,0,Budget
2025-11-05,Batik Air,06:00,07:30,1h 30m,0,1807434,CGK,SUB,Business,30,Surabaya,bookingcom,Holiday Inn Express Surabaya CenterPoint by IHG,601152,Surabaya,Indonesia,4,7.7,2025-11-05,06/11/2025,by centerpoint express holiday ihg surabaya,2408586,0,Budget
2025-11-05,Batik Air,06:00,07:30,1h 30m,0,1807434,CGK,SUB,Business,30,Surabaya,bookingcom,The Southern Hotel Surabaya,602229,Surabaya,Indonesia,4,9.1,2025-11-05,06/11/2025,southern surabaya the,2409663,0,Budget
2025-11-05,Batik Air,06:00,07:30,1h 30m,0,1807434,CGK,SUB,Business,30,Surabaya,bookingcom,Aria Centra Surabaya,621000,Surabaya,Indonesia,4,8.1,2025-11-05,06/11/2025,aria centra surabaya,2428434,0,Budget
2025-11-05,Batik Air,06:00,07:30,1h 30m,0,1807434,CGK,SUB,Business,30,Surabaya,bookingcom,Best Western Papilio Hotel,655200,Surabaya,Indonesia,5,8.8,2025-11-05,06/11/2025,best papilio western,2462634,0,Budget
2025-11-05,Batik Air,06:00,07:30,1h 30m,0,1807434,CGK,SUB,Business,30,Surabaya,bookingcom,Mercure Surabaya Grand Mirama,678681,Surabaya,Indonesia,5,9.3,2025-11-05,06/11/2025,grand mercure mirama surabaya,2486115,0,Budget
2025-11-05,Batik Air,06:00,07:30,1h 30m,0,1807434,CGK,SUB,Business,30,Surabaya,bookingcom,HARRIS Hotel & Conventions Bundaran Satelit Surabaya,684000,Surabaya,Indonesia,5,8.8,2025-11-05,06/11/2025,bundaran conventions harris satelit surabaya,2491434,0,Budget
2025-11-05,Batik Air,06:00,07:30,1h 30m,0,1807434,CGK,SUB,Business,30,Surabaya,bookingcom,Kampi Hotel Tunjungan - Surabaya,690000,Surabaya,Indonesia,4,9.2,2025-11-05,06/11/2025,kampi surabaya tunjungan,2497434,0,Budget
2025-11-05,Batik Air,06:00,07:30,1h 30m,0,1807434,CGK,SUB,Business,30,Surabaya,bookingcom,Swiss-Belinn Tunjungan Surabaya,765000,Surabaya,Indonesia,5,9.0,2025-11-05,06/11/2025,surabaya swissbelinn tunjungan,2572434,0,Budget
2025-11-05,Batik Air,06:00,07:30,1h 30m,0,1807434,CGK,SUB,Business,30,Surabaya,bookingcom,Grand Swiss-Belhotel Darmo,771900,Surabaya,Indonesia,5,9.3,2025-11-05,06/11/2025,darmo grand swissbelhotel,2579334,0,Budget
2025-11-05,Batik Air,06:00,07:30,1h 30m,0,1807434,CGK,SUB,Business,30,Surabaya,bookingcom,Wyndham Surabaya,807500,Surabaya,Indonesia,5,9.2,2025-11-05,06/11/2025,surabaya wyndham,2614934,0,Budget
2025-11-05,Batik Air,06:00,07:30,1h 30m,0,1807434,CGK,SUB,Business,30,Surabaya,bookingcom,Novotel Samator Surabaya Timur,813846,Surabaya,Indonesia,5,8.8,2025-11-05,06/11/2025,novotel samator surabaya timur,2621280,0,Budget
2025-11-05,Batik Air,06:00,07:30,1h 30m,0,1807434,CGK,SUB,Business,30,Surabaya,bookingcom,Bumi Surabaya City Resort,822924,Surabaya,Indonesia,5,9.2,2025-11-05,06/11/2025,bumi city surabaya,2630358,0,Budget
2025-11-05,Batik Air,06:00,07:30,1h 30m,0,1807434,CGK,SUB,Business,30,Surabaya,bookingcom,Aloft Surabaya Pakuwon City,871200,Surabaya,Indonesia,4,10.0,2025-11-05,06/11/2025,aloft city pakuwon surabaya,2678634,0,Budget
2025-11-05,Batik Air,06:00,07:30,1h 30m,0,1807434,CGK,SUB,Business,30,Surabaya,bookingcom,Movenpick Surabaya City,910800,Surabaya,Indonesia,5,9.0,2025-11-05,06/11/2025,city movenpick surabaya,2718234,0,Budget
2025-11-05,Batik Air,06:00,07:30,1h 30m,0,1807434,CGK,SUB,Business,30,Surabaya,bookingcom,Oakwood Hotel & Residence Surabaya,1087063,Surabaya,Indonesia,5,9.8,2025-11-05,06/11/2025,oakwood residence surabaya,2894497,0,Budget
2025-11-05,Batik Air,06:00,07:30,1h 30m,0,1807434,CGK,SUB,Business,30,Surabaya,bookingcom,Platinum Hotel Tunjungan Surabaya,1090545,Surabaya,Indonesia,4,9.4,2025-11-05,06/11/2025,platinum surabaya tunjungan,2897979,0,Budget
2025-11-05,Batik Air,06:00,07:30,1h 30m,0,1807434,CGK,SUB,Business,30,Surabaya,bookingcom,DoubleTree by Hilton Surabaya,1258884,Surabaya,Indonesia,5,9.4,2025-11-05,06/11/2025,by doubletree hilton surabaya,3066318,0,Budget
2025-11-05,Batik Air,06:00,07:30,1h 30m,0,1807434,CGK,SUB,Business,30,Surabaya,bookingcom,Vasa Hotel Surabaya,1266305,Surabaya,Indonesia,5,9.0,2025-11-05,06/11/2025,surabaya vasa,3073739,0,Budget
2025-11-05,Batik Air,06:00,07:30,1h 30m,0,1807434,CGK,SUB,Business,30,Surabaya,bookingcom,Hotel Ciputra World Surabaya managed by Swiss-Belhotel International,1330000,Surabaya,Indonesia,5,9.4,2025-11-05,06/11/2025,by ciputra international managed surabaya swissbelhotel world,3137434,0,Budget
2025-11-05,Batik Air,06:00,07:30,1h 30m,0,1807434,CGK,SUB,Business,30,Surabaya,bookingcom,Ascott Waterplace Surabaya,1377000,Surabaya,Indonesia,5,9.3,2025-11-05,06/11/2025,ascott surabaya waterplace,3184434,0,Budget
2025-11-05,Batik Air,06:00,07:30,1h 30m,0,1807434,CGK,SUB,Business,30,Surabaya,bookingcom,Shangri-la Surabaya,1431430,Surabaya,Indonesia,5,8.9,2025-11-05,06/11/2025,shangrila surabaya,3238864,0,Budget
2025-11-05,Batik Air,06:00,07:30,1h 30m,0,1807434,CGK,SUB,Business,30,Surabaya,bookingcom,"Four Points by Sheraton Surabaya, Tunjungan Plaza",1524600,Surabaya,Indonesia,4,9.5,2025-11-05,06/11/2025,by four plaza points sheraton surabaya tunjungan,3332034,0,Budget
2025-11-05,Batik Air,06:00,07:30,1h 30m,0,1807434,CGK,SUB,Business,30,Surabaya,bookingcom,"Four Points by Sheraton Surabaya, Pakuwon Indah",1548800,Surabaya,Indonesia,5,9.6,2025-11-05,06/11/2025,by four indah pakuwon points sheraton surabaya,3356234,0,Budget
2025-11-05,Batik Air,06:00,07:30,1h 30m,0,1807434,CGK,SUB,Business,30,Surabaya,bookingcom,Hotel Majapahit Surabaya MGallery,1647000,Surabaya,Indonesia,5,9.3,2025-11-05,06/11/2025,majapahit mgallery surabaya,3454434,0,Budget
2025-11-05,Batik Air,06:00,07:30,1h 30m,0,1807434,CGK,SUB,Business,30,Surabaya,bookingcom,Sheraton Surabaya Hotel & Towers,1936000,Surabaya,Indonesia,2,8.7,2025-11-05,06/11/2025,sheraton surabaya towers,3743434,0,Budget
2025-11-05,Batik Air,06:00,07:30,1h 30m,0,1807434,CGK,SUB,Business,30,Surabaya,bookingcom,JW Marriott Hotel Surabaya,1996500,Surabaya,Indonesia,5,9.4,2025-11-05,06/11/2025,jw marriott surabaya,3803934,0,Budget
2025-11-05,Batik Air,08:00,09:30,1h 30m,0,998914,CGK,SUB,Economy,20,Surabaya,bookingcom,Rebahan Stay,220500,Surabaya,Indonesia,2,8.5,2025-11-05,06/11/2025,rebahan stay,1219414,0,Budget
2025-11-05,Batik Air,08:00,09:30,1h 30m,0,998914,CGK,SUB,Economy,20,Surabaya,bookingcom,Collection O 30 Amega Crown Sub,237927,Surabaya,Indonesia,5,9.2,2025-11-05,06/11/2025,30 amega collection crown o sub,1236841,0,Budget
2025-11-05,Batik Air,08:00,09:30,1h 30m,0,998914,CGK,SUB,Economy,20,Surabaya,bookingcom,Hadi Park,260000,Surabaya,Indonesia,4,8.6,2025-11-05,06/11/2025,hadi park,1258914,0,Budget
2025-11-05,Batik Air,08:00,09:30,1h 30m,0,998914,CGK,SUB,Economy,20,Surabaya,bookingcom,POP! Hotel Diponegoro,308000,Surabaya,Indonesia,3,7.0,2025-11-05,06/11/2025,diponegoro pop,1306914,0,Budget
2025-11-05,Batik Air,08:00,09:30,1h 30m,0,998914,CGK,SUB,Economy,20,Surabaya,bookingcom,Choice City Hotel,322007,Surabaya,Indonesia,5,8.9,2025-11-05,06/11/2025,choice city,1320921,0,Budget
2025-11-05,Batik Air,08:00,09:30,1h 30m,0,998914,CGK,SUB,Economy,20,Surabaya,bookingcom,favehotel MEX Tunjungan Surabaya,339583,Surabaya,Indonesia,5,9.0,2025-11-05,06/11/2025,favehotel mex surabaya tunjungan,1338497,0,Budget
2025-11-05,Batik Air,08:00,09:30,1h 30m,0,998914,CGK,SUB,Economy,20,Surabaya,bookingcom,favehotel Rungkut Surabaya,347873,Surabaya,Indonesia,4,8.9,2025-11-05,06/11/2025,favehotel rungkut surabaya,1346787,0,Budget
2025-11-05,Batik Air,08:00,09:30,1h 30m,0,998914,CGK,SUB,Economy,20,Surabaya,bookingcom,Amaris Hotel Darmo Surabaya,365499,Surabaya,Indonesia,3,9.2,2025-11-05,06/11/2025,amaris darmo surabaya,1364413,0,Budget
2025-11-05,Batik Air,08:00,09:30,1h 30m,0,998914,CGK,SUB,Economy,20,Surabaya,bookingcom,Amaris Hotel Margorejo Surabaya,375000,Surabaya,Indonesia,4,9.3,2025-11-05,06/11/2025,amaris margorejo surabaya,1373914,0,Budget
2025-11-05,Batik Air,08:00,09:30,1h 30m,0,998914,CGK,SUB,Economy,20,Surabaya,bookingcom,Surabaya River View Hotel,380704,Surabaya,Indonesia,5,9.2,2025-11-05,06/11/2025,river surabaya view,1379618,0,Budget
2025-11-05,Batik Air,08:00,09:30,1h 30m,0,998914,CGK,SUB,Economy,20,Surabaya,bookingcom,Ibis Surabaya City Center,403750,Surabaya,Indonesia,3,8.6,2025-11-05,06/11/2025,center city ibis surabaya,1402664,0,Budget
2025-11-05,Batik Air,08:00,09:30,1h 30m,0,998914,CGK,SUB,Economy,20,Surabaya,bookingcom,Kokoon Hotel Surabaya,409101,Surabaya,Indonesia,4,8.5,2025-11-05,06/11/2025,kokoon surabaya,1408015,0,Budget
2025-11-05,Batik Air,08:00,09:30,1h 30m,0,998914,CGK,SUB,Economy,20,Surabaya,bookingcom,La Lisa Hotel Surabaya,410219,Surabaya,Indonesia,5,9.3,2025-11-05,06/11/2025,la lisa surabaya,1409133,0,Budget
2025-11-05,Batik Air,08:00,09:30,1h 30m,0,998914,CGK,SUB,Economy,20,Surabaya,bookingcom,ibis Surabaya Tidar,419381,Surabaya,Indonesia,4,9.0,2025-11-05,06/11/2025,ibis surabaya tidar,1418295,0,Budget
2025-11-05,Batik Air,08:00,09:30,1h 30m,0,998914,CGK,SUB,Economy,20,Surabaya,bookingcom,Surabaya Suites Hotel Powered by Archipelago,425417,Surabaya,Indonesia,4,9.4,2025-11-05,06/11/2025,archipelago by powered suites surabaya,1424331,0,Budget
2025-11-05,Batik Air,08:00,09:30,1h 30m,0,998914,CGK,SUB,Economy,20,Surabaya,bookingcom,Kana Citra Guesthouse,440396,Surabaya,Indonesia,2,8.7,2025-11-05,06/11/2025,citra kana,1439310,0,Budget
2025-11-05,Batik Air,08:00,09:30,1h 30m,0,998914,CGK,SUB,Economy,20,Surabaya,bookingcom,Deka Hotel Surabaya HR Muhammad,450179,Surabaya,Indonesia,5,8.4,2025-11-05,06/11/2025,deka hr muhammad surabaya,1449093,0,Budget
2025-11-05,Batik Air,08:00,09:30,1h 30m,0,998914,CGK,SUB,Economy,20,Surabaya,bookingcom,KHAS Surabaya,450289,Surabaya,Indonesia,5,8.3,2025-11-05,06/11/2025,khas surabaya,1449203,0,Budget
2025-11-05,Batik Air,08:00,09:30,1h 30m,0,998914,CGK,SUB,Economy,20,Surabaya,bookingcom,MaxOneHotel Tidar Surabaya,454500,Surabaya,Indonesia,4,9.4,2025-11-05,06/11/2025,maxonehotel surabaya tidar,1453414,0,Budget
2025-11-05,Batik Air,08:00,09:30,1h 30m,0,998914,CGK,SUB,Economy,20,Surabaya,bookingcom,Aston Inn Jemursari,463776,Surabaya,Indonesia,5,8.8,2025-11-05,06/11/2025,aston jemursari,1462690,0,Budget
2025-11-05,Batik Air,08:00,09:30,1h 30m,0,998914,CGK,SUB,Economy,20,Surabaya,bookingcom,Hotel Santika Pandegiling - Surabaya,476709,Surabaya,Indonesia,2,7.8,2025-11-05,06/11/2025,pandegiling santika surabaya,1475623,0,Budget
2025-11-05,Batik Air,08:00,09:30,1h 30m,0,998914,CGK,SUB,Economy,20,Surabaya,bookingcom,Midtown Hotel Surabaya,480690,Surabaya,Indonesia,5,9.0,2025-11-05,06/11/2025,midtown surabaya,1479604,0,Budget
2025-11-05,Batik Air,08:00,09:30,1h 30m,0,998914,CGK,SUB,Economy,20,Surabaya,bookingcom,Java Paragon Hotel & Residences,590456,Surabaya,Indonesia,4,9.4,2025-11-05,06/11/2025,java paragon residences,1589370,0,Budget
2025-11-05,Batik Air,08:00,09:30,1h 30m,0,998914,CGK,SUB,Economy,20,Surabaya,bookingcom,Holiday Inn Express Surabaya CenterPoint by IHG,601152,Surabaya,Indonesia,4,7.7,2025-11-05,06/11/2025,by centerpoint express holiday ihg surabaya,1600066,0,Budget
2025-11-05,Batik Air,08:00,09:30,1h 30m,0,998914,CGK,SUB,Economy,20,Surabaya,bookingcom,The Southern Hotel Surabaya,602229,Surabaya,Indonesia,4,9.1,2025-11-05,06/11/2025,southern surabaya the,1601143,0,Budget
2025-11-05,Batik Air,08:00,09:30,1h 30m,0,998914,CGK,SUB,Economy,20,Surabaya,bookingcom,Aria Centra Surabaya,621000,Surabaya,Indonesia,4,8.1,2025-11-05,06/11/2025,aria centra surabaya,1619914,0,Budget
2025-11-05,Batik Air,08:00,09:30,1h 30m,0,998914,CGK,SUB,Economy,20,Surabaya,bookingcom,Best Western Papilio Hotel,655200,Surabaya,Indonesia,5,8.8,2025-11-05,06/11/2025,best papilio western,1654114,0,Budget
2025-11-05,Batik Air,08:00,09:30,1h 30m,0,998914,CGK,SUB,Economy,20,Surabaya,bookingcom,Mercure Surabaya Grand Mirama,678681,Surabaya,Indonesia,5,9.3,2025-11-05,06/11/2025,grand mercure mirama surabaya,1677595,0,Budget
2025-11-05,Batik Air,08:00,09:30,1h 30m,0,998914,CGK,SUB,Economy,20,Surabaya,bookingcom,HARRIS Hotel & Conventions Bundaran Satelit Surabaya,684000,Surabaya,Indonesia,5,8.8,2025-11-05,06/11/2025,bundaran conventions harris satelit surabaya,1682914,0,Budget
2025-11-05,Batik Air,08:00,09:30,1h 30m,0,998914,CGK,SUB,Economy,20,Surabaya,bookingcom,Kampi Hotel Tunjungan - Surabaya,690000,Surabaya,Indonesia,4,9.2,2025-11-05,06/11/2025,kampi surabaya tunjungan,1688914,0,Budget
2025-11-05,Batik Air,08:00,09:30,1h 30m,0,998914,CGK,SUB,Economy,20,Surabaya,bookingcom,Swiss-Belinn Tunjungan Surabaya,765000,Surabaya,Indonesia,5,9.0,2025-11-05,06/11/2025,surabaya swissbelinn tunjungan,1763914,0,Budget
2025-11-05,Batik Air,08:00,09:30,1h 30m,0,998914,CGK,SUB,Economy,20,Surabaya,bookingcom,Grand Swiss-Belhotel Darmo,771900,Surabaya,Indonesia,5,9.3,2025-11-05,06/11/2025,darmo grand swissbelhotel,1770814,0,Budget
2025-11-05,Batik Air,08:00,09:30,1h 30m,0,998914,CGK,SUB,Economy,20,Surabaya,bookingcom,Wyndham Surabaya,807500,Surabaya,Indonesia,5,9.2,2025-11-05,06/11/2025,surabaya wyndham,1806414,0,Budget
2025-11-05,Batik Air,08:00,09:30,1h 30m,0,998914,CGK,SUB,Economy,20,Surabaya,bookingcom,Novotel Samator Surabaya Timur,813846,Surabaya,Indonesia,5,8.8,2025-11-05,06/11/2025,novotel samator surabaya timur,1812760,0,Budget
2025-11-05,Batik Air,08:00,09:30,1h 30m,0,998914,CGK,SUB,Economy,20,Surabaya,bookingcom,Bumi Surabaya City Resort,822924,Surabaya,Indonesia,5,9.2,2025-11-05,06/11/2025,bumi city surabaya,1821838,0,Budget
2025-11-05,Batik Air,08:00,09:30,1h 30m,0,998914,CGK,SUB,Economy,20,Surabaya,bookingcom,Aloft Surabaya Pakuwon City,871200,Surabaya,Indonesia,4,10.0,2025-11-05,06/11/2025,aloft city pakuwon surabaya,1870114,0,Budget
2025-11-05,Batik Air,08:00,09:30,1h 30m,0,998914,CGK,SUB,Economy,20,Surabaya,bookingcom,Movenpick Surabaya City,910800,Surabaya,Indonesia,5,9.0,2025-11-05,06/11/2025,city movenpick surabaya,1909714,0,Budget
2025-11-05,Batik Air,08:00,09:30,1h 30m,0,998914,CGK,SUB,Economy,20,Surabaya,bookingcom,Oakwood Hotel & Residence Surabaya,1087063,Surabaya,Indonesia,5,9.8,2025-11-05,06/11/2025,oakwood residence surabaya,2085977,0,Budget
2025-11-05,Batik Air,08:00,09:30,1h 30m,0,998914,CGK,SUB,Economy,20,Surabaya,bookingcom,Platinum Hotel Tunjungan Surabaya,1090545,Surabaya,Indonesia,4,9.4,2025-11-05,06/11/2025,platinum surabaya tunjungan,2089459,0,Budget
2025-11-05,Batik Air,08:00,09:30,1h 30m,0,998914,CGK,SUB,Economy,20,Surabaya,bookingcom,DoubleTree by Hilton Surabaya,1258884,Surabaya,Indonesia,5,9.4,2025-11-05,06/11/2025,by doubletree hilton surabaya,2257798,0,Budget
2025-11-05,Batik Air,08:00,09:30,1h 30m,0,998914,CGK,SUB,Economy,20,Surabaya,bookingcom,Vasa Hotel Surabaya,1266305,Surabaya,Indonesia,5,9.0,2025-11-05,06/11/2025,surabaya vasa,2265219,0,Budget
2025-11-05,Batik Air,08:00,09:30,1h 30m,0,998914,CGK,SUB,Economy,20,Surabaya,bookingcom,Hotel Ciputra World Surabaya managed by Swiss-Belhotel International,1330000,Surabaya,Indonesia,5,9.4,2025-11-05,06/11/2025,by ciputra international managed surabaya swissbelhotel world,2328914,0,Budget
2025-11-05,Batik Air,08:00,09:30,1h 30m,0,998914,CGK,SUB,Economy,20,Surabaya,bookingcom,Ascott Waterplace Surabaya,1377000,Surabaya,Indonesia,5,9.3,2025-11-05,06/11/2025,ascott surabaya waterplace,2375914,0,Budget
2025-11-05,Batik Air,08:00,09:30,1h 30m,0,998914,CGK,SUB,Economy,20,Surabaya,bookingcom,Shangri-la Surabaya,1431430,Surabaya,Indonesia,5,8.9,2025-11-05,06/11/2025,shangrila surabaya,2430344,0,Budget
2025-11-05,Batik Air,08:00,09:30,1h 30m,0,998914,CGK,SUB,Economy,20,Surabaya,bookingcom,"Four Points by Sheraton Surabaya, Tunjungan Plaza",1524600,Surabaya,Indonesia,4,9.5,2025-11-05,06/11/2025,by four plaza points sheraton surabaya tunjungan,2523514,0,Budget
2025-11-05,Batik Air,08:00,09:30,1h 30m,0,998914,CGK,SUB,Economy,20,Surabaya,bookingcom,"Four Points by Sheraton Surabaya, Pakuwon Indah",1548800,Surabaya,Indonesia,5,9.6,2025-11-05,06/11/2025,by four indah pakuwon points sheraton surabaya,2547714,0,Budget
2025-11-05,Batik Air,08:00,09:30,1h 30m,0,998914,CGK,SUB,Economy,20,Surabaya,bookingcom,Hotel Majapahit Surabaya MGallery,1647000,Surabaya,Indonesia,5,9.3,2025-11-05,06/11/2025,majapahit mgallery surabaya,2645914,0,Budget
2025-11-05,Batik Air,08:00,09:30,1h 30m,0,998914,CGK,SUB,Economy,20,Surabaya,bookingcom,Sheraton Surabaya Hotel & Towers,1936000,Surabaya,Indonesia,2,8.7,2025-11-05,06/11/2025,sheraton surabaya towers,2934914,0,Budget
2025-11-05,Batik Air,08:00,09:30,1h 30m,0,998914,CGK,SUB,Economy,20,Surabaya,bookingcom,JW Marriott Hotel Surabaya,1996500,Surabaya,Indonesia,5,9.4,2025-11-05,06/11/2025,jw marriott surabaya,2995414,0,Budget
2025-11-05,Batik Air,09:30,10:55,1h 25m,0,1763600,CGK,SUB,Business,30,Surabaya,bookingcom,Rebahan Stay,220500,Surabaya,Indonesia,2,8.5,2025-11-05,06/11/2025,rebahan stay,1984100,0,Budget
2025-11-05,Batik Air,09:30,10:55,1h 25m,0,1763600,CGK,SUB,Business,30,Surabaya,bookingcom,Collection O 30 Amega Crown Sub,237927,Surabaya,Indonesia,5,9.2,2025-11-05,06/11/2025,30 amega collection crown o sub,2001527,0,Budget
2025-11-05,Batik Air,09:30,10:55,1h 25m,0,1763600,CGK,SUB,Business,30,Surabaya,bookingcom,Hadi Park,260000,Surabaya,Indonesia,4,8.6,2025-11-05,06/11/2025,hadi park,2023600,0,Budget
2025-11-05,Batik Air,09:30,10:55,1h 25m,0,1763600,CGK,SUB,Business,30,Surabaya,bookingcom,POP! Hotel Diponegoro,308000,Surabaya,Indonesia,3,7.0,2025-11-05,06/11/2025,diponegoro pop,2071600,0,Budget
2025-11-05,Batik Air,09:30,10:55,1h 25m,0,1763600,CGK,SUB,Business,30,Surabaya,bookingcom,Choice City Hotel,322007,Surabaya,Indonesia,5,8.9,2025-11-05,06/11/2025,choice city,2085607,0,Budget
2025-11-05,Batik Air,09:30,10:55,1h 25m,0,1763600,CGK,SUB,Business,30,Surabaya,bookingcom,favehotel MEX Tunjungan Surabaya,339583,Surabaya,Indonesia,5,9.0,2025-11-05,06/11/2025,favehotel mex surabaya tunjungan,2103183,0,Budget
2025-11-05,Batik Air,09:30,10:55,1h 25m,0,1763600,CGK,SUB,Business,30,Surabaya,bookingcom,favehotel Rungkut Surabaya,347873,Surabaya,Indonesia,4,8.9,2025-11-05,06/11/2025,favehotel rungkut surabaya,2111473,0,Budget
2025-11-05,Batik Air,09:30,10:55,1h 25m,0,1763600,CGK,SUB,Business,30,Surabaya,bookingcom,Amaris Hotel Darmo Surabaya,365499,Surabaya,Indonesia,3,9.2,2025-11-05,06/11/2025,amaris darmo surabaya,2129099,0,Budget
2025-11-05,Batik Air,09:30,10:55,1h 25m,0,1763600,CGK,SUB,Business,30,Surabaya,bookingcom,Amaris Hotel Margorejo Surabaya,375000,Surabaya,Indonesia,4,9.3,2025-11-05,06/11/2025,amaris margorejo surabaya,2138600,0,Budget
2025-11-05,Batik Air,09:30,10:55,1h 25m,0,1763600,CGK,SUB,Business,30,Surabaya,bookingcom,Surabaya River View Hotel,380704,Surabaya,Indonesia,5,9.2,2025-11-05,06/11/2025,river surabaya view,2144304,0,Budget
2025-11-05,Batik Air,09:30,10:55,1h 25m,0,1763600,CGK,SUB,Business,30,Surabaya,bookingcom,Ibis Surabaya City Center,403750,Surabaya,Indonesia,3,8.6,2025-11-05,06/11/2025,center city ibis surabaya,2167350,0,Budget
2025-11-05,Batik Air,09:30,10:55,1h 25m,0,1763600,CGK,SUB,Business,30,Surabaya,bookingcom,Kokoon Hotel Surabaya,409101,Surabaya,Indonesia,4,8.5,2025-11-05,06/11/2025,kokoon surabaya,2172701,0,Budget
2025-11-05,Batik Air,09:30,10:55,1h 25m,0,1763600,CGK,SUB,Business,30,Surabaya,bookingcom,La Lisa Hotel Surabaya,410219,Surabaya,Indonesia,5,9.3,2025-11-05,06/11/2025,la lisa surabaya,2173819,0,Budget
2025-11-05,Batik Air,09:30,10:55,1h 25m,0,1763600,CGK,SUB,Business,30,Surabaya,bookingcom,ibis Surabaya Tidar,419381,Surabaya,Indonesia,4,9.0,2025-11-05,06/11/2025,ibis surabaya tidar,2182981,0,Budget
2025-11-05,Batik Air,09:30,10:55,1h 25m,0,1763600,CGK,SUB,Business,30,Surabaya,bookingcom,Surabaya Suites Hotel Powered by Archipelago,425417,Surabaya,Indonesia,4,9.4,2025-11-05,06/11/2025,archipelago by powered suites surabaya,2189017,0,Budget
2025-11-05,Batik Air,09:30,10:55,1h 25m,0,1763600,CGK,SUB,Business,30,Surabaya,bookingcom,Kana Citra Guesthouse,440396,Surabaya,Indonesia,2,8.7,2025-11-05,06/11/2025,citra kana,2203996,0,Budget
2025-11-05,Batik Air,09:30,10:55,1h 25m,0,1763600,CGK,SUB,Business,30,Surabaya,bookingcom,Deka Hotel Surabaya HR Muhammad,450179,Surabaya,Indonesia,5,8.4,2025-11-05,06/11/2025,deka hr muhammad surabaya,2213779,0,Budget
2025-11-05,Batik Air,09:30,10:55,1h 25m,0,1763600,CGK,SUB,Business,30,Surabaya,bookingcom,KHAS Surabaya,450289,Surabaya,Indonesia,5,8.3,2025-11-05,06/11/2025,khas surabaya,2213889,0,Budget
2025-11-05,Batik Air,09:30,10:55,1h 25m,0,1763600,CGK,SUB,Business,30,Surabaya,bookingcom,MaxOneHotel Tidar Surabaya,454500,Surabaya,Indonesia,4,9.4,2025-11-05,06/11/2025,maxonehotel surabaya tidar,2218100,0,Budget
2025-11-05,Batik Air,09:30,10:55,1h 25m,0,1763600,CGK,SUB,Business,30,Surabaya,bookingcom,Aston Inn Jemursari,463776,Surabaya,Indonesia,5,8.8,2025-11-05,06/11/2025,aston jemursari,2227376,0,Budget
2025-11-05,Batik Air,09:30,10:55,1h 25m,0,1763600,CGK,SUB,Business,30,Surabaya,bookingcom,Hotel Santika Pandegiling - Surabaya,476709,Surabaya,Indonesia,2,7.8,2025-11-05,06/11/2025,pandegiling santika surabaya,2240309,0,Budget
2025-11-05,Batik Air,09:30,10:55,1h 25m,0,1763600,CGK,SUB,Business,30,Surabaya,bookingcom,Midtown Hotel Surabaya,480690,Surabaya,Indonesia,5,9.0,2025-11-05,06/11/2025,midtown surabaya,2244290,0,Budget
2025-11-05,Batik Air,09:30,10:55,1h 25m,0,1763600,CGK,SUB,Business,30,Surabaya,bookingcom,Java Paragon Hotel & Residences,590456,Surabaya,Indonesia,4,9.4,2025-11-05,06/11/2025,java paragon residences,2354056,0,Budget
2025-11-05,Batik Air,09:30,10:55,1h 25m,0,1763600,CGK,SUB,Business,30,Surabaya,bookingcom,Holiday Inn Express Surabaya CenterPoint by IHG,601152,Surabaya,Indonesia,4,7.7,2025-11-05,06/11/2025,by centerpoint express holiday ihg surabaya,2364752,0,Budget
2025-11-05,Batik Air,09:30,10:55,1h 25m,0,1763600,CGK,SUB,Business,30,Surabaya,bookingcom,The Southern Hotel Surabaya,602229,Surabaya,Indonesia,4,9.1,2025-11-05,06/11/2025,southern surabaya the,2365829,0,Budget
2025-11-05,Batik Air,09:30,10:55,1h 25m,0,1763600,CGK,SUB,Business,30,Surabaya,bookingcom,Aria Centra Surabaya,621000,Surabaya,Indonesia,4,8.1,2025-11-05,06/11/2025,aria centra surabaya,2384600,0,Budget
2025-11-05,Batik Air,09:30,10:55,1h 25m,0,1763600,CGK,SUB,Business,30,Surabaya,bookingcom,Best Western Papilio Hotel,655200,Surabaya,Indonesia,5,8.8,2025-11-05,06/11/2025,best papilio western,2418800,0,Budget
2025-11-05,Batik Air,09:30,10:55,1h 25m,0,1763600,CGK,SUB,Business,30,Surabaya,bookingcom,Mercure Surabaya Grand Mirama,678681,Surabaya,Indonesia,5,9.3,2025-11-05,06/11/2025,grand mercure mirama surabaya,2442281,0,Budget
2025-11-05,Batik Air,09:30,10:55,1h 25m,0,1763600,CGK,SUB,Business,30,Surabaya,bookingcom,HARRIS Hotel & Conventions Bundaran Satelit Surabaya,684000,Surabaya,Indonesia,5,8.8,2025-11-05,06/11/2025,bundaran conventions harris satelit surabaya,2447600,0,Budget
2025-11-05,Batik Air,09:30,10:55,1h 25m,0,1763600,CGK,SUB,Business,30,Surabaya,bookingcom,Kampi Hotel Tunjungan - Surabaya,690000,Surabaya,Indonesia,4,9.2,2025-11-05,06/11/2025,kampi surabaya tunjungan,2453600,0,Budget
2025-11-05,Batik Air,09:30,10:55,1h 25m,0,1763600,CGK,SUB,Business,30,Surabaya,bookingcom,Swiss-Belinn Tunjungan Surabaya,765000,Surabaya,Indonesia,5,9.0,2025-11-05,06/11/2025,surabaya swissbelinn tunjungan,2528600,0,Budget
2025-11-05,Batik Air,09:30,10:55,1h 25m,0,1763600,CGK,SUB,Business,30,Surabaya,bookingcom,Grand Swiss-Belhotel Darmo,771900,Surabaya,Indonesia,5,9.3,2025-11-05,06/11/2025,darmo grand swissbelhotel,2535500,0,Budget
2025-11-05,Batik Air,09:30,10:55,1h 25m,0,1763600,CGK,SUB,Business,30,Surabaya,bookingcom,Wyndham Surabaya,807500,Surabaya,Indonesia,5,9.2,2025-11-05,06/11/2025,surabaya wyndham,2571100,0,Budget
2025-11-05,Batik Air,09:30,10:55,1h 25m,0,1763600,CGK,SUB,Business,30,Surabaya,bookingcom,Novotel Samator Surabaya Timur,813846,Surabaya,Indonesia,5,8.8,2025-11-05,06/11/2025,novotel samator surabaya timur,2577446,0,Budget
2025-11-05,Batik Air,09:30,10:55,1h 25m,0,1763600,CGK,SUB,Business,30,Surabaya,bookingcom,Bumi Surabaya City Resort,822924,Surabaya,Indonesia,5,9.2,2025-11-05,06/11/2025,bumi city surabaya,2586524,0,Budget
2025-11-05,Batik Air,09:30,10:55,1h 25m,0,1763600,CGK,SUB,Business,30,Surabaya,bookingcom,Aloft Surabaya Pakuwon City,871200,Surabaya,Indonesia,4,10.0,2025-11-05,06/11/2025,aloft city pakuwon surabaya,2634800,0,Budget
2025-11-05,Batik Air,09:30,10:55,1h 25m,0,1763600,CGK,SUB,Business,30,Surabaya,bookingcom,Movenpick Surabaya City,910800,Surabaya,Indonesia,5,9.0,2025-11-05,06/11/2025,city movenpick surabaya,2674400,0,Budget
2025-11-05,Batik Air,09:30,10:55,1h 25m,0,1763600,CGK,SUB,Business,30,Surabaya,bookingcom,Oakwood Hotel & Residence Surabaya,1087063,Surabaya,Indonesia,5,9.8,2025-11-05,06/11/2025,oakwood residence surabaya,2850663,0,Budget
2025-11-05,Batik Air,09:30,10:55,1h 25m,0,1763600,CGK,SUB,Business,30,Surabaya,bookingcom,Platinum Hotel Tunjungan Surabaya,1090545,Surabaya,Indonesia,4,9.4,2025-11-05,06/11/2025,platinum surabaya tunjungan,2854145,0,Budget
2025-11-05,Batik Air,09:30,10:55,1h 25m,0,1763600,CGK,SUB,Business,30,Surabaya,bookingcom,DoubleTree by Hilton Surabaya,1258884,Surabaya,Indonesia,5,9.4,2025-11-05,06/11/2025,by doubletree hilton surabaya,3022484,0,Budget
2025-11-05,Batik Air,09:30,10:55,1h 25m,0,1763600,CGK,SUB,Business,30,Surabaya,bookingcom,Vasa Hotel Surabaya,1266305,Surabaya,Indonesia,5,9.0,2025-11-05,06/11/2025,surabaya vasa,3029905,0,Budget
2025-11-05,Batik Air,09:30,10:55,1h 25m,0,1763600,CGK,SUB,Business,30,Surabaya,bookingcom,Hotel Ciputra World Surabaya managed by Swiss-Belhotel International,1330000,Surabaya,Indonesia,5,9.4,2025-11-05,06/11/2025,by ciputra international managed surabaya swissbelhotel world,3093600,0,Budget
2025-11-05,Batik Air,09:30,10:55,1h 25m,0,1763600,CGK,SUB,Business,30,Surabaya,bookingcom,Ascott Waterplace Surabaya,1377000,Surabaya,Indonesia,5,9.3,2025-11-05,06/11/2025,ascott surabaya waterplace,3140600,0,Budget
2025-11-05,Batik Air,09:30,10:55,1h 25m,0,1763600,CGK,SUB,Business,30,Surabaya,bookingcom,Shangri-la Surabaya,1431430,Surabaya,Indonesia,5,8.9,2025-11-05,06/11/2025,shangrila surabaya,3195030,0,Budget
2025-11-05,Batik Air,09:30,10:55,1h 25m,0,1763600,CGK,SUB,Business,30,Surabaya,bookingcom,"Four Points by Sheraton Surabaya, Tunjungan Plaza",1524600,Surabaya,Indonesia,4,9.5,2025-11-05,06/11/2025,by four plaza points sheraton surabaya tunjungan,3288200,0,Budget
2025-11-05,Batik Air,09:30,10:55,1h 25m,0,1763600,CGK,SUB,Business,30,Surabaya,bookingcom,"Four Points by Sheraton Surabaya, Pakuwon Indah",1548800,Surabaya,Indonesia,5,9.6,2025-11-05,06/11/2025,by four indah pakuwon points sheraton surabaya,3312400,0,Budget
2025-11-05,Batik Air,09:30,10:55,1h 25m,0,1763600,CGK,SUB,Business,30,Surabaya,bookingcom,Hotel Majapahit Surabaya MGallery,1647000,Surabaya,Indonesia,5,9.3,2025-11-05,06/11/2025,majapahit mgallery surabaya,3410600,0,Budget
2025-11-05,Batik Air,09:30,10:55,1h 25m,0,1763600,CGK,SUB,Business,30,Surabaya,bookingcom,Sheraton Surabaya Hotel & Towers,1936000,Surabaya,Indonesia,2,8.7,2025-11-05,06/11/2025,sheraton surabaya towers,3699600,0,Budget
2025-11-05,Batik Air,09:30,10:55,1h 25m,0,1763600,CGK,SUB,Business,30,Surabaya,bookingcom,JW Marriott Hotel Surabaya,1996500,Surabaya,Indonesia,5,9.4,2025-11-05,06/11/2025,jw marriott surabaya,3760100,0,Budget
2025-11-05,Batik Air,13:30,15:00,1h 30m,0,1758846,CGK,SUB,Business,30,Surabaya,bookingcom,Rebahan Stay,220500,Surabaya,Indonesia,2,8.5,2025-11-05,06/11/2025,rebahan stay,1979346,0,Budget
2025-11-05,Batik Air,13:30,15:00,1h 30m,0,1758846,CGK,SUB,Business,30,Surabaya,bookingcom,Collection O 30 Amega Crown Sub,237927,Surabaya,Indonesia,5,9.2,2025-11-05,06/11/2025,30 amega collection crown o sub,1996773,0,Budget
2025-11-05,Batik Air,13:30,15:00,1h 30m,0,1758846,CGK,SUB,Business,30,Surabaya,bookingcom,Hadi Park,260000,Surabaya,Indonesia,4,8.6,2025-11-05,06/11/2025,hadi park,2018846,0,Budget
2025-11-05,Batik Air,13:30,15:00,1h 30m,0,1758846,CGK,SUB,Business,30,Surabaya,bookingcom,POP! Hotel Diponegoro,308000,Surabaya,Indonesia,3,7.0,2025-11-05,06/11/2025,diponegoro pop,2066846,0,Budget
2025-11-05,Batik Air,13:30,15:00,1h 30m,0,1758846,CGK,SUB,Business,30,Surabaya,bookingcom,Choice City Hotel,322007,Surabaya,Indonesia,5,8.9,2025-11-05,06/11/2025,choice city,2080853,0,Budget
2025-11-05,Batik Air,13:30,15:00,1h 30m,0,1758846,CGK,SUB,Business,30,Surabaya,bookingcom,favehotel MEX Tunjungan Surabaya,339583,Surabaya,Indonesia,5,9.0,2025-11-05,06/11/2025,favehotel mex surabaya tunjungan,2098429,0,Budget
2025-11-05,Batik Air,13:30,15:00,1h 30m,0,1758846,CGK,SUB,Business,30,Surabaya,bookingcom,favehotel Rungkut Surabaya,347873,Surabaya,Indonesia,4,8.9,2025-11-05,06/11/2025,favehotel rungkut surabaya,2106719,0,Budget
2025-11-05,Batik Air,13:30,15:00,1h 30m,0,1758846,CGK,SUB,Business,30,Surabaya,bookingcom,Amaris Hotel Darmo Surabaya,365499,Surabaya,Indonesia,3,9.2,2025-11-05,06/11/2025,amaris darmo surabaya,2124345,0,Budget
2025-11-05,Batik Air,13:30,15:00,1h 30m,0,1758846,CGK,SUB,Business,30,Surabaya,bookingcom,Amaris Hotel Margorejo Surabaya,375000,Surabaya,Indonesia,4,9.3,2025-11-05,06/11/2025,amaris margorejo surabaya,2133846,0,Budget
2025-11-05,Batik Air,13:30,15:00,1h 30m,0,1758846,CGK,SUB,Business,30,Surabaya,bookingcom,Surabaya River View Hotel,380704,Surabaya,Indonesia,5,9.2,2025-11-05,06/11/2025,river surabaya view,2139550,0,Budget
2025-11-05,Batik Air,13:30,15:00,1h 30m,0,1758846,CGK,SUB,Business,30,Surabaya,bookingcom,Ibis Surabaya City Center,403750,Surabaya,Indonesia,3,8.6,2025-11-05,06/11/2025,center city ibis surabaya,2162596,0,Budget
2025-11-05,Batik Air,13:30,15:00,1h 30m,0,1758846,CGK,SUB,Business,30,Surabaya,bookingcom,Kokoon Hotel Surabaya,409101,Surabaya,Indonesia,4,8.5,2025-11-05,06/11/2025,kokoon surabaya,2167947,0,Budget
2025-11-05,Batik Air,13:30,15:00,1h 30m,0,1758846,CGK,SUB,Business,30,Surabaya,bookingcom,La Lisa Hotel Surabaya,410219,Surabaya,Indonesia,5,9.3,2025-11-05,06/11/2025,la lisa surabaya,2169065,0,Budget
2025-11-05,Batik Air,13:30,15:00,1h 30m,0,1758846,CGK,SUB,Business,30,Surabaya,bookingcom,ibis Surabaya Tidar,419381,Surabaya,Indonesia,4,9.0,2025-11-05,06/11/2025,ibis surabaya tidar,2178227,0,Budget
2025-11-05,Batik Air,13:30,15:00,1h 30m,0,1758846,CGK,SUB,Business,30,Surabaya,bookingcom,Surabaya Suites Hotel Powered by Archipelago,425417,Surabaya,Indonesia,4,9.4,2025-11-05,06/11/2025,archipelago by powered suites surabaya,2184263,0,Budget
2025-11-05,Batik Air,13:30,15:00,1h 30m,0,1758846,CGK,SUB,Business,30,Surabaya,bookingcom,Kana Citra Guesthouse,440396,Surabaya,Indonesia,2,8.7,2025-11-05,06/11/2025,citra kana,2199242,0,Budget
2025-11-05,Batik Air,13:30,15:00,1h 30m,0,1758846,CGK,SUB,Business,30,Surabaya,bookingcom,Deka Hotel Surabaya HR Muhammad,450179,Surabaya,Indonesia,5,8.4,2025-11-05,06/11/2025,deka hr muhammad surabaya,2209025,0,Budget
2025-11-05,Batik Air,13:30,15:00,1h 30m,0,1758846,CGK,SUB,Business,30,Surabaya,bookingcom,KHAS Surabaya,450289,Surabaya,Indonesia,5,8.3,2025-11-05,06/11/2025,khas surabaya,2209135,0,Budget
2025-11-05,Batik Air,13:30,15:00,1h 30m,0,1758846,CGK,SUB,Business,30,Surabaya,bookingcom,MaxOneHotel Tidar Surabaya,454500,Surabaya,Indonesia,4,9.4,2025-11-05,06/11/2025,maxonehotel surabaya tidar,2213346,0,Budget
2025-11-05,Batik Air,13:30,15:00,1h 30m,0,1758846,CGK,SUB,Business,30,Surabaya,bookingcom,Aston Inn Jemursari,463776,Surabaya,Indonesia,5,8.8,2025-11-05,06/11/2025,aston jemursari,2222622,0,Budget
2025-11-05,Batik Air,13:30,15:00,1h 30m,0,1758846,CGK,SUB,Business,30,Surabaya,bookingcom,Hotel Santika Pandegiling - Surabaya,476709,Surabaya,Indonesia,2,7.8,2025-11-05,06/11/2025,pandegiling santika surabaya,2235555,0,Budget
2025-11-05,Batik Air,13:30,15:00,1h 30m,0,1758846,CGK,SUB,Business,30,Surabaya,bookingcom,Midtown Hotel Surabaya,480690,Surabaya,Indonesia,5,9.0,2025-11-05,06/11/2025,midtown surabaya,2239536,0,Budget
2025-11-05,Batik Air,13:30,15:00,1h 30m,0,1758846,CGK,SUB,Business,30,Surabaya,bookingcom,Java Paragon Hotel & Residences,590456,Surabaya,Indonesia,4,9.4,2025-11-05,06/11/2025,java paragon residences,2349302,0,Budget
2025-11-05,Batik Air,13:30,15:00,1h 30m,0,1758846,CGK,SUB,Business,30,Surabaya,bookingcom,Holiday Inn Express Surabaya CenterPoint by IHG,601152,Surabaya,Indonesia,4,7.7,2025-11-05,06/11/2025,by centerpoint express holiday ihg surabaya,2359998,0,Budget
2025-11-05,Batik Air,13:30,15:00,1h 30m,0,1758846,CGK,SUB,Business,30,Surabaya,bookingcom,The Southern Hotel Surabaya,602229,Surabaya,Indonesia,4,9.1,2025-11-05,06/11/2025,southern surabaya the,2361075,0,Budget
2025-11-05,Batik Air,13:30,15:00,1h 30m,0,1758846,CGK,SUB,Business,30,Surabaya,bookingcom,Aria Centra Surabaya,621000,Surabaya,Indonesia,4,8.1,2025-11-05,06/11/2025,aria centra surabaya,2379846,0,Budget
2025-11-05,Batik Air,13:30,15:00,1h 30m,0,1758846,CGK,SUB,Business,30,Surabaya,bookingcom,Best Western Papilio Hotel,655200,Surabaya,Indonesia,5,8.8,2025-11-05,06/11/2025,best papilio western,2414046,0,Budget
2025-11-05,Batik Air,13:30,15:00,1h 30m,0,1758846,CGK,SUB,Business,30,Surabaya,bookingcom,Mercure Surabaya Grand Mirama,678681,Surabaya,Indonesia,5,9.3,2025-11-05,06/11/2025,grand mercure mirama surabaya,2437527,0,Budget
2025-11-05,Batik Air,13:30,15:00,1h 30m,0,1758846,CGK,SUB,Business,30,Surabaya,bookingcom,HARRIS Hotel & Conventions Bundaran Satelit Surabaya,684000,Surabaya,Indonesia,5,8.8,2025-11-05,06/11/2025,bundaran conventions harris satelit surabaya,2442846,0,Budget
2025-11-05,Batik Air,13:30,15:00,1h 30m,0,1758846,CGK,SUB,Business,30,Surabaya,bookingcom,Kampi Hotel Tunjungan - Surabaya,690000,Surabaya,Indonesia,4,9.2,2025-11-05,06/11/2025,kampi surabaya tunjungan,2448846,0,Budget
2025-11-05,Batik Air,13:30,15:00,1h 30m,0,1758846,CGK,SUB,Business,30,Surabaya,bookingcom,Swiss-Belinn Tunjungan Surabaya,765000,Surabaya,Indonesia,5,9.0,2025-11-05,06/11/2025,surabaya swissbelinn tunjungan,2523846,0,Budget
2025-11-05,Batik Air,13:30,15:00,1h 30m,0,1758846,CGK,SUB,Business,30,Surabaya,bookingcom,Grand Swiss-Belhotel Darmo,771900,Surabaya,Indonesia,5,9.3,2025-11-05,06/11/2025,darmo grand swissbelhotel,2530746,0,Budget
2025-11-05,Batik Air,13:30,15:00,1h 30m,0,1758846,CGK,SUB,Business,30,Surabaya,bookingcom,Wyndham Surabaya,807500,Surabaya,Indonesia,5,9.2,2025-11-05,06/11/2025,surabaya wyndham,2566346,0,Budget
2025-11-05,Batik Air,13:30,15:00,1h 30m,0,1758846,CGK,SUB,Business,30,Surabaya,bookingcom,Novotel Samator Surabaya Timur,813846,Surabaya,Indonesia,5,8.8,2025-11-05,06/11/2025,novotel samator surabaya timur,2572692,0,Budget
2025-11-05,Batik Air,13:30,15:00,1h 30m,0,1758846,CGK,SUB,Business,30,Surabaya,bookingcom,Bumi Surabaya City Resort,822924,Surabaya,Indonesia,5,9.2,2025-11-05,06/11/2025,bumi city surabaya,2581770,0,Budget
2025-11-05,Batik Air,13:30,15:00,1h 30m,0,1758846,CGK,SUB,Business,30,Surabaya,bookingcom,Aloft Surabaya Pakuwon City,871200,Surabaya,Indonesia,4,10.0,2025-11-05,06/11/2025,aloft city pakuwon surabaya,2630046,0,Budget
2025-11-05,Batik Air,13:30,15:00,1h 30m,0,1758846,CGK,SUB,Business,30,Surabaya,bookingcom,Movenpick Surabaya City,910800,Surabaya,Indonesia,5,9.0,2025-11-05,06/11/2025,city movenpick surabaya,2669646,0,Budget
2025-11-05,Batik Air,13:30,15:00,1h 30m,0,1758846,CGK,SUB,Business,30,Surabaya,bookingcom,Oakwood Hotel & Residence Surabaya,1087063,Surabaya,Indonesia,5,9.8,2025-11-05,06/11/2025,oakwood residence surabaya,2845909,0,Budget
2025-11-05,Batik Air,13:30,15:00,1h 30m,0,1758846,CGK,SUB,Business,30,Surabaya,bookingcom,Platinum Hotel Tunjungan Surabaya,1090545,Surabaya,Indonesia,4,9.4,2025-11-05,06/11/2025,platinum surabaya tunjungan,2849391,0,Budget
2025-11-05,Batik Air,13:30,15:00,1h 30m,0,1758846,CGK,SUB,Business,30,Surabaya,bookingcom,DoubleTree by Hilton Surabaya,1258884,Surabaya,Indonesia,5,9.4,2025-11-05,06/11/2025,by doubletree hilton surabaya,3017730,0,Budget
2025-11-05,Batik Air,13:30,15:00,1h 30m,0,1758846,CGK,SUB,Business,30,Surabaya,bookingcom,Vasa Hotel Surabaya,1266305,Surabaya,Indonesia,5,9.0,2025-11-05,06/11/2025,surabaya vasa,3025151,0,Budget
2025-11-05,Batik Air,13:30,15:00,1h 30m,0,1758846,CGK,SUB,Business,30,Surabaya,bookingcom,Hotel Ciputra World Surabaya managed by Swiss-Belhotel International,1330000,Surabaya,Indonesia,5,9.4,2025-11-05,06/11/2025,by ciputra international managed surabaya swissbelhotel world,3088846,0,Budget
2025-11-05,Batik Air,13:30,15:00,1h 30m,0,1758846,CGK,SUB,Business,30,Surabaya,bookingcom,Ascott Waterplace Surabaya,1377000,Surabaya,Indonesia,5,9.3,2025-11-05,06/11/2025,ascott surabaya waterplace,3135846,0,Budget
2025-11-05,Batik Air,13:30,15:00,1h 30m,0,1758846,CGK,SUB,Business,30,Surabaya,bookingcom,Shangri-la Surabaya,1431430,Surabaya,Indonesia,5,8.9,2025-11-05,06/11/2025,shangrila surabaya,3190276,0,Budget
2025-11-05,Batik Air,13:30,15:00,1h 30m,0,1758846,CGK,SUB,Business,30,Surabaya,bookingcom,"Four Points by Sheraton Surabaya, Tunjungan Plaza",1524600,Surabaya,Indonesia,4,9.5,2025-11-05,06/11/2025,by four plaza points sheraton surabaya tunjungan,3283446,0,Budget
2025-11-05,Batik Air,13:30,15:00,1h 30m,0,1758846,CGK,SUB,Business,30,Surabaya,bookingcom,"Four Points by Sheraton Surabaya, Pakuwon Indah",1548800,Surabaya,Indonesia,5,9.6,2025-11-05,06/11/2025,by four indah pakuwon points sheraton surabaya,3307646,0,Budget
2025-11-05,Batik Air,13:30,15:00,1h 30m,0,1758846,CGK,SUB,Business,30,Surabaya,bookingcom,Hotel Majapahit Surabaya MGallery,1647000,Surabaya,Indonesia,5,9.3,2025-11-05,06/11/2025,majapahit mgallery surabaya,3405846,0,Budget
2025-11-05,Batik Air,13:30,15:00,1h 30m,0,1758846,CGK,SUB,Business,30,Surabaya,bookingcom,Sheraton Surabaya Hotel & Towers,1936000,Surabaya,Indonesia,2,8.7,2025-11-05,06/11/2025,sheraton surabaya towers,3694846,0,Budget
2025-11-05,Batik Air,13:30,15:00,1h 30m,0,1758846,CGK,SUB,Business,30,Surabaya,bookingcom,JW Marriott Hotel Surabaya,1996500,Surabaya,Indonesia,5,9.4,2025-11-05,06/11/2025,jw marriott surabaya,3755346,0,Budget
2025-11-05,Batik Air,13:35,15:00,1h 25m,0,1763600,CGK,SUB,Business,30,Surabaya,bookingcom,Rebahan Stay,220500,Surabaya,Indonesia,2,8.5,2025-11-05,06/11/2025,rebahan stay,1984100,0,Budget
2025-11-05,Batik Air,13:35,15:00,1h 25m,0,1763600,CGK,SUB,Business,30,Surabaya,bookingcom,Collection O 30 Amega Crown Sub,237927,Surabaya,Indonesia,5,9.2,2025-11-05,06/11/2025,30 amega collection crown o sub,2001527,0,Budget
2025-11-05,Batik Air,13:35,15:00,1h 25m,0,1763600,CGK,SUB,Business,30,Surabaya,bookingcom,Hadi Park,260000,Surabaya,Indonesia,4,8.6,2025-11-05,06/11/2025,hadi park,2023600,0,Budget
2025-11-05,Batik Air,13:35,15:00,1h 25m,0,1763600,CGK,SUB,Business,30,Surabaya,bookingcom,POP! Hotel Diponegoro,308000,Surabaya,Indonesia,3,7.0,2025-11-05,06/11/2025,diponegoro pop,2071600,0,Budget
2025-11-05,Batik Air,13:35,15:00,1h 25m,0,1763600,CGK,SUB,Business,30,Surabaya,bookingcom,Choice City Hotel,322007,Surabaya,Indonesia,5,8.9,2025-11-05,06/11/2025,choice city,2085607,0,Budget
2025-11-05,Batik Air,13:35,15:00,1h 25m,0,1763600,CGK,SUB,Business,30,Surabaya,bookingcom,favehotel MEX Tunjungan Surabaya,339583,Surabaya,Indonesia,5,9.0,2025-11-05,06/11/2025,favehotel mex surabaya tunjungan,2103183,0,Budget
2025-11-05,Batik Air,13:35,15:00,1h 25m,0,1763600,CGK,SUB,Business,30,Surabaya,bookingcom,favehotel Rungkut Surabaya,347873,Surabaya,Indonesia,4,8.9,2025-11-05,06/11/2025,favehotel rungkut surabaya,2111473,0,Budget
2025-11-05,Batik Air,13:35,15:00,1h 25m,0,1763600,CGK,SUB,Business,30,Surabaya,bookingcom,Amaris Hotel Darmo Surabaya,365499,Surabaya,Indonesia,3,9.2,2025-11-05,06/11/2025,amaris darmo surabaya,2129099,0,Budget
2025-11-05,Batik Air,13:35,15:00,1h 25m,0,1763600,CGK,SUB,Business,30,Surabaya,bookingcom,Amaris Hotel Margorejo Surabaya,375000,Surabaya,Indonesia,4,9.3,2025-11-05,06/11/2025,amaris margorejo surabaya,2138600,0,Budget
2025-11-05,Batik Air,13:35,15:00,1h 25m,0,1763600,CGK,SUB,Business,30,Surabaya,bookingcom,Surabaya River View Hotel,380704,Surabaya,Indonesia,5,9.2,2025-11-05,06/11/2025,river surabaya view,2144304,0,Budget
2025-11-05,Batik Air,13:35,15:00,1h 25m,0,1763600,CGK,SUB,Business,30,Surabaya,bookingcom,Ibis Surabaya City Center,403750,Surabaya,Indonesia,3,8.6,2025-11-05,06/11/2025,center city ibis surabaya,2167350,0,Budget
2025-11-05,Batik Air,13:35,15:00,1h 25m,0,1763600,CGK,SUB,Business,30,Surabaya,bookingcom,Kokoon Hotel Surabaya,409101,Surabaya,Indonesia,4,8.5,2025-11-05,06/11/2025,kokoon surabaya,2172701,0,Budget
2025-11-05,Batik Air,13:35,15:00,1h 25m,0,1763600,CGK,SUB,Business,30,Surabaya,bookingcom,La Lisa Hotel Surabaya,410219,Surabaya,Indonesia,5,9.3,2025-11-05,06/11/2025,la lisa surabaya,2173819,0,Budget
2025-11-05,Batik Air,13:35,15:00,1h 25m,0,1763600,CGK,SUB,Business,30,Surabaya,bookingcom,ibis Surabaya Tidar,419381,Surabaya,Indonesia,4,9.0,2025-11-05,06/11/2025,ibis surabaya tidar,2182981,0,Budget
2025-11-05,Batik Air,13:35,15:00,1h 25m,0,1763600,CGK,SUB,Business,30,Surabaya,bookingcom,Surabaya Suites Hotel Powered by Archipelago,425417,Surabaya,Indonesia,4,9.4,2025-11-05,06/11/2025,archipelago by powered suites surabaya,2189017,0,Budget
2025-11-05,Batik Air,13:35,15:00,1h 25m,0,1763600,CGK,SUB,Business,30,Surabaya,bookingcom,Kana Citra Guesthouse,440396,Surabaya,Indonesia,2,8.7,2025-11-05,06/11/2025,citra kana,2203996,0,Budget
2025-11-05,Batik Air,13:35,15:00,1h 25m,0,1763600,CGK,SUB,Business,30,Surabaya,bookingcom,Deka Hotel Surabaya HR Muhammad,450179,Surabaya,Indonesia,5,8.4,2025-11-05,06/11/2025,deka hr muhammad surabaya,2213779,0,Budget
2025-11-05,Batik Air,13:35,15:00,1h 25m,0,1763600,CGK,SUB,Business,30,Surabaya,bookingcom,KHAS Surabaya,450289,Surabaya,Indonesia,5,8.3,2025-11-05,06/11/2025,khas surabaya,2213889,0,Budget
2025-11-05,Batik Air,13:35,15:00,1h 25m,0,1763600,CGK,SUB,Business,30,Surabaya,bookingcom,MaxOneHotel Tidar Surabaya,454500,Surabaya,Indonesia,4,9.4,2025-11-05,06/11/2025,maxonehotel surabaya tidar,2218100,0,Budget
2025-11-05,Batik Air,13:35,15:00,1h 25m,0,1763600,CGK,SUB,Business,30,Surabaya,bookingcom,Aston Inn Jemursari,463776,Surabaya,Indonesia,5,8.8,2025-11-05,06/11/2025,aston jemursari,2227376,0,Budget
2025-11-05,Batik Air,13:35,15:00,1h 25m,0,1763600,CGK,SUB,Business,30,Surabaya,bookingcom,Hotel Santika Pandegiling - Surabaya,476709,Surabaya,Indonesia,2,7.8,2025-11-05,06/11/2025,pandegiling santika surabaya,2240309,0,Budget
2025-11-05,Batik Air,13:35,15:00,1h 25m,0,1763600,CGK,SUB,Business,30,Surabaya,bookingcom,Midtown Hotel Surabaya,480690,Surabaya,Indonesia,5,9.0,2025-11-05,06/11/2025,midtown surabaya,2244290,0,Budget
2025-11-05,Batik Air,13:35,15:00,1h 25m,0,1763600,CGK,SUB,Business,30,Surabaya,bookingcom,Java Paragon Hotel & Residences,590456,Surabaya,Indonesia,4,9.4,2025-11-05,06/11/2025,java paragon residences,2354056,0,Budget
2025-11-05,Batik Air,13:35,15:00,1h 25m,0,1763600,CGK,SUB,Business,30,Surabaya,bookingcom,Holiday Inn Express Surabaya CenterPoint by IHG,601152,Surabaya,Indonesia,4,7.7,2025-11-05,06/11/2025,by centerpoint express holiday ihg surabaya,2364752,0,Budget
2025-11-05,Batik Air,13:35,15:00,1h 25m,0,1763600,CGK,SUB,Business,30,Surabaya,bookingcom,The Southern Hotel Surabaya,602229,Surabaya,Indonesia,4,9.1,2025-11-05,06/11/2025,southern surabaya the,2365829,0,Budget
2025-11-05,Batik Air,13:35,15:00,1h 25m,0,1763600,CGK,SUB,Business,30,Surabaya,bookingcom,Aria Centra Surabaya,621000,Surabaya,Indonesia,4,8.1,2025-11-05,06/11/2025,aria centra surabaya,2384600,0,Budget
2025-11-05,Batik Air,13:35,15:00,1h 25m,0,1763600,CGK,SUB,Business,30,Surabaya,bookingcom,Best Western Papilio Hotel,655200,Surabaya,Indonesia,5,8.8,2025-11-05,06/11/2025,best papilio western,2418800,0,Budget
2025-11-05,Batik Air,13:35,15:00,1h 25m,0,1763600,CGK,SUB,Business,30,Surabaya,bookingcom,Mercure Surabaya Grand Mirama,678681,Surabaya,Indonesia,5,9.3,2025-11-05,06/11/2025,grand mercure mirama surabaya,2442281,0,Budget
2025-11-05,Batik Air,13:35,15:00,1h 25m,0,1763600,CGK,SUB,Business,30,Surabaya,bookingcom,HARRIS Hotel & Conventions Bundaran Satelit Surabaya,684000,Surabaya,Indonesia,5,8.8,2025-11-05,06/11/2025,bundaran conventions harris satelit surabaya,2447600,0,Budget
2025-11-05,Batik Air,13:35,15:00,1h 25m,0,1763600,CGK,SUB,Business,30,Surabaya,bookingcom,Kampi Hotel Tunjungan - Surabaya,690000,Surabaya,Indonesia,4,9.2,2025-11-05,06/11/2025,kampi surabaya tunjungan,2453600,0,Budget
2025-11-05,Batik Air,13:35,15:00,1h 25m,0,1763600,CGK,SUB,Business,30,Surabaya,bookingcom,Swiss-Belinn Tunjungan Surabaya,765000,Surabaya,Indonesia,5,9.0,2025-11-05,06/11/2025,surabaya swissbelinn tunjungan,2528600,0,Budget
2025-11-05,Batik Air,13:35,15:00,1h 25m,0,1763600,CGK,SUB,Business,30,Surabaya,bookingcom,Grand Swiss-Belhotel Darmo,771900,Surabaya,Indonesia,5,9.3,2025-11-05,06/11/2025,darmo grand swissbelhotel,2535500,0,Budget
2025-11-05,Batik Air,13:35,15:00,1h 25m,0,1763600,CGK,SUB,Business,30,Surabaya,bookingcom,Wyndham Surabaya,807500,Surabaya,Indonesia,5,9.2,2025-11-05,06/11/2025,surabaya wyndham,2571100,0,Budget
2025-11-05,Batik Air,13:35,15:00,1h 25m,0,1763600,CGK,SUB,Business,30,Surabaya,bookingcom,Novotel Samator Surabaya Timur,813846,Surabaya,Indonesia,5,8.8,2025-11-05,06/11/2025,novotel samator surabaya timur,2577446,0,Budget
2025-11-05,Batik Air,13:35,15:00,1h 25m,0,1763600,CGK,SUB,Business,30,Surabaya,bookingcom,Bumi Surabaya City Resort,822924,Surabaya,Indonesia,5,9.2,2025-11-05,06/11/2025,bumi city surabaya,2586524,0,Budget
2025-11-05,Batik Air,13:35,15:00,1h 25m,0,1763600,CGK,SUB,Business,30,Surabaya,bookingcom,Aloft Surabaya Pakuwon City,871200,Surabaya,Indonesia,4,10.0,2025-11-05,06/11/2025,aloft city pakuwon surabaya,2634800,0,Budget
2025-11-05,Batik Air,13:35,15:00,1h 25m,0,1763600,CGK,SUB,Business,30,Surabaya,bookingcom,Movenpick Surabaya City,910800,Surabaya,Indonesia,5,9.0,2025-11-05,06/11/2025,city movenpick surabaya,2674400,0,Budget
2025-11-05,Batik Air,13:35,15:00,1h 25m,0,1763600,CGK,SUB,Business,30,Surabaya,bookingcom,Oakwood Hotel & Residence Surabaya,1087063,Surabaya,Indonesia,5,9.8,2025-11-05,06/11/2025,oakwood residence surabaya,2850663,0,Budget
2025-11-05,Batik Air,13:35,15:00,1h 25m,0,1763600,CGK,SUB,Business,30,Surabaya,bookingcom,Platinum Hotel Tunjungan Surabaya,1090545,Surabaya,Indonesia,4,9.4,2025-11-05,06/11/2025,platinum surabaya tunjungan,2854145,0,Budget
2025-11-05,Batik Air,13:35,15:00,1h 25m,0,1763600,CGK,SUB,Business,30,Surabaya,bookingcom,DoubleTree by Hilton Surabaya,1258884,Surabaya,Indonesia,5,9.4,2025-11-05,06/11/2025,by doubletree hilton surabaya,3022484,0,Budget
2025-11-05,Batik Air,13:35,15:00,1h 25m,0,1763600,CGK,SUB,Business,30,Surabaya,bookingcom,Vasa Hotel Surabaya,1266305,Surabaya,Indonesia,5,9.0,2025-11-05,06/11/2025,surabaya vasa,3029905,0,Budget
2025-11-05,Batik Air,13:35,15:00,1h 25m,0,1763600,CGK,SUB,Business,30,Surabaya,bookingcom,Hotel Ciputra World Surabaya managed by Swiss-Belhotel International,1330000,Surabaya,Indonesia,5,9.4,2025-11-05,06/11/2025,by ciputra international managed surabaya swissbelhotel world,3093600,0,Budget
2025-11-05,Batik Air,13:35,15:00,1h 25m,0,1763600,CGK,SUB,Business,30,Surabaya,bookingcom,Ascott Waterplace Surabaya,1377000,Surabaya,Indonesia,5,9.3,2025-11-05,06/11/2025,ascott surabaya waterplace,3140600,0,Budget
2025-11-05,Batik Air,13:35,15:00,1h 25m,0,1763600,CGK,SUB,Business,30,Surabaya,bookingcom,Shangri-la Surabaya,1431430,Surabaya,Indonesia,5,8.9,2025-11-05,06/11/2025,shangrila surabaya,3195030,0,Budget
2025-11-05,Batik Air,13:35,15:00,1h 25m,0,1763600,CGK,SUB,Business,30,Surabaya,bookingcom,"Four Points by Sheraton Surabaya, Tunjungan Plaza",1524600,Surabaya,Indonesia,4,9.5,2025-11-05,06/11/2025,by four plaza points sheraton surabaya tunjungan,3288200,0,Budget
2025-11-05,Batik Air,13:35,15:00,1h 25m,0,1763600,CGK,SUB,Business,30,Surabaya,bookingcom,"Four Points by Sheraton Surabaya, Pakuwon Indah",1548800,Surabaya,Indonesia,5,9.6,2025-11-05,06/11/2025,by four indah pakuwon points sheraton surabaya,3312400,0,Budget
2025-11-05,Batik Air,13:35,15:00,1h 25m,0,1763600,CGK,SUB,Business,30,Surabaya,bookingcom,Hotel Majapahit Surabaya MGallery,1647000,Surabaya,Indonesia,5,9.3,2025-11-05,06/11/2025,majapahit mgallery surabaya,3410600,0,Budget
2025-11-05,Batik Air,13:35,15:00,1h 25m,0,1763600,CGK,SUB,Business,30,Surabaya,bookingcom,Sheraton Surabaya Hotel & Towers,1936000,Surabaya,Indonesia,2,8.7,2025-11-05,06/11/2025,sheraton surabaya towers,3699600,0,Budget
2025-11-05,Batik Air,13:35,15:00,1h 25m,0,1763600,CGK,SUB,Business,30,Surabaya,bookingcom,JW Marriott Hotel Surabaya,1996500,Surabaya,Indonesia,5,9.4,2025-11-05,06/11/2025,jw marriott surabaya,3760100,0,Budget
2025-11-05,Batik Air,16:00,17:30,1h 30m,0,1758846,CGK,SUB,Business,30,Surabaya,bookingcom,Rebahan Stay,220500,Surabaya,Indonesia,2,8.5,2025-11-05,06/11/2025,rebahan stay,1979346,0,Budget
2025-11-05,Batik Air,16:00,17:30,1h 30m,0,1758846,CGK,SUB,Business,30,Surabaya,bookingcom,Collection O 30 Amega Crown Sub,237927,Surabaya,Indonesia,5,9.2,2025-11-05,06/11/2025,30 amega collection crown o sub,1996773,0,Budget
2025-11-05,Batik Air,16:00,17:30,1h 30m,0,1758846,CGK,SUB,Business,30,Surabaya,bookingcom,Hadi Park,260000,Surabaya,Indonesia,4,8.6,2025-11-05,06/11/2025,hadi park,2018846,0,Budget
2025-11-05,Batik Air,16:00,17:30,1h 30m,0,1758846,CGK,SUB,Business,30,Surabaya,bookingcom,POP! Hotel Diponegoro,308000,Surabaya,Indonesia,3,7.0,2025-11-05,06/11/2025,diponegoro pop,2066846,0,Budget
2025-11-05,Batik Air,16:00,17:30,1h 30m,0,1758846,CGK,SUB,Business,30,Surabaya,bookingcom,Choice City Hotel,322007,Surabaya,Indonesia,5,8.9,2025-11-05,06/11/2025,choice city,2080853,0,Budget
2025-11-05,Batik Air,16:00,17:30,1h 30m,0,1758846,CGK,SUB,Business,30,Surabaya,bookingcom,favehotel MEX Tunjungan Surabaya,339583,Surabaya,Indonesia,5,9.0,2025-11-05,06/11/2025,favehotel mex surabaya tunjungan,2098429,0,Budget
2025-11-05,Batik Air,16:00,17:30,1h 30m,0,1758846,CGK,SUB,Business,30,Surabaya,bookingcom,favehotel Rungkut Surabaya,347873,Surabaya,Indonesia,4,8.9,2025-11-05,06/11/2025,favehotel rungkut surabaya,2106719,0,Budget
2025-11-05,Batik Air,16:00,17:30,1h 30m,0,1758846,CGK,SUB,Business,30,Surabaya,bookingcom,Amaris Hotel Darmo Surabaya,365499,Surabaya,Indonesia,3,9.2,2025-11-05,06/11/2025,amaris darmo surabaya,2124345,0,Budget
2025-11-05,Batik Air,16:00,17:30,1h 30m,0,1758846,CGK,SUB,Business,30,Surabaya,bookingcom,Amaris Hotel Margorejo Surabaya,375000,Surabaya,Indonesia,4,9.3,2025-11-05,06/11/2025,amaris margorejo surabaya,2133846,0,Budget
2025-11-05,Batik Air,16:00,17:30,1h 30m,0,1758846,CGK,SUB,Business,30,Surabaya,bookingcom,Surabaya River View Hotel,380704,Surabaya,Indonesia,5,9.2,2025-11-05,06/11/2025,river surabaya view,2139550,0,Budget
2025-11-05,Batik Air,16:00,17:30,1h 30m,0,1758846,CGK,SUB,Business,30,Surabaya,bookingcom,Ibis Surabaya City Center,403750,Surabaya,Indonesia,3,8.6,2025-11-05,06/11/2025,center city ibis surabaya,2162596,0,Budget
2025-11-05,Batik Air,16:00,17:30,1h 30m,0,1758846,CGK,SUB,Business,30,Surabaya,bookingcom,Kokoon Hotel Surabaya,409101,Surabaya,Indonesia,4,8.5,2025-11-05,06/11/2025,kokoon surabaya,2167947,0,Budget
2025-11-05,Batik Air,16:00,17:30,1h 30m,0,1758846,CGK,SUB,Business,30,Surabaya,bookingcom,La Lisa Hotel Surabaya,410219,Surabaya,Indonesia,5,9.3,2025-11-05,06/11/2025,la lisa surabaya,2169065,0,Budget
2025-11-05,Batik Air,16:00,17:30,1h 30m,0,1758846,CGK,SUB,Business,30,Surabaya,bookingcom,ibis Surabaya Tidar,419381,Surabaya,Indonesia,4,9.0,2025-11-05,06/11/2025,ibis surabaya tidar,2178227,0,Budget
2025-11-05,Batik Air,16:00,17:30,1h 30m,0,1758846,CGK,SUB,Business,30,Surabaya,bookingcom,Surabaya Suites Hotel Powered by Archipelago,425417,Surabaya,Indonesia,4,9.4,2025-11-05,06/11/2025,archipelago by powered suites surabaya,2184263,0,Budget
2025-11-05,Batik Air,16:00,17:30,1h 30m,0,1758846,CGK,SUB,Business,30,Surabaya,bookingcom,Kana Citra Guesthouse,440396,Surabaya,Indonesia,2,8.7,2025-11-05,06/11/2025,citra kana,2199242,0,Budget
2025-11-05,Batik Air,16:00,17:30,1h 30m,0,1758846,CGK,SUB,Business,30,Surabaya,bookingcom,Deka Hotel Surabaya HR Muhammad,450179,Surabaya,Indonesia,5,8.4,2025-11-05,06/11/2025,deka hr muhammad surabaya,2209025,0,Budget
2025-11-05,Batik Air,16:00,17:30,1h 30m,0,1758846,CGK,SUB,Business,30,Surabaya,bookingcom,KHAS Surabaya,450289,Surabaya,Indonesia,5,8.3,2025-11-05,06/11/2025,khas surabaya,2209135,0,Budget
2025-11-05,Batik Air,16:00,17:30,1h 30m,0,1758846,CGK,SUB,Business,30,Surabaya,bookingcom,MaxOneHotel Tidar Surabaya,454500,Surabaya,Indonesia,4,9.4,2025-11-05,06/11/2025,maxonehotel surabaya tidar,2213346,0,Budget
2025-11-05,Batik Air,16:00,17:30,1h 30m,0,1758846,CGK,SUB,Business,30,Surabaya,bookingcom,Aston Inn Jemursari,463776,Surabaya,Indonesia,5,8.8,2025-11-05,06/11/2025,aston jemursari,2222622,0,Budget
2025-11-05,Batik Air,16:00,17:30,1h 30m,0,1758846,CGK,SUB,Business,30,Surabaya,bookingcom,Hotel Santika Pandegiling - Surabaya,476709,Surabaya,Indonesia,2,7.8,2025-11-05,06/11/2025,pandegiling santika surabaya,2235555,0,Budget
2025-11-05,Batik Air,16:00,17:30,1h 30m,0,1758846,CGK,SUB,Business,30,Surabaya,bookingcom,Midtown Hotel Surabaya,480690,Surabaya,Indonesia,5,9.0,2025-11-05,06/11/2025,midtown surabaya,2239536,0,Budget
2025-11-05,Batik Air,16:00,17:30,1h 30m,0,1758846,CGK,SUB,Business,30,Surabaya,bookingcom,Java Paragon Hotel & Residences,590456,Surabaya,Indonesia,4,9.4,2025-11-05,06/11/2025,java paragon residences,2349302,0,Budget
2025-11-05,Batik Air,16:00,17:30,1h 30m,0,1758846,CGK,SUB,Business,30,Surabaya,bookingcom,Holiday Inn Express Surabaya CenterPoint by IHG,601152,Surabaya,Indonesia,4,7.7,2025-11-05,06/11/2025,by centerpoint express holiday ihg surabaya,2359998,0,Budget
2025-11-05,Batik Air,16:00,17:30,1h 30m,0,1758846,CGK,SUB,Business,30,Surabaya,bookingcom,The Southern Hotel Surabaya,602229,Surabaya,Indonesia,4,9.1,2025-11-05,06/11/2025,southern surabaya the,2361075,0,Budget
2025-11-05,Batik Air,16:00,17:30,1h 30m,0,1758846,CGK,SUB,Business,30,Surabaya,bookingcom,Aria Centra Surabaya,621000,Surabaya,Indonesia,4,8.1,2025-11-05,06/11/2025,aria centra surabaya,2379846,0,Budget
2025-11-05,Batik Air,16:00,17:30,1h 30m,0,1758846,CGK,SUB,Business,30,Surabaya,bookingcom,Best Western Papilio Hotel,655200,Surabaya,Indonesia,5,8.8,2025-11-05,06/11/2025,best papilio western,2414046,0,Budget
2025-11-05,Batik Air,16:00,17:30,1h 30m,0,1758846,CGK,SUB,Business,30,Surabaya,bookingcom,Mercure Surabaya Grand Mirama,678681,Surabaya,Indonesia,5,9.3,2025-11-05,06/11/2025,grand mercure mirama surabaya,2437527,0,Budget
2025-11-05,Batik Air,16:00,17:30,1h 30m,0,1758846,CGK,SUB,Business,30,Surabaya,bookingcom,HARRIS Hotel & Conventions Bundaran Satelit Surabaya,684000,Surabaya,Indonesia,5,8.8,2025-11-05,06/11/2025,bundaran conventions harris satelit surabaya,2442846,0,Budget
2025-11-05,Batik Air,16:00,17:30,1h 30m,0,1758846,CGK,SUB,Business,30,Surabaya,bookingcom,Kampi Hotel Tunjungan - Surabaya,690000,Surabaya,Indonesia,4,9.2,2025-11-05,06/11/2025,kampi surabaya tunjungan,2448846,0,Budget
2025-11-05,Batik Air,16:00,17:30,1h 30m,0,1758846,CGK,SUB,Business,30,Surabaya,bookingcom,Swiss-Belinn Tunjungan Surabaya,765000,Surabaya,Indonesia,5,9.0,2025-11-05,06/11/2025,surabaya swissbelinn tunjungan,2523846,0,Budget
2025-11-05,Batik Air,16:00,17:30,1h 30m,0,1758846,CGK,SUB,Business,30,Surabaya,bookingcom,Grand Swiss-Belhotel Darmo,771900,Surabaya,Indonesia,5,9.3,2025-11-05,06/11/2025,darmo grand swissbelhotel,2530746,0,Budget
2025-11-05,Batik Air,16:00,17:30,1h 30m,0,1758846,CGK,SUB,Business,30,Surabaya,bookingcom,Wyndham Surabaya,807500,Surabaya,Indonesia,5,9.2,2025-11-05,06/11/2025,surabaya wyndham,2566346,0,Budget
2025-11-05,Batik Air,16:00,17:30,1h 30m,0,1758846,CGK,SUB,Business,30,Surabaya,bookingcom,Novotel Samator Surabaya Timur,813846,Surabaya,Indonesia,5,8.8,2025-11-05,06/11/2025,novotel samator surabaya timur,2572692,0,Budget
2025-11-05,Batik Air,16:00,17:30,1h 30m,0,1758846,CGK,SUB,Business,30,Surabaya,bookingcom,Bumi Surabaya City Resort,822924,Surabaya,Indonesia,5,9.2,2025-11-05,06/11/2025,bumi city surabaya,2581770,0,Budget
2025-11-05,Batik Air,16:00,17:30,1h 30m,0,1758846,CGK,SUB,Business,30,Surabaya,bookingcom,Aloft Surabaya Pakuwon City,871200,Surabaya,Indonesia,4,10.0,2025-11-05,06/11/2025,aloft city pakuwon surabaya,2630046,0,Budget
2025-11-05,Batik Air,16:00,17:30,1h 30m,0,1758846,CGK,SUB,Business,30,Surabaya,bookingcom,Movenpick Surabaya City,910800,Surabaya,Indonesia,5,9.0,2025-11-05,06/11/2025,city movenpick surabaya,2669646,0,Budget
2025-11-05,Batik Air,16:00,17:30,1h 30m,0,1758846,CGK,SUB,Business,30,Surabaya,bookingcom,Oakwood Hotel & Residence Surabaya,1087063,Surabaya,Indonesia,5,9.8,2025-11-05,06/11/2025,oakwood residence surabaya,2845909,0,Budget
2025-11-05,Batik Air,16:00,17:30,1h 30m,0,1758846,CGK,SUB,Business,30,Surabaya,bookingcom,Platinum Hotel Tunjungan Surabaya,1090545,Surabaya,Indonesia,4,9.4,2025-11-05,06/11/2025,platinum surabaya tunjungan,2849391,0,Budget
2025-11-05,Batik Air,16:00,17:30,1h 30m,0,1758846,CGK,SUB,Business,30,Surabaya,bookingcom,DoubleTree by Hilton Surabaya,1258884,Surabaya,Indonesia,5,9.4,2025-11-05,06/11/2025,by doubletree hilton surabaya,3017730,0,Budget
2025-11-05,Batik Air,16:00,17:30,1h 30m,0,1758846,CGK,SUB,Business,30,Surabaya,bookingcom,Vasa Hotel Surabaya,1266305,Surabaya,Indonesia,5,9.0,2025-11-05,06/11/2025,surabaya vasa,3025151,0,Budget
2025-11-05,Batik Air,16:00,17:30,1h 30m,0,1758846,CGK,SUB,Business,30,Surabaya,bookingcom,Hotel Ciputra World Surabaya managed by Swiss-Belhotel International,1330000,Surabaya,Indonesia,5,9.4,2025-11-05,06/11/2025,by ciputra international managed surabaya swissbelhotel world,3088846,0,Budget
2025-11-05,Batik Air,16:00,17:30,1h 30m,0,1758846,CGK,SUB,Business,30,Surabaya,bookingcom,Ascott Waterplace Surabaya,1377000,Surabaya,Indonesia,5,9.3,2025-11-05,06/11/2025,ascott surabaya waterplace,3135846,0,Budget
2025-11-05,Batik Air,16:00,17:30,1h 30m,0,1758846,CGK,SUB,Business,30,Surabaya,bookingcom,Shangri-la Surabaya,1431430,Surabaya,Indonesia,5,8.9,2025-11-05,06/11/2025,shangrila surabaya,3190276,0,Budget
2025-11-05,Batik Air,16:00,17:30,1h 30m,0,1758846,CGK,SUB,Business,30,Surabaya,bookingcom,"Four Points by Sheraton Surabaya, Tunjungan Plaza",1524600,Surabaya,Indonesia,4,9.5,2025-11-05,06/11/2025,by four plaza points sheraton surabaya tunjungan,3283446,0,Budget
2025-11-05,Batik Air,16:00,17:30,1h 30m,0,1758846,CGK,SUB,Business,30,Surabaya,bookingcom,"Four Points by Sheraton Surabaya, Pakuwon Indah",1548800,Surabaya,Indonesia,5,9.6,2025-11-05,06/11/2025,by four indah pakuwon points sheraton surabaya,3307646,0,Budget
2025-11-05,Batik Air,16:00,17:30,1h 30m,0,1758846,CGK,SUB,Business,30,Surabaya,bookingcom,Hotel Majapahit Surabaya MGallery,1647000,Surabaya,Indonesia,5,9.3,2025-11-05,06/11/2025,majapahit mgallery surabaya,3405846,0,Budget
2025-11-05,Batik Air,16:00,17:30,1h 30m,0,1758846,CGK,SUB,Business,30,Surabaya,bookingcom,Sheraton Surabaya Hotel & Towers,1936000,Surabaya,Indonesia,2,8.7,2025-11-05,06/11/2025,sheraton surabaya towers,3694846,0,Budget
2025-11-05,Batik Air,16:00,17:30,1h 30m,0,1758846,CGK,SUB,Business,30,Surabaya,bookingcom,JW Marriott Hotel Surabaya,1996500,Surabaya,Indonesia,5,9.4,2025-11-05,06/11/2025,jw marriott surabaya,3755346,0,Budget
2025-11-05,Batik Air,17:00,18:30,1h 30m,0,1758846,CGK,SUB,Business,30,Surabaya,bookingcom,Rebahan Stay,220500,Surabaya,Indonesia,2,8.5,2025-11-05,06/11/2025,rebahan stay,1979346,0,Budget
2025-11-05,Batik Air,17:00,18:30,1h 30m,0,1758846,CGK,SUB,Business,30,Surabaya,bookingcom,Collection O 30 Amega Crown Sub,237927,Surabaya,Indonesia,5,9.2,2025-11-05,06/11/2025,30 amega collection crown o sub,1996773,0,Budget
2025-11-05,Batik Air,17:00,18:30,1h 30m,0,1758846,CGK,SUB,Business,30,Surabaya,bookingcom,Hadi Park,260000,Surabaya,Indonesia,4,8.6,2025-11-05,06/11/2025,hadi park,2018846,0,Budget
2025-11-05,Batik Air,17:00,18:30,1h 30m,0,1758846,CGK,SUB,Business,30,Surabaya,bookingcom,POP! Hotel Diponegoro,308000,Surabaya,Indonesia,3,7.0,2025-11-05,06/11/2025,diponegoro pop,2066846,0,Budget
2025-11-05,Batik Air,17:00,18:30,1h 30m,0,1758846,CGK,SUB,Business,30,Surabaya,bookingcom,Choice City Hotel,322007,Surabaya,Indonesia,5,8.9,2025-11-05,06/11/2025,choice city,2080853,0,Budget
2025-11-05,Batik Air,17:00,18:30,1h 30m,0,1758846,CGK,SUB,Business,30,Surabaya,bookingcom,favehotel MEX Tunjungan Surabaya,339583,Surabaya,Indonesia,5,9.0,2025-11-05,06/11/2025,favehotel mex surabaya tunjungan,2098429,0,Budget
2025-11-05,Batik Air,17:00,18:30,1h 30m,0,1758846,CGK,SUB,Business,30,Surabaya,bookingcom,favehotel Rungkut Surabaya,347873,Surabaya,Indonesia,4,8.9,2025-11-05,06/11/2025,favehotel rungkut surabaya,2106719,0,Budget
2025-11-05,Batik Air,17:00,18:30,1h 30m,0,1758846,CGK,SUB,Business,30,Surabaya,bookingcom,Amaris Hotel Darmo Surabaya,365499,Surabaya,Indonesia,3,9.2,2025-11-05,06/11/2025,amaris darmo surabaya,2124345,0,Budget
2025-11-05,Batik Air,17:00,18:30,1h 30m,0,1758846,CGK,SUB,Business,30,Surabaya,bookingcom,Amaris Hotel Margorejo Surabaya,375000,Surabaya,Indonesia,4,9.3,2025-11-05,06/11/2025,amaris margorejo surabaya,2133846,0,Budget
2025-11-05,Batik Air,17:00,18:30,1h 30m,0,1758846,CGK,SUB,Business,30,Surabaya,bookingcom,Surabaya River View Hotel,380704,Surabaya,Indonesia,5,9.2,2025-11-05,06/11/2025,river surabaya view,2139550,0,Budget
2025-11-05,Batik Air,17:00,18:30,1h 30m,0,1758846,CGK,SUB,Business,30,Surabaya,bookingcom,Ibis Surabaya City Center,403750,Surabaya,Indonesia,3,8.6,2025-11-05,06/11/2025,center city ibis surabaya,2162596,0,Budget
2025-11-05,Batik Air,17:00,18:30,1h 30m,0,1758846,CGK,SUB,Business,30,Surabaya,bookingcom,Kokoon Hotel Surabaya,409101,Surabaya,Indonesia,4,8.5,2025-11-05,06/11/2025,kokoon surabaya,2167947,0,Budget
2025-11-05,Batik Air,17:00,18:30,1h 30m,0,1758846,CGK,SUB,Business,30,Surabaya,bookingcom,La Lisa Hotel Surabaya,410219,Surabaya,Indonesia,5,9.3,2025-11-05,06/11/2025,la lisa surabaya,2169065,0,Budget
2025-11-05,Batik Air,17:00,18:30,1h 30m,0,1758846,CGK,SUB,Business,30,Surabaya,bookingcom,ibis Surabaya Tidar,419381,Surabaya,Indonesia,4,9.0,2025-11-05,06/11/2025,ibis surabaya tidar,2178227,0,Budget
2025-11-05,Batik Air,17:00,18:30,1h 30m,0,1758846,CGK,SUB,Business,30,Surabaya,bookingcom,Surabaya Suites Hotel Powered by Archipelago,425417,Surabaya,Indonesia,4,9.4,2025-11-05,06/11/2025,archipelago by powered suites surabaya,2184263,0,Budget
2025-11-05,Batik Air,17:00,18:30,1h 30m,0,1758846,CGK,SUB,Business,30,Surabaya,bookingcom,Kana Citra Guesthouse,440396,Surabaya,Indonesia,2,8.7,2025-11-05,06/11/2025,citra kana,2199242,0,Budget
2025-11-05,Batik Air,17:00,18:30,1h 30m,0,1758846,CGK,SUB,Business,30,Surabaya,bookingcom,Deka Hotel Surabaya HR Muhammad,450179,Surabaya,Indonesia,5,8.4,2025-11-05,06/11/2025,deka hr muhammad surabaya,2209025,0,Budget
2025-11-05,Batik Air,17:00,18:30,1h 30m,0,1758846,CGK,SUB,Business,30,Surabaya,bookingcom,KHAS Surabaya,450289,Surabaya,Indonesia,5,8.3,2025-11-05,06/11/2025,khas surabaya,2209135,0,Budget
2025-11-05,Batik Air,17:00,18:30,1h 30m,0,1758846,CGK,SUB,Business,30,Surabaya,bookingcom,MaxOneHotel Tidar Surabaya,454500,Surabaya,Indonesia,4,9.4,2025-11-05,06/11/2025,maxonehotel surabaya tidar,2213346,0,Budget
2025-11-05,Batik Air,17:00,18:30,1h 30m,0,1758846,CGK,SUB,Business,30,Surabaya,bookingcom,Aston Inn Jemursari,463776,Surabaya,Indonesia,5,8.8,2025-11-05,06/11/2025,aston jemursari,2222622,0,Budget
2025-11-05,Batik Air,17:00,18:30,1h 30m,0,1758846,CGK,SUB,Business,30,Surabaya,bookingcom,Hotel Santika Pandegiling - Surabaya,476709,Surabaya,Indonesia,2,7.8,2025-11-05,06/11/2025,pandegiling santika surabaya,2235555,0,Budget
2025-11-05,Batik Air,17:00,18:30,1h 30m,0,1758846,CGK,SUB,Business,30,Surabaya,bookingcom,Midtown Hotel Surabaya,480690,Surabaya,Indonesia,5,9.0,2025-11-05,06/11/2025,midtown surabaya,2239536,0,Budget
2025-11-05,Batik Air,17:00,18:30,1h 30m,0,1758846,CGK,SUB,Business,30,Surabaya,bookingcom,Java Paragon Hotel & Residences,590456,Surabaya,Indonesia,4,9.4,2025-11-05,06/11/2025,java paragon residences,2349302,0,Budget
2025-11-05,Batik Air,17:00,18:30,1h 30m,0,1758846,CGK,SUB,Business,30,Surabaya,bookingcom,Holiday Inn Express Surabaya CenterPoint by IHG,601152,Surabaya,Indonesia,4,7.7,2025-11-05,06/11/2025,by centerpoint express holiday ihg surabaya,2359998,0,Budget
2025-11-05,Batik Air,17:00,18:30,1h 30m,0,1758846,CGK,SUB,Business,30,Surabaya,bookingcom,The Southern Hotel Surabaya,602229,Surabaya,Indonesia,4,9.1,2025-11-05,06/11/2025,southern surabaya the,2361075,0,Budget
2025-11-05,Batik Air,17:00,18:30,1h 30m,0,1758846,CGK,SUB,Business,30,Surabaya,bookingcom,Aria Centra Surabaya,621000,Surabaya,Indonesia,4,8.1,2025-11-05,06/11/2025,aria centra surabaya,2379846,0,Budget
2025-11-05,Batik Air,17:00,18:30,1h 30m,0,1758846,CGK,SUB,Business,30,Surabaya,bookingcom,Best Western Papilio Hotel,655200,Surabaya,Indonesia,5,8.8,2025-11-05,06/11/2025,best papilio western,2414046,0,Budget
2025-11-05,Batik Air,17:00,18:30,1h 30m,0,1758846,CGK,SUB,Business,30,Surabaya,bookingcom,Mercure Surabaya Grand Mirama,678681,Surabaya,Indonesia,5,9.3,2025-11-05,06/11/2025,grand mercure mirama surabaya,2437527,0,Budget
2025-11-05,Batik Air,17:00,18:30,1h 30m,0,1758846,CGK,SUB,Business,30,Surabaya,bookingcom,HARRIS Hotel & Conventions Bundaran Satelit Surabaya,684000,Surabaya,Indonesia,5,8.8,2025-11-05,06/11/2025,bundaran conventions harris satelit surabaya,2442846,0,Budget
2025-11-05,Batik Air,17:00,18:30,1h 30m,0,1758846,CGK,SUB,Business,30,Surabaya,bookingcom,Kampi Hotel Tunjungan - Surabaya,690000,Surabaya,Indonesia,4,9.2,2025-11-05,06/11/2025,kampi surabaya tunjungan,2448846,0,Budget
2025-11-05,Batik Air,17:00,18:30,1h 30m,0,1758846,CGK,SUB,Business,30,Surabaya,bookingcom,Swiss-Belinn Tunjungan Surabaya,765000,Surabaya,Indonesia,5,9.0,2025-11-05,06/11/2025,surabaya swissbelinn tunjungan,2523846,0,Budget
2025-11-05,Batik Air,17:00,18:30,1h 30m,0,1758846,CGK,SUB,Business,30,Surabaya,bookingcom,Grand Swiss-Belhotel Darmo,771900,Surabaya,Indonesia,5,9.3,2025-11-05,06/11/2025,darmo grand swissbelhotel,2530746,0,Budget
2025-11-05,Batik Air,17:00,18:30,1h 30m,0,1758846,CGK,SUB,Business,30,Surabaya,bookingcom,Wyndham Surabaya,807500,Surabaya,Indonesia,5,9.2,2025-11-05,06/11/2025,surabaya wyndham,2566346,0,Budget
2025-11-05,Batik Air,17:00,18:30,1h 30m,0,1758846,CGK,SUB,Business,30,Surabaya,bookingcom,Novotel Samator Surabaya Timur,813846,Surabaya,Indonesia,5,8.8,2025-11-05,06/11/2025,novotel samator surabaya timur,2572692,0,Budget
2025-11-05,Batik Air,17:00,18:30,1h 30m,0,1758846,CGK,SUB,Business,30,Surabaya,bookingcom,Bumi Surabaya City Resort,822924,Surabaya,Indonesia,5,9.2,2025-11-05,06/11/2025,bumi city surabaya,2581770,0,Budget
2025-11-05,Batik Air,17:00,18:30,1h 30m,0,1758846,CGK,SUB,Business,30,Surabaya,bookingcom,Aloft Surabaya Pakuwon City,871200,Surabaya,Indonesia,4,10.0,2025-11-05,06/11/2025,aloft city pakuwon surabaya,2630046,0,Budget
2025-11-05,Batik Air,17:00,18:30,1h 30m,0,1758846,CGK,SUB,Business,30,Surabaya,bookingcom,Movenpick Surabaya City,910800,Surabaya,Indonesia,5,9.0,2025-11-05,06/11/2025,city movenpick surabaya,2669646,0,Budget
2025-11-05,Batik Air,17:00,18:30,1h 30m,0,1758846,CGK,SUB,Business,30,Surabaya,bookingcom,Oakwood Hotel & Residence Surabaya,1087063,Surabaya,Indonesia,5,9.8,2025-11-05,06/11/2025,oakwood residence surabaya,2845909,0,Budget
2025-11-05,Batik Air,17:00,18:30,1h 30m,0,1758846,CGK,SUB,Business,30,Surabaya,bookingcom,Platinum Hotel Tunjungan Surabaya,1090545,Surabaya,Indonesia,4,9.4,2025-11-05,06/11/2025,platinum surabaya tunjungan,2849391,0,Budget
2025-11-05,Batik Air,17:00,18:30,1h 30m,0,1758846,CGK,SUB,Business,30,Surabaya,bookingcom,DoubleTree by Hilton Surabaya,1258884,Surabaya,Indonesia,5,9.4,2025-11-05,06/11/2025,by doubletree hilton surabaya,3017730,0,Budget
2025-11-05,Batik Air,17:00,18:30,1h 30m,0,1758846,CGK,SUB,Business,30,Surabaya,bookingcom,Vasa Hotel Surabaya,1266305,Surabaya,Indonesia,5,9.0,2025-11-05,06/11/2025,surabaya vasa,3025151,0,Budget
2025-11-05,Batik Air,17:00,18:30,1h 30m,0,1758846,CGK,SUB,Business,30,Surabaya,bookingcom,Hotel Ciputra World Surabaya managed by Swiss-Belhotel International,1330000,Surabaya,Indonesia,5,9.4,2025-11-05,06/11/2025,by ciputra international managed surabaya swissbelhotel world,3088846,0,Budget
2025-11-05,Batik Air,17:00,18:30,1h 30m,0,1758846,CGK,SUB,Business,30,Surabaya,bookingcom,Ascott Waterplace Surabaya,1377000,Surabaya,Indonesia,5,9.3,2025-11-05,06/11/2025,ascott surabaya waterplace,3135846,0,Budget
2025-11-05,Batik Air,17:00,18:30,1h 30m,0,1758846,CGK,SUB,Business,30,Surabaya,bookingcom,Shangri-la Surabaya,1431430,Surabaya,Indonesia,5,8.9,2025-11-05,06/11/2025,shangrila surabaya,3190276,0,Budget
2025-11-05,Batik Air,17:00,18:30,1h 30m,0,1758846,CGK,SUB,Business,30,Surabaya,bookingcom,"Four Points by Sheraton Surabaya, Tunjungan Plaza",1524600,Surabaya,Indonesia,4,9.5,2025-11-05,06/11/2025,by four plaza points sheraton surabaya tunjungan,3283446,0,Budget
2025-11-05,Batik Air,17:00,18:30,1h 30m,0,1758846,CGK,SUB,Business,30,Surabaya,bookingcom,"Four Points by Sheraton Surabaya, Pakuwon Indah",1548800,Surabaya,Indonesia,5,9.6,2025-11-05,06/11/2025,by four indah pakuwon points sheraton surabaya,3307646,0,Budget
2025-11-05,Batik Air,17:00,18:30,1h 30m,0,1758846,CGK,SUB,Business,30,Surabaya,bookingcom,Hotel Majapahit Surabaya MGallery,1647000,Surabaya,Indonesia,5,9.3,2025-11-05,06/11/2025,majapahit mgallery surabaya,3405846,0,Budget
2025-11-05,Batik Air,17:00,18:30,1h 30m,0,1758846,CGK,SUB,Business,30,Surabaya,bookingcom,Sheraton Surabaya Hotel & Towers,1936000,Surabaya,Indonesia,2,8.7,2025-11-05,06/11/2025,sheraton surabaya towers,3694846,0,Budget
2025-11-05,Batik Air,17:00,18:30,1h 30m,0,1758846,CGK,SUB,Business,30,Surabaya,bookingcom,JW Marriott Hotel Surabaya,1996500,Surabaya,Indonesia,5,9.4,2025-11-05,06/11/2025,jw marriott surabaya,3755346,0,Budget
2025-11-05,Citilink,14:40,16:10,1h 30m,0,875500,CGK,SUB,Economy,10,Surabaya,bookingcom,Rebahan Stay,220500,Surabaya,Indonesia,2,8.5,2025-11-05,06/11/2025,rebahan stay,1096000,0,Budget
2025-11-05,Citilink,14:40,16:10,1h 30m,0,875500,CGK,SUB,Economy,10,Surabaya,bookingcom,Collection O 30 Amega Crown Sub,237927,Surabaya,Indonesia,5,9.2,2025-11-05,06/11/2025,30 amega collection crown o sub,1113427,0,Budget
2025-11-05,Citilink,14:40,16:10,1h 30m,0,875500,CGK,SUB,Economy,10,Surabaya,bookingcom,Hadi Park,260000,Surabaya,Indonesia,4,8.6,2025-11-05,06/11/2025,hadi park,1135500,0,Budget
2025-11-05,Citilink,14:40,16:10,1h 30m,0,875500,CGK,SUB,Economy,10,Surabaya,bookingcom,POP! Hotel Diponegoro,308000,Surabaya,Indonesia,3,7.0,2025-11-05,06/11/2025,diponegoro pop,1183500,0,Budget
2025-11-05,Citilink,14:40,16:10,1h 30m,0,875500,CGK,SUB,Economy,10,Surabaya,bookingcom,Choice City Hotel,322007,Surabaya,Indonesia,5,8.9,2025-11-05,06/11/2025,choice city,1197507,0,Budget
2025-11-05,Citilink,14:40,16:10,1h 30m,0,875500,CGK,SUB,Economy,10,Surabaya,bookingcom,favehotel MEX Tunjungan Surabaya,339583,Surabaya,Indonesia,5,9.0,2025-11-05,06/11/2025,favehotel mex surabaya tunjungan,1215083,0,Budget
2025-11-05,Citilink,14:40,16:10,1h 30m,0,875500,CGK,SUB,Economy,10,Surabaya,bookingcom,favehotel Rungkut Surabaya,347873,Surabaya,Indonesia,4,8.9,2025-11-05,06/11/2025,favehotel rungkut surabaya,1223373,0,Budget
2025-11-05,Citilink,14:40,16:10,1h 30m,0,875500,CGK,SUB,Economy,10,Surabaya,bookingcom,Amaris Hotel Darmo Surabaya,365499,Surabaya,Indonesia,3,9.2,2025-11-05,06/11/2025,amaris darmo surabaya,1240999,0,Budget
2025-11-05,Citilink,14:40,16:10,1h 30m,0,875500,CGK,SUB,Economy,10,Surabaya,bookingcom,Amaris Hotel Margorejo Surabaya,375000,Surabaya,Indonesia,4,9.3,2025-11-05,06/11/2025,amaris margorejo surabaya,1250500,0,Budget
2025-11-05,Citilink,14:40,16:10,1h 30m,0,875500,CGK,SUB,Economy,10,Surabaya,bookingcom,Surabaya River View Hotel,380704,Surabaya,Indonesia,5,9.2,2025-11-05,06/11/2025,river surabaya view,1256204,0,Budget
2025-11-05,Citilink,14:40,16:10,1h 30m,0,875500,CGK,SUB,Economy,10,Surabaya,bookingcom,Ibis Surabaya City Center,403750,Surabaya,Indonesia,3,8.6,2025-11-05,06/11/2025,center city ibis surabaya,1279250,0,Budget
2025-11-05,Citilink,14:40,16:10,1h 30m,0,875500,CGK,SUB,Economy,10,Surabaya,bookingcom,Kokoon Hotel Surabaya,409101,Surabaya,Indonesia,4,8.5,2025-11-05,06/11/2025,kokoon surabaya,1284601,0,Budget
2025-11-05,Citilink,14:40,16:10,1h 30m,0,875500,CGK,SUB,Economy,10,Surabaya,bookingcom,La Lisa Hotel Surabaya,410219,Surabaya,Indonesia,5,9.3,2025-11-05,06/11/2025,la lisa surabaya,1285719,0,Budget
2025-11-05,Citilink,14:40,16:10,1h 30m,0,875500,CGK,SUB,Economy,10,Surabaya,bookingcom,ibis Surabaya Tidar,419381,Surabaya,Indonesia,4,9.0,2025-11-05,06/11/2025,ibis surabaya tidar,1294881,0,Budget
2025-11-05,Citilink,14:40,16:10,1h 30m,0,875500,CGK,SUB,Economy,10,Surabaya,bookingcom,Surabaya Suites Hotel Powered by Archipelago,425417,Surabaya,Indonesia,4,9.4,2025-11-05,06/11/2025,archipelago by powered suites surabaya,1300917,0,Budget
2025-11-05,Citilink,14:40,16:10,1h 30m,0,875500,CGK,SUB,Economy,10,Surabaya,bookingcom,Kana Citra Guesthouse,440396,Surabaya,Indonesia,2,8.7,2025-11-05,06/11/2025,citra kana,1315896,0,Budget
2025-11-05,Citilink,14:40,16:10,1h 30m,0,875500,CGK,SUB,Economy,10,Surabaya,bookingcom,Deka Hotel Surabaya HR Muhammad,450179,Surabaya,Indonesia,5,8.4,2025-11-05,06/11/2025,deka hr muhammad surabaya,1325679,0,Budget
2025-11-05,Citilink,14:40,16:10,1h 30m,0,875500,CGK,SUB,Economy,10,Surabaya,bookingcom,KHAS Surabaya,450289,Surabaya,Indonesia,5,8.3,2025-11-05,06/11/2025,khas surabaya,1325789,0,Budget
2025-11-05,Citilink,14:40,16:10,1h 30m,0,875500,CGK,SUB,Economy,10,Surabaya,bookingcom,MaxOneHotel Tidar Surabaya,454500,Surabaya,Indonesia,4,9.4,2025-11-05,06/11/2025,maxonehotel surabaya tidar,1330000,0,Budget
2025-11-05,Citilink,14:40,16:10,1h 30m,0,875500,CGK,SUB,Economy,10,Surabaya,bookingcom,Aston Inn Jemursari,463776,Surabaya,Indonesia,5,8.8,2025-11-05,06/11/2025,aston jemursari,1339276,0,Budget
2025-11-05,Citilink,14:40,16:10,1h 30m,0,875500,CGK,SUB,Economy,10,Surabaya,bookingcom,Hotel Santika Pandegiling - Surabaya,476709,Surabaya,Indonesia,2,7.8,2025-11-05,06/11/2025,pandegiling santika surabaya,1352209,0,Budget
2025-11-05,Citilink,14:40,16:10,1h 30m,0,875500,CGK,SUB,Economy,10,Surabaya,bookingcom,Midtown Hotel Surabaya,480690,Surabaya,Indonesia,5,9.0,2025-11-05,06/11/2025,midtown surabaya,1356190,0,Budget
2025-11-05,Citilink,14:40,16:10,1h 30m,0,875500,CGK,SUB,Economy,10,Surabaya,bookingcom,Java Paragon Hotel & Residences,590456,Surabaya,Indonesia,4,9.4,2025-11-05,06/11/2025,java paragon residences,1465956,0,Budget
2025-11-05,Citilink,14:40,16:10,1h 30m,0,875500,CGK,SUB,Economy,10,Surabaya,bookingcom,Holiday Inn Express Surabaya CenterPoint by IHG,601152,Surabaya,Indonesia,4,7.7,2025-11-05,06/11/2025,by centerpoint express holiday ihg surabaya,1476652,0,Budget
2025-11-05,Citilink,14:40,16:10,1h 30m,0,875500,CGK,SUB,Economy,10,Surabaya,bookingcom,The Southern Hotel Surabaya,602229,Surabaya,Indonesia,4,9.1,2025-11-05,06/11/2025,southern surabaya the,1477729,0,Budget
2025-11-05,Citilink,14:40,16:10,1h 30m,0,875500,CGK,SUB,Economy,10,Surabaya,bookingcom,Aria Centra Surabaya,621000,Surabaya,Indonesia,4,8.1,2025-11-05,06/11/2025,aria centra surabaya,1496500,0,Budget
2025-11-05,Citilink,14:40,16:10,1h 30m,0,875500,CGK,SUB,Economy,10,Surabaya,bookingcom,Best Western Papilio Hotel,655200,Surabaya,Indonesia,5,8.8,2025-11-05,06/11/2025,best papilio western,1530700,0,Budget
2025-11-05,Citilink,14:40,16:10,1h 30m,0,875500,CGK,SUB,Economy,10,Surabaya,bookingcom,Mercure Surabaya Grand Mirama,678681,Surabaya,Indonesia,5,9.3,2025-11-05,06/11/2025,grand mercure mirama surabaya,1554181,0,Budget
2025-11-05,Citilink,14:40,16:10,1h 30m,0,875500,CGK,SUB,Economy,10,Surabaya,bookingcom,HARRIS Hotel & Conventions Bundaran Satelit Surabaya,684000,Surabaya,Indonesia,5,8.8,2025-11-05,06/11/2025,bundaran conventions harris satelit surabaya,1559500,0,Budget
2025-11-05,Citilink,14:40,16:10,1h 30m,0,875500,CGK,SUB,Economy,10,Surabaya,bookingcom,Kampi Hotel Tunjungan - Surabaya,690000,Surabaya,Indonesia,4,9.2,2025-11-05,06/11/2025,kampi surabaya tunjungan,1565500,0,Budget
2025-11-05,Citilink,14:40,16:10,1h 30m,0,875500,CGK,SUB,Economy,10,Surabaya,bookingcom,Swiss-Belinn Tunjungan Surabaya,765000,Surabaya,Indonesia,5,9.0,2025-11-05,06/11/2025,surabaya swissbelinn tunjungan,1640500,0,Budget
2025-11-05,Citilink,14:40,16:10,1h 30m,0,875500,CGK,SUB,Economy,10,Surabaya,bookingcom,Grand Swiss-Belhotel Darmo,771900,Surabaya,Indonesia,5,9.3,2025-11-05,06/11/2025,darmo grand swissbelhotel,1647400,0,Budget
2025-11-05,Citilink,14:40,16:10,1h 30m,0,875500,CGK,SUB,Economy,10,Surabaya,bookingcom,Wyndham Surabaya,807500,Surabaya,Indonesia,5,9.2,2025-11-05,06/11/2025,surabaya wyndham,1683000,0,Budget
2025-11-05,Citilink,14:40,16:10,1h 30m,0,875500,CGK,SUB,Economy,10,Surabaya,bookingcom,Novotel Samator Surabaya Timur,813846,Surabaya,Indonesia,5,8.8,2025-11-05,06/11/2025,novotel samator surabaya timur,1689346,0,Budget
2025-11-05,Citilink,14:40,16:10,1h 30m,0,875500,CGK,SUB,Economy,10,Surabaya,bookingcom,Bumi Surabaya City Resort,822924,Surabaya,Indonesia,5,9.2,2025-11-05,06/11/2025,bumi city surabaya,1698424,0,Budget
2025-11-05,Citilink,14:40,16:10,1h 30m,0,875500,CGK,SUB,Economy,10,Surabaya,bookingcom,Aloft Surabaya Pakuwon City,871200,Surabaya,Indonesia,4,10.0,2025-11-05,06/11/2025,aloft city pakuwon surabaya,1746700,0,Budget
2025-11-05,Citilink,14:40,16:10,1h 30m,0,875500,CGK,SUB,Economy,10,Surabaya,bookingcom,Movenpick Surabaya City,910800,Surabaya,Indonesia,5,9.0,2025-11-05,06/11/2025,city movenpick surabaya,1786300,0,Budget
2025-11-05,Citilink,14:40,16:10,1h 30m,0,875500,CGK,SUB,Economy,10,Surabaya,bookingcom,Oakwood Hotel & Residence Surabaya,1087063,Surabaya,Indonesia,5,9.8,2025-11-05,06/11/2025,oakwood residence surabaya,1962563,0,Budget
2025-11-05,Citilink,14:40,16:10,1h 30m,0,875500,CGK,SUB,Economy,10,Surabaya,bookingcom,Platinum Hotel Tunjungan Surabaya,1090545,Surabaya,Indonesia,4,9.4,2025-11-05,06/11/2025,platinum surabaya tunjungan,1966045,0,Budget
2025-11-05,Citilink,14:40,16:10,1h 30m,0,875500,CGK,SUB,Economy,10,Surabaya,bookingcom,DoubleTree by Hilton Surabaya,1258884,Surabaya,Indonesia,5,9.4,2025-11-05,06/11/2025,by doubletree hilton surabaya,2134384,0,Budget
2025-11-05,Citilink,14:40,16:10,1h 30m,0,875500,CGK,SUB,Economy,10,Surabaya,bookingcom,Vasa Hotel Surabaya,1266305,Surabaya,Indonesia,5,9.0,2025-11-05,06/11/2025,surabaya vasa,2141805,0,Budget
2025-11-05,Citilink,14:40,16:10,1h 30m,0,875500,CGK,SUB,Economy,10,Surabaya,bookingcom,Hotel Ciputra World Surabaya managed by Swiss-Belhotel International,1330000,Surabaya,Indonesia,5,9.4,2025-11-05,06/11/2025,by ciputra international managed surabaya swissbelhotel world,2205500,0,Budget
2025-11-05,Citilink,14:40,16:10,1h 30m,0,875500,CGK,SUB,Economy,10,Surabaya,bookingcom,Ascott Waterplace Surabaya,1377000,Surabaya,Indonesia,5,9.3,2025-11-05,06/11/2025,ascott surabaya waterplace,2252500,0,Budget
2025-11-05,Citilink,14:40,16:10,1h 30m,0,875500,CGK,SUB,Economy,10,Surabaya,bookingcom,Shangri-la Surabaya,1431430,Surabaya,Indonesia,5,8.9,2025-11-05,06/11/2025,shangrila surabaya,2306930,0,Budget
2025-11-05,Citilink,14:40,16:10,1h 30m,0,875500,CGK,SUB,Economy,10,Surabaya,bookingcom,"Four Points by Sheraton Surabaya, Tunjungan Plaza",1524600,Surabaya,Indonesia,4,9.5,2025-11-05,06/11/2025,by four plaza points sheraton surabaya tunjungan,2400100,0,Budget
2025-11-05,Citilink,14:40,16:10,1h 30m,0,875500,CGK,SUB,Economy,10,Surabaya,bookingcom,"Four Points by Sheraton Surabaya, Pakuwon Indah",1548800,Surabaya,Indonesia,5,9.6,2025-11-05,06/11/2025,by four indah pakuwon points sheraton surabaya,2424300,0,Budget
2025-11-05,Citilink,14:40,16:10,1h 30m,0,875500,CGK,SUB,Economy,10,Surabaya,bookingcom,Hotel Majapahit Surabaya MGallery,1647000,Surabaya,Indonesia,5,9.3,2025-11-05,06/11/2025,majapahit mgallery surabaya,2522500,0,Budget
2025-11-05,Citilink,14:40,16:10,1h 30m,0,875500,CGK,SUB,Economy,10,Surabaya,bookingcom,Sheraton Surabaya Hotel & Towers,1936000,Surabaya,Indonesia,2,8.7,2025-11-05,06/11/2025,sheraton surabaya towers,2811500,0,Budget
2025-11-05,Citilink,14:40,16:10,1h 30m,0,875500,CGK,SUB,Economy,10,Surabaya,bookingcom,JW Marriott Hotel Surabaya,1996500,Surabaya,Indonesia,5,9.4,2025-11-05,06/11/2025,jw marriott surabaya,2872000,0,Budget
2025-11-05,Lion Air,03:30,05:00,1h 30m,0,815128,CGK,SUB,Economy,10,Surabaya,bookingcom,Rebahan Stay,220500,Surabaya,Indonesia,2,8.5,2025-11-05,06/11/2025,rebahan stay,1035628,0,Budget
2025-11-05,Lion Air,03:30,05:00,1h 30m,0,815128,CGK,SUB,Economy,10,Surabaya,bookingcom,Collection O 30 Amega Crown Sub,237927,Surabaya,Indonesia,5,9.2,2025-11-05,06/11/2025,30 amega collection crown o sub,1053055,0,Budget
2025-11-05,Lion Air,03:30,05:00,1h 30m,0,815128,CGK,SUB,Economy,10,Surabaya,bookingcom,Hadi Park,260000,Surabaya,Indonesia,4,8.6,2025-11-05,06/11/2025,hadi park,1075128,0,Budget
2025-11-05,Lion Air,03:30,05:00,1h 30m,0,815128,CGK,SUB,Economy,10,Surabaya,bookingcom,POP! Hotel Diponegoro,308000,Surabaya,Indonesia,3,7.0,2025-11-05,06/11/2025,diponegoro pop,1123128,0,Budget
2025-11-05,Lion Air,03:30,05:00,1h 30m,0,815128,CGK,SUB,Economy,10,Surabaya,bookingcom,Choice City Hotel,322007,Surabaya,Indonesia,5,8.9,2025-11-05,06/11/2025,choice city,1137135,0,Budget
2025-11-05,Lion Air,03:30,05:00,1h 30m,0,815128,CGK,SUB,Economy,10,Surabaya,bookingcom,favehotel MEX Tunjungan Surabaya,339583,Surabaya,Indonesia,5,9.0,2025-11-05,06/11/2025,favehotel mex surabaya tunjungan,1154711,0,Budget
2025-11-05,Lion Air,03:30,05:00,1h 30m,0,815128,CGK,SUB,Economy,10,Surabaya,bookingcom,favehotel Rungkut Surabaya,347873,Surabaya,Indonesia,4,8.9,2025-11-05,06/11/2025,favehotel rungkut surabaya,1163001,0,Budget
2025-11-05,Lion Air,03:30,05:00,1h 30m,0,815128,CGK,SUB,Economy,10,Surabaya,bookingcom,Amaris Hotel Darmo Surabaya,365499,Surabaya,Indonesia,3,9.2,2025-11-05,06/11/2025,amaris darmo surabaya,1180627,0,Budget
2025-11-05,Lion Air,03:30,05:00,1h 30m,0,815128,CGK,SUB,Economy,10,Surabaya,bookingcom,Amaris Hotel Margorejo Surabaya,375000,Surabaya,Indonesia,4,9.3,2025-11-05,06/11/2025,amaris margorejo surabaya,1190128,0,Budget
2025-11-05,Lion Air,03:30,05:00,1h 30m,0,815128,CGK,SUB,Economy,10,Surabaya,bookingcom,Surabaya River View Hotel,380704,Surabaya,Indonesia,5,9.2,2025-11-05,06/11/2025,river surabaya view,1195832,0,Budget
2025-11-05,Lion Air,03:30,05:00,1h 30m,0,815128,CGK,SUB,Economy,10,Surabaya,bookingcom,Ibis Surabaya City Center,403750,Surabaya,Indonesia,3,8.6,2025-11-05,06/11/2025,center city ibis surabaya,1218878,0,Budget
2025-11-05,Lion Air,03:30,05:00,1h 30m,0,815128,CGK,SUB,Economy,10,Surabaya,bookingcom,Kokoon Hotel Surabaya,409101,Surabaya,Indonesia,4,8.5,2025-11-05,06/11/2025,kokoon surabaya,1224229,0,Budget
2025-11-05,Lion Air,03:30,05:00,1h 30m,0,815128,CGK,SUB,Economy,10,Surabaya,bookingcom,La Lisa Hotel Surabaya,410219,Surabaya,Indonesia,5,9.3,2025-11-05,06/11/2025,la lisa surabaya,1225347,0,Budget
2025-11-05,Lion Air,03:30,05:00,1h 30m,0,815128,CGK,SUB,Economy,10,Surabaya,bookingcom,ibis Surabaya Tidar,419381,Surabaya,Indonesia,4,9.0,2025-11-05,06/11/2025,ibis surabaya tidar,1234509,0,Budget
2025-11-05,Lion Air,03:30,05:00,1h 30m,0,815128,CGK,SUB,Economy,10,Surabaya,bookingcom,Surabaya Suites Hotel Powered by Archipelago,425417,Surabaya,Indonesia,4,9.4,2025-11-05,06/11/2025,archipelago by powered suites surabaya,1240545,0,Budget
2025-11-05,Lion Air,03:30,05:00,1h 30m,0,815128,CGK,SUB,Economy,10,Surabaya,bookingcom,Kana Citra Guesthouse,440396,Surabaya,Indonesia,2,8.7,2025-11-05,06/11/2025,citra kana,1255524,0,Budget
2025-11-05,Lion Air,03:30,05:00,1h 30m,0,815128,CGK,SUB,Economy,10,Surabaya,bookingcom,Deka Hotel Surabaya HR Muhammad,450179,Surabaya,Indonesia,5,8.4,2025-11-05,06/11/2025,deka hr muhammad surabaya,1265307,0,Budget
2025-11-05,Lion Air,03:30,05:00,1h 30m,0,815128,CGK,SUB,Economy,10,Surabaya,bookingcom,KHAS Surabaya,450289,Surabaya,Indonesia,5,8.3,2025-11-05,06/11/2025,khas surabaya,1265417,0,Budget
2025-11-05,Lion Air,03:30,05:00,1h 30m,0,815128,CGK,SUB,Economy,10,Surabaya,bookingcom,MaxOneHotel Tidar Surabaya,454500,Surabaya,Indonesia,4,9.4,2025-11-05,06/11/2025,maxonehotel surabaya tidar,1269628,0,Budget
2025-11-05,Lion Air,03:30,05:00,1h 30m,0,815128,CGK,SUB,Economy,10,Surabaya,bookingcom,Aston Inn Jemursari,463776,Surabaya,Indonesia,5,8.8,2025-11-05,06/11/2025,aston jemursari,1278904,0,Budget
2025-11-05,Lion Air,03:30,05:00,1h 30m,0,815128,CGK,SUB,Economy,10,Surabaya,bookingcom,Hotel Santika Pandegiling - Surabaya,476709,Surabaya,Indonesia,2,7.8,2025-11-05,06/11/2025,pandegiling santika surabaya,1291837,0,Budget
2025-11-05,Lion Air,03:30,05:00,1h 30m,0,815128,CGK,SUB,Economy,10,Surabaya,bookingcom,Midtown Hotel Surabaya,480690,Surabaya,Indonesia,5,9.0,2025-11-05,06/11/2025,midtown surabaya,1295818,0,Budget
2025-11-05,Lion Air,03:30,05:00,1h 30m,0,815128,CGK,SUB,Economy,10,Surabaya,bookingcom,Java Paragon Hotel & Residences,590456,Surabaya,Indonesia,4,9.4,2025-11-05,06/11/2025,java paragon residences,1405584,0,Budget
2025-11-05,Lion Air,03:30,05:00,1h 30m,0,815128,CGK,SUB,Economy,10,Surabaya,bookingcom,Holiday Inn Express Surabaya CenterPoint by IHG,601152,Surabaya,Indonesia,4,7.7,2025-11-05,06/11/2025,by centerpoint express holiday ihg surabaya,1416280,0,Budget
2025-11-05,Lion Air,03:30,05:00,1h 30m,0,815128,CGK,SUB,Economy,10,Surabaya,bookingcom,The Southern Hotel Surabaya,602229,Surabaya,Indonesia,4,9.1,2025-11-05,06/11/2025,southern surabaya the,1417357,0,Budget
2025-11-05,Lion Air,03:30,05:00,1h 30m,0,815128,CGK,SUB,Economy,10,Surabaya,bookingcom,Aria Centra Surabaya,621000,Surabaya,Indonesia,4,8.1,2025-11-05,06/11/2025,aria centra surabaya,1436128,0,Budget
2025-11-05,Lion Air,03:30,05:00,1h 30m,0,815128,CGK,SUB,Economy,10,Surabaya,bookingcom,Best Western Papilio Hotel,655200,Surabaya,Indonesia,5,8.8,2025-11-05,06/11/2025,best papilio western,1470328,0,Budget
2025-11-05,Lion Air,03:30,05:00,1h 30m,0,815128,CGK,SUB,Economy,10,Surabaya,bookingcom,Mercure Surabaya Grand Mirama,678681,Surabaya,Indonesia,5,9.3,2025-11-05,06/11/2025,grand mercure mirama surabaya,1493809,0,Budget
2025-11-05,Lion Air,03:30,05:00,1h 30m,0,815128,CGK,SUB,Economy,10,Surabaya,bookingcom,HARRIS Hotel & Conventions Bundaran Satelit Surabaya,684000,Surabaya,Indonesia,5,8.8,2025-11-05,06/11/2025,bundaran conventions harris satelit surabaya,1499128,0,Budget
2025-11-05,Lion Air,03:30,05:00,1h 30m,0,815128,CGK,SUB,Economy,10,Surabaya,bookingcom,Kampi Hotel Tunjungan - Surabaya,690000,Surabaya,Indonesia,4,9.2,2025-11-05,06/11/2025,kampi surabaya tunjungan,1505128,0,Budget
2025-11-05,Lion Air,03:30,05:00,1h 30m,0,815128,CGK,SUB,Economy,10,Surabaya,bookingcom,Swiss-Belinn Tunjungan Surabaya,765000,Surabaya,Indonesia,5,9.0,2025-11-05,06/11/2025,surabaya swissbelinn tunjungan,1580128,0,Budget
2025-11-05,Lion Air,03:30,05:00,1h 30m,0,815128,CGK,SUB,Economy,10,Surabaya,bookingcom,Grand Swiss-Belhotel Darmo,771900,Surabaya,Indonesia,5,9.3,2025-11-05,06/11/2025,darmo grand swissbelhotel,1587028,0,Budget
2025-11-05,Lion Air,03:30,05:00,1h 30m,0,815128,CGK,SUB,Economy,10,Surabaya,bookingcom,Wyndham Surabaya,807500,Surabaya,Indonesia,5,9.2,2025-11-05,06/11/2025,surabaya wyndham,1622628,0,Budget
2025-11-05,Lion Air,03:30,05:00,1h 30m,0,815128,CGK,SUB,Economy,10,Surabaya,bookingcom,Novotel Samator Surabaya Timur,813846,Surabaya,Indonesia,5,8.8,2025-11-05,06/11/2025,novotel samator surabaya timur,1628974,0,Budget
2025-11-05,Lion Air,03:30,05:00,1h 30m,0,815128,CGK,SUB,Economy,10,Surabaya,bookingcom,Bumi Surabaya City Resort,822924,Surabaya,Indonesia,5,9.2,2025-11-05,06/11/2025,bumi city surabaya,1638052,0,Budget
2025-11-05,Lion Air,03:30,05:00,1h 30m,0,815128,CGK,SUB,Economy,10,Surabaya,bookingcom,Aloft Surabaya Pakuwon City,871200,Surabaya,Indonesia,4,10.0,2025-11-05,06/11/2025,aloft city pakuwon surabaya,1686328,0,Budget
2025-11-05,Lion Air,03:30,05:00,1h 30m,0,815128,CGK,SUB,Economy,10,Surabaya,bookingcom,Movenpick Surabaya City,910800,Surabaya,Indonesia,5,9.0,2025-11-05,06/11/2025,city movenpick surabaya,1725928,0,Budget
2025-11-05,Lion Air,03:30,05:00,1h 30m,0,815128,CGK,SUB,Economy,10,Surabaya,bookingcom,Oakwood Hotel & Residence Surabaya,1087063,Surabaya,Indonesia,5,9.8,2025-11-05,06/11/2025,oakwood residence surabaya,1902191,0,Budget
2025-11-05,Lion Air,03:30,05:00,1h 30m,0,815128,CGK,SUB,Economy,10,Surabaya,bookingcom,Platinum Hotel Tunjungan Surabaya,1090545,Surabaya,Indonesia,4,9.4,2025-11-05,06/11/2025,platinum surabaya tunjungan,1905673,0,Budget
2025-11-05,Lion Air,03:30,05:00,1h 30m,0,815128,CGK,SUB,Economy,10,Surabaya,bookingcom,DoubleTree by Hilton Surabaya,1258884,Surabaya,Indonesia,5,9.4,2025-11-05,06/11/2025,by doubletree hilton surabaya,2074012,0,Budget
2025-11-05,Lion Air,03:30,05:00,1h 30m,0,815128,CGK,SUB,Economy,10,Surabaya,bookingcom,Vasa Hotel Surabaya,1266305,Surabaya,Indonesia,5,9.0,2025-11-05,06/11/2025,surabaya vasa,2081433,0,Budget
2025-11-05,Lion Air,03:30,05:00,1h 30m,0,815128,CGK,SUB,Economy,10,Surabaya,bookingcom,Hotel Ciputra World Surabaya managed by Swiss-Belhotel International,1330000,Surabaya,Indonesia,5,9.4,2025-11-05,06/11/2025,by ciputra international managed surabaya swissbelhotel world,2145128,0,Budget
2025-11-05,Lion Air,03:30,05:00,1h 30m,0,815128,CGK,SUB,Economy,10,Surabaya,bookingcom,Ascott Waterplace Surabaya,1377000,Surabaya,Indonesia,5,9.3,2025-11-05,06/11/2025,ascott surabaya waterplace,2192128,0,Budget
2025-11-05,Lion Air,03:30,05:00,1h 30m,0,815128,CGK,SUB,Economy,10,Surabaya,bookingcom,Shangri-la Surabaya,1431430,Surabaya,Indonesia,5,8.9,2025-11-05,06/11/2025,shangrila surabaya,2246558,0,Budget
2025-11-05,Lion Air,03:30,05:00,1h 30m,0,815128,CGK,SUB,Economy,10,Surabaya,bookingcom,"Four Points by Sheraton Surabaya, Tunjungan Plaza",1524600,Surabaya,Indonesia,4,9.5,2025-11-05,06/11/2025,by four plaza points sheraton surabaya tunjungan,2339728,0,Budget
2025-11-05,Lion Air,03:30,05:00,1h 30m,0,815128,CGK,SUB,Economy,10,Surabaya,bookingcom,"Four Points by Sheraton Surabaya, Pakuwon Indah",1548800,Surabaya,Indonesia,5,9.6,2025-11-05,06/11/2025,by four indah pakuwon points sheraton surabaya,2363928,0,Budget
2025-11-05,Lion Air,03:30,05:00,1h 30m,0,815128,CGK,SUB,Economy,10,Surabaya,bookingcom,Hotel Majapahit Surabaya MGallery,1647000,Surabaya,Indonesia,5,9.3,2025-11-05,06/11/2025,majapahit mgallery surabaya,2462128,0,Budget
2025-11-05,Lion Air,03:30,05:00,1h 30m,0,815128,CGK,SUB,Economy,10,Surabaya,bookingcom,Sheraton Surabaya Hotel & Towers,1936000,Surabaya,Indonesia,2,8.7,2025-11-05,06/11/2025,sheraton surabaya towers,2751128,0,Budget
2025-11-05,Lion Air,03:30,05:00,1h 30m,0,815128,CGK,SUB,Economy,10,Surabaya,bookingcom,JW Marriott Hotel Surabaya,1996500,Surabaya,Indonesia,5,9.4,2025-11-05,06/11/2025,jw marriott surabaya,2811628,0,Budget
2025-11-05,Lion Air,05:25,07:00,1h 35m,0,910715,CGK,SUB,Economy,15,Surabaya,bookingcom,Rebahan Stay,220500,Surabaya,Indonesia,2,8.5,2025-11-05,06/11/2025,rebahan stay,1131215,0,Budget
2025-11-05,Lion Air,05:25,07:00,1h 35m,0,910715,CGK,SUB,Economy,15,Surabaya,bookingcom,Collection O 30 Amega Crown Sub,237927,Surabaya,Indonesia,5,9.2,2025-11-05,06/11/2025,30 amega collection crown o sub,1148642,0,Budget
2025-11-05,Lion Air,05:25,07:00,1h 35m,0,910715,CGK,SUB,Economy,15,Surabaya,bookingcom,Hadi Park,260000,Surabaya,Indonesia,4,8.6,2025-11-05,06/11/2025,hadi park,1170715,0,Budget
2025-11-05,Lion Air,05:25,07:00,1h 35m,0,910715,CGK,SUB,Economy,15,Surabaya,bookingcom,POP! Hotel Diponegoro,308000,Surabaya,Indonesia,3,7.0,2025-11-05,06/11/2025,diponegoro pop,1218715,0,Budget
2025-11-05,Lion Air,05:25,07:00,1h 35m,0,910715,CGK,SUB,Economy,15,Surabaya,bookingcom,Choice City Hotel,322007,Surabaya,Indonesia,5,8.9,2025-11-05,06/11/2025,choice city,1232722,0,Budget
2025-11-05,Lion Air,05:25,07:00,1h 35m,0,910715,CGK,SUB,Economy,15,Surabaya,bookingcom,favehotel MEX Tunjungan Surabaya,339583,Surabaya,Indonesia,5,9.0,2025-11-05,06/11/2025,favehotel mex surabaya tunjungan,1250298,0,Budget
2025-11-05,Lion Air,05:25,07:00,1h 35m,0,910715,CGK,SUB,Economy,15,Surabaya,bookingcom,favehotel Rungkut Surabaya,347873,Surabaya,Indonesia,4,8.9,2025-11-05,06/11/2025,favehotel rungkut surabaya,1258588,0,Budget
2025-11-05,Lion Air,05:25,07:00,1h 35m,0,910715,CGK,SUB,Economy,15,Surabaya,bookingcom,Amaris Hotel Darmo Surabaya,365499,Surabaya,Indonesia,3,9.2,2025-11-05,06/11/2025,amaris darmo surabaya,1276214,0,Budget
2025-11-05,Lion Air,05:25,07:00,1h 35m,0,910715,CGK,SUB,Economy,15,Surabaya,bookingcom,Amaris Hotel Margorejo Surabaya,375000,Surabaya,Indonesia,4,9.3,2025-11-05,06/11/2025,amaris margorejo surabaya,1285715,0,Budget
2025-11-05,Lion Air,05:25,07:00,1h 35m,0,910715,CGK,SUB,Economy,15,Surabaya,bookingcom,Surabaya River View Hotel,380704,Surabaya,Indonesia,5,9.2,2025-11-05,06/11/2025,river surabaya view,1291419,0,Budget
2025-11-05,Lion Air,05:25,07:00,1h 35m,0,910715,CGK,SUB,Economy,15,Surabaya,bookingcom,Ibis Surabaya City Center,403750,Surabaya,Indonesia,3,8.6,2025-11-05,06/11/2025,center city ibis surabaya,1314465,0,Budget
2025-11-05,Lion Air,05:25,07:00,1h 35m,0,910715,CGK,SUB,Economy,15,Surabaya,bookingcom,Kokoon Hotel Surabaya,409101,Surabaya,Indonesia,4,8.5,2025-11-05,06/11/2025,kokoon surabaya,1319816,0,Budget
2025-11-05,Lion Air,05:25,07:00,1h 35m,0,910715,CGK,SUB,Economy,15,Surabaya,bookingcom,La Lisa Hotel Surabaya,410219,Surabaya,Indonesia,5,9.3,2025-11-05,06/11/2025,la lisa surabaya,1320934,0,Budget
2025-11-05,Lion Air,05:25,07:00,1h 35m,0,910715,CGK,SUB,Economy,15,Surabaya,bookingcom,ibis Surabaya Tidar,419381,Surabaya,Indonesia,4,9.0,2025-11-05,06/11/2025,ibis surabaya tidar,1330096,0,Budget
2025-11-05,Lion Air,05:25,07:00,1h 35m,0,910715,CGK,SUB,Economy,15,Surabaya,bookingcom,Surabaya Suites Hotel Powered by Archipelago,425417,Surabaya,Indonesia,4,9.4,2025-11-05,06/11/2025,archipelago by powered suites surabaya,1336132,0,Budget
2025-11-05,Lion Air,05:25,07:00,1h 35m,0,910715,CGK,SUB,Economy,15,Surabaya,bookingcom,Kana Citra Guesthouse,440396,Surabaya,Indonesia,2,8.7,2025-11-05,06/11/2025,citra kana,1351111,0,Budget
2025-11-05,Lion Air,05:25,07:00,1h 35m,0,910715,CGK,SUB,Economy,15,Surabaya,bookingcom,Deka Hotel Surabaya HR Muhammad,450179,Surabaya,Indonesia,5,8.4,2025-11-05,06/11/2025,deka hr muhammad surabaya,1360894,0,Budget
2025-11-05,Lion Air,05:25,07:00,1h 35m,0,910715,CGK,SUB,Economy,15,Surabaya,bookingcom,KHAS Surabaya,450289,Surabaya,Indonesia,5,8.3,2025-11-05,06/11/2025,khas surabaya,1361004,0,Budget
2025-11-05,Lion Air,05:25,07:00,1h 35m,0,910715,CGK,SUB,Economy,15,Surabaya,bookingcom,MaxOneHotel Tidar Surabaya,454500,Surabaya,Indonesia,4,9.4,2025-11-05,06/11/2025,maxonehotel surabaya tidar,1365215,0,Budget
2025-11-05,Lion Air,05:25,07:00,1h 35m,0,910715,CGK,SUB,Economy,15,Surabaya,bookingcom,Aston Inn Jemursari,463776,Surabaya,Indonesia,5,8.8,2025-11-05,06/11/2025,aston jemursari,1374491,0,Budget
2025-11-05,Lion Air,05:25,07:00,1h 35m,0,910715,CGK,SUB,Economy,15,Surabaya,bookingcom,Hotel Santika Pandegiling - Surabaya,476709,Surabaya,Indonesia,2,7.8,2025-11-05,06/11/2025,pandegiling santika surabaya,1387424,0,Budget
2025-11-05,Lion Air,05:25,07:00,1h 35m,0,910715,CGK,SUB,Economy,15,Surabaya,bookingcom,Midtown Hotel Surabaya,480690,Surabaya,Indonesia,5,9.0,2025-11-05,06/11/2025,midtown surabaya,1391405,0,Budget
2025-11-05,Lion Air,05:25,07:00,1h 35m,0,910715,CGK,SUB,Economy,15,Surabaya,bookingcom,Java Paragon Hotel & Residences,590456,Surabaya,Indonesia,4,9.4,2025-11-05,06/11/2025,java paragon residences,1501171,0,Budget
2025-11-05,Lion Air,05:25,07:00,1h 35m,0,910715,CGK,SUB,Economy,15,Surabaya,bookingcom,Holiday Inn Express Surabaya CenterPoint by IHG,601152,Surabaya,Indonesia,4,7.7,2025-11-05,06/11/2025,by centerpoint express holiday ihg surabaya,1511867,0,Budget
2025-11-05,Lion Air,05:25,07:00,1h 35m,0,910715,CGK,SUB,Economy,15,Surabaya,bookingcom,The Southern Hotel Surabaya,602229,Surabaya,Indonesia,4,9.1,2025-11-05,06/11/2025,southern surabaya the,1512944,0,Budget
2025-11-05,Lion Air,05:25,07:00,1h 35m,0,910715,CGK,SUB,Economy,15,Surabaya,bookingcom,Aria Centra Surabaya,621000,Surabaya,Indonesia,4,8.1,2025-11-05,06/11/2025,aria centra surabaya,1531715,0,Budget
2025-11-05,Lion Air,05:25,07:00,1h 35m,0,910715,CGK,SUB,Economy,15,Surabaya,bookingcom,Best Western Papilio Hotel,655200,Surabaya,Indonesia,5,8.8,2025-11-05,06/11/2025,best papilio western,1565915,0,Budget
2025-11-05,Lion Air,05:25,07:00,1h 35m,0,910715,CGK,SUB,Economy,15,Surabaya,bookingcom,Mercure Surabaya Grand Mirama,678681,Surabaya,Indonesia,5,9.3,2025-11-05,06/11/2025,grand mercure mirama surabaya,1589396,0,Budget
2025-11-05,Lion Air,05:25,07:00,1h 35m,0,910715,CGK,SUB,Economy,15,Surabaya,bookingcom,HARRIS Hotel & Conventions Bundaran Satelit Surabaya,684000,Surabaya,Indonesia,5,8.8,2025-11-05,06/11/2025,bundaran conventions harris satelit surabaya,1594715,0,Budget
2025-11-05,Lion Air,05:25,07:00,1h 35m,0,910715,CGK,SUB,Economy,15,Surabaya,bookingcom,Kampi Hotel Tunjungan - Surabaya,690000,Surabaya,Indonesia,4,9.2,2025-11-05,06/11/2025,kampi surabaya tunjungan,1600715,0,Budget
2025-11-05,Lion Air,05:25,07:00,1h 35m,0,910715,CGK,SUB,Economy,15,Surabaya,bookingcom,Swiss-Belinn Tunjungan Surabaya,765000,Surabaya,Indonesia,5,9.0,2025-11-05,06/11/2025,surabaya swissbelinn tunjungan,1675715,0,Budget
2025-11-05,Lion Air,05:25,07:00,1h 35m,0,910715,CGK,SUB,Economy,15,Surabaya,bookingcom,Grand Swiss-Belhotel Darmo,771900,Surabaya,Indonesia,5,9.3,2025-11-05,06/11/2025,darmo grand swissbelhotel,1682615,0,Budget
2025-11-05,Lion Air,05:25,07:00,1h 35m,0,910715,CGK,SUB,Economy,15,Surabaya,bookingcom,Wyndham Surabaya,807500,Surabaya,Indonesia,5,9.2,2025-11-05,06/11/2025,surabaya wyndham,1718215,0,Budget
2025-11-05,Lion Air,05:25,07:00,1h 35m,0,910715,CGK,SUB,Economy,15,Surabaya,bookingcom,Novotel Samator Surabaya Timur,813846,Surabaya,Indonesia,5,8.8,2025-11-05,06/11/2025,novotel samator surabaya timur,1724561,0,Budget
2025-11-05,Lion Air,05:25,07:00,1h 35m,0,910715,CGK,SUB,Economy,15,Surabaya,bookingcom,Bumi Surabaya City Resort,822924,Surabaya,Indonesia,5,9.2,2025-11-05,06/11/2025,bumi city surabaya,1733639,0,Budget
2025-11-05,Lion Air,05:25,07:00,1h 35m,0,910715,CGK,SUB,Economy,15,Surabaya,bookingcom,Aloft Surabaya Pakuwon City,871200,Surabaya,Indonesia,4,10.0,2025-11-05,06/11/2025,aloft city pakuwon surabaya,1781915,0,Budget
2025-11-05,Lion Air,05:25,07:00,1h 35m,0,910715,CGK,SUB,Economy,15,Surabaya,bookingcom,Movenpick Surabaya City,910800,Surabaya,Indonesia,5,9.0,2025-11-05,06/11/2025,city movenpick surabaya,1821515,0,Budget
2025-11-05,Lion Air,05:25,07:00,1h 35m,0,910715,CGK,SUB,Economy,15,Surabaya,bookingcom,Oakwood Hotel & Residence Surabaya,1087063,Surabaya,Indonesia,5,9.8,2025-11-05,06/11/2025,oakwood residence surabaya,1997778,0,Budget
2025-11-05,Lion Air,05:25,07:00,1h 35m,0,910715,CGK,SUB,Economy,15,Surabaya,bookingcom,Platinum Hotel Tunjungan Surabaya,1090545,Surabaya,Indonesia,4,9.4,2025-11-05,06/11/2025,platinum surabaya tunjungan,2001260,0,Budget
2025-11-05,Lion Air,05:25,07:00,1h 35m,0,910715,CGK,SUB,Economy,15,Surabaya,bookingcom,DoubleTree by Hilton Surabaya,1258884,Surabaya,Indonesia,5,9.4,2025-11-05,06/11/2025,by doubletree hilton surabaya,2169599,0,Budget
2025-11-05,Lion Air,05:25,07:00,1h 35m,0,910715,CGK,SUB,Economy,15,Surabaya,bookingcom,Vasa Hotel Surabaya,1266305,Surabaya,Indonesia,5,9.0,2025-11-05,06/11/2025,surabaya vasa,2177020,0,Budget
2025-11-05,Lion Air,05:25,07:00,1h 35m,0,910715,CGK,SUB,Economy,15,Surabaya,bookingcom,Hotel Ciputra World Surabaya managed by Swiss-Belhotel International,1330000,Surabaya,Indonesia,5,9.4,2025-11-05,06/11/2025,by ciputra international managed surabaya swissbelhotel world,2240715,0,Budget
2025-11-05,Lion Air,05:25,07:00,1h 35m,0,910715,CGK,SUB,Economy,15,Surabaya,bookingcom,Ascott Waterplace Surabaya,1377000,Surabaya,Indonesia,5,9.3,2025-11-05,06/11/2025,ascott surabaya waterplace,2287715,0,Budget
2025-11-05,Lion Air,05:25,07:00,1h 35m,0,910715,CGK,SUB,Economy,15,Surabaya,bookingcom,Shangri-la Surabaya,1431430,Surabaya,Indonesia,5,8.9,2025-11-05,06/11/2025,shangrila surabaya,2342145,0,Budget
2025-11-05,Lion Air,05:25,07:00,1h 35m,0,910715,CGK,SUB,Economy,15,Surabaya,bookingcom,"Four Points by Sheraton Surabaya, Tunjungan Plaza",1524600,Surabaya,Indonesia,4,9.5,2025-11-05,06/11/2025,by four plaza points sheraton surabaya tunjungan,2435315,0,Budget
2025-11-05,Lion Air,05:25,07:00,1h 35m,0,910715,CGK,SUB,Economy,15,Surabaya,bookingcom,"Four Points by Sheraton Surabaya, Pakuwon Indah",1548800,Surabaya,Indonesia,5,9.6,2025-11-05,06/11/2025,by four indah pakuwon points sheraton surabaya,2459515,0,Budget
2025-11-05,Lion Air,05:25,07:00,1h 35m,0,910715,CGK,SUB,Economy,15,Surabaya,bookingcom,Hotel Majapahit Surabaya MGallery,1647000,Surabaya,Indonesia,5,9.3,2025-11-05,06/11/2025,majapahit mgallery surabaya,2557715,0,Budget
2025-11-05,Lion Air,05:25,07:00,1h 35m,0,910715,CGK,SUB,Economy,15,Surabaya,bookingcom,Sheraton Surabaya Hotel & Towers,1936000,Surabaya,Indonesia,2,8.7,2025-11-05,06/11/2025,sheraton surabaya towers,2846715,0,Budget
2025-11-05,Lion Air,05:25,07:00,1h 35m,0,910715,CGK,SUB,Economy,15,Surabaya,bookingcom,JW Marriott Hotel Surabaya,1996500,Surabaya,Indonesia,5,9.4,2025-11-05,06/11/2025,jw marriott surabaya,2907215,0,Budget
2025-11-05,Lion Air,09:00,10:30,1h 30m,0,867438,CGK,SUB,Economy,10,Surabaya,bookingcom,Rebahan Stay,220500,Surabaya,Indonesia,2,8.5,2025-11-05,06/11/2025,rebahan stay,1087938,0,Budget
2025-11-05,Lion Air,09:00,10:30,1h 30m,0,867438,CGK,SUB,Economy,10,Surabaya,bookingcom,Collection O 30 Amega Crown Sub,237927,Surabaya,Indonesia,5,9.2,2025-11-05,06/11/2025,30 amega collection crown o sub,1105365,0,Budget
2025-11-05,Lion Air,09:00,10:30,1h 30m,0,867438,CGK,SUB,Economy,10,Surabaya,bookingcom,Hadi Park,260000,Surabaya,Indonesia,4,8.6,2025-11-05,06/11/2025,hadi park,1127438,0,Budget
2025-11-05,Lion Air,09:00,10:30,1h 30m,0,867438,CGK,SUB,Economy,10,Surabaya,bookingcom,POP! Hotel Diponegoro,308000,Surabaya,Indonesia,3,7.0,2025-11-05,06/11/2025,diponegoro pop,1175438,0,Budget
2025-11-05,Lion Air,09:00,10:30,1h 30m,0,867438,CGK,SUB,Economy,10,Surabaya,bookingcom,Choice City Hotel,322007,Surabaya,Indonesia,5,8.9,2025-11-05,06/11/2025,choice city,1189445,0,Budget
2025-11-05,Lion Air,09:00,10:30,1h 30m,0,867438,CGK,SUB,Economy,10,Surabaya,bookingcom,favehotel MEX Tunjungan Surabaya,339583,Surabaya,Indonesia,5,9.0,2025-11-05,06/11/2025,favehotel mex surabaya tunjungan,1207021,0,Budget
2025-11-05,Lion Air,09:00,10:30,1h 30m,0,867438,CGK,SUB,Economy,10,Surabaya,bookingcom,favehotel Rungkut Surabaya,347873,Surabaya,Indonesia,4,8.9,2025-11-05,06/11/2025,favehotel rungkut surabaya,1215311,0,Budget
2025-11-05,Lion Air,09:00,10:30,1h 30m,0,867438,CGK,SUB,Economy,10,Surabaya,bookingcom,Amaris Hotel Darmo Surabaya,365499,Surabaya,Indonesia,3,9.2,2025-11-05,06/11/2025,amaris darmo surabaya,1232937,0,Budget
2025-11-05,Lion Air,09:00,10:30,1h 30m,0,867438,CGK,SUB,Economy,10,Surabaya,bookingcom,Amaris Hotel Margorejo Surabaya,375000,Surabaya,Indonesia,4,9.3,2025-11-05,06/11/2025,amaris margorejo surabaya,1242438,0,Budget
2025-11-05,Lion Air,09:00,10:30,1h 30m,0,867438,CGK,SUB,Economy,10,Surabaya,bookingcom,Surabaya River View Hotel,380704,Surabaya,Indonesia,5,9.2,2025-11-05,06/11/2025,river surabaya view,1248142,0,Budget
2025-11-05,Lion Air,09:00,10:30,1h 30m,0,867438,CGK,SUB,Economy,10,Surabaya,bookingcom,Ibis Surabaya City Center,403750,Surabaya,Indonesia,3,8.6,2025-11-05,06/11/2025,center city ibis surabaya,1271188,0,Budget
2025-11-05,Lion Air,09:00,10:30,1h 30m,0,867438,CGK,SUB,Economy,10,Surabaya,bookingcom,Kokoon Hotel Surabaya,409101,Surabaya,Indonesia,4,8.5,2025-11-05,06/11/2025,kokoon surabaya,1276539,0,Budget
2025-11-05,Lion Air,09:00,10:30,1h 30m,0,867438,CGK,SUB,Economy,10,Surabaya,bookingcom,La Lisa Hotel Surabaya,410219,Surabaya,Indonesia,5,9.3,2025-11-05,06/11/2025,la lisa surabaya,1277657,0,Budget
2025-11-05,Lion Air,09:00,10:30,1h 30m,0,867438,CGK,SUB,Economy,10,Surabaya,bookingcom,ibis Surabaya Tidar,419381,Surabaya,Indonesia,4,9.0,2025-11-05,06/11/2025,ibis surabaya tidar,1286819,0,Budget
2025-11-05,Lion Air,09:00,10:30,1h 30m,0,867438,CGK,SUB,Economy,10,Surabaya,bookingcom,Surabaya Suites Hotel Powered by Archipelago,425417,Surabaya,Indonesia,4,9.4,2025-11-05,06/11/2025,archipelago by powered suites surabaya,1292855,0,Budget
2025-11-05,Lion Air,09:00,10:30,1h 30m,0,867438,CGK,SUB,Economy,10,Surabaya,bookingcom,Kana Citra Guesthouse,440396,Surabaya,Indonesia,2,8.7,2025-11-05,06/11/2025,citra kana,1307834,0,Budget
2025-11-05,Lion Air,09:00,10:30,1h 30m,0,867438,CGK,SUB,Economy,10,Surabaya,bookingcom,Deka Hotel Surabaya HR Muhammad,450179,Surabaya,Indonesia,5,8.4,2025-11-05,06/11/2025,deka hr muhammad surabaya,1317617,0,Budget
2025-11-05,Lion Air,09:00,10:30,1h 30m,0,867438,CGK,SUB,Economy,10,Surabaya,bookingcom,KHAS Surabaya,450289,Surabaya,Indonesia,5,8.3,2025-11-05,06/11/2025,khas surabaya,1317727,0,Budget
2025-11-05,Lion Air,09:00,10:30,1h 30m,0,867438,CGK,SUB,Economy,10,Surabaya,bookingcom,MaxOneHotel Tidar Surabaya,454500,Surabaya,Indonesia,4,9.4,2025-11-05,06/11/2025,maxonehotel surabaya tidar,1321938,0,Budget
2025-11-05,Lion Air,09:00,10:30,1h 30m,0,867438,CGK,SUB,Economy,10,Surabaya,bookingcom,Aston Inn Jemursari,463776,Surabaya,Indonesia,5,8.8,2025-11-05,06/11/2025,aston jemursari,1331214,0,Budget
2025-11-05,Lion Air,09:00,10:30,1h 30m,0,867438,CGK,SUB,Economy,10,Surabaya,bookingcom,Hotel Santika Pandegiling - Surabaya,476709,Surabaya,Indonesia,2,7.8,2025-11-05,06/11/2025,pandegiling santika surabaya,1344147,0,Budget
2025-11-05,Lion Air,09:00,10:30,1h 30m,0,867438,CGK,SUB,Economy,10,Surabaya,bookingcom,Midtown Hotel Surabaya,480690,Surabaya,Indonesia,5,9.0,2025-11-05,06/11/2025,midtown surabaya,1348128,0,Budget
2025-11-05,Lion Air,09:00,10:30,1h 30m,0,867438,CGK,SUB,Economy,10,Surabaya,bookingcom,Java Paragon Hotel & Residences,590456,Surabaya,Indonesia,4,9.4,2025-11-05,06/11/2025,java paragon residences,1457894,0,Budget
2025-11-05,Lion Air,09:00,10:30,1h 30m,0,867438,CGK,SUB,Economy,10,Surabaya,bookingcom,Holiday Inn Express Surabaya CenterPoint by IHG,601152,Surabaya,Indonesia,4,7.7,2025-11-05,06/11/2025,by centerpoint express holiday ihg surabaya,1468590,0,Budget
2025-11-05,Lion Air,09:00,10:30,1h 30m,0,867438,CGK,SUB,Economy,10,Surabaya,bookingcom,The Southern Hotel Surabaya,602229,Surabaya,Indonesia,4,9.1,2025-11-05,06/11/2025,southern surabaya the,1469667,0,Budget
2025-11-05,Lion Air,09:00,10:30,1h 30m,0,867438,CGK,SUB,Economy,10,Surabaya,bookingcom,Aria Centra Surabaya,621000,Surabaya,Indonesia,4,8.1,2025-11-05,06/11/2025,aria centra surabaya,1488438,0,Budget
2025-11-05,Lion Air,09:00,10:30,1h 30m,0,867438,CGK,SUB,Economy,10,Surabaya,bookingcom,Best Western Papilio Hotel,655200,Surabaya,Indonesia,5,8.8,2025-11-05,06/11/2025,best papilio western,1522638,0,Budget
2025-11-05,Lion Air,09:00,10:30,1h 30m,0,867438,CGK,SUB,Economy,10,Surabaya,bookingcom,Mercure Surabaya Grand Mirama,678681,Surabaya,Indonesia,5,9.3,2025-11-05,06/11/2025,grand mercure mirama surabaya,1546119,0,Budget
2025-11-05,Lion Air,09:00,10:30,1h 30m,0,867438,CGK,SUB,Economy,10,Surabaya,bookingcom,HARRIS Hotel & Conventions Bundaran Satelit Surabaya,684000,Surabaya,Indonesia,5,8.8,2025-11-05,06/11/2025,bundaran conventions harris satelit surabaya,1551438,0,Budget
2025-11-05,Lion Air,09:00,10:30,1h 30m,0,867438,CGK,SUB,Economy,10,Surabaya,bookingcom,Kampi Hotel Tunjungan - Surabaya,690000,Surabaya,Indonesia,4,9.2,2025-11-05,06/11/2025,kampi surabaya tunjungan,1557438,0,Budget
2025-11-05,Lion Air,09:00,10:30,1h 30m,0,867438,CGK,SUB,Economy,10,Surabaya,bookingcom,Swiss-Belinn Tunjungan Surabaya,765000,Surabaya,Indonesia,5,9.0,2025-11-05,06/11/2025,surabaya swissbelinn tunjungan,1632438,0,Budget
2025-11-05,Lion Air,09:00,10:30,1h 30m,0,867438,CGK,SUB,Economy,10,Surabaya,bookingcom,Grand Swiss-Belhotel Darmo,771900,Surabaya,Indonesia,5,9.3,2025-11-05,06/11/2025,darmo grand swissbelhotel,1639338,0,Budget
2025-11-05,Lion Air,09:00,10:30,1h 30m,0,867438,CGK,SUB,Economy,10,Surabaya,bookingcom,Wyndham Surabaya,807500,Surabaya,Indonesia,5,9.2,2025-11-05,06/11/2025,surabaya wyndham,1674938,0,Budget
2025-11-05,Lion Air,09:00,10:30,1h 30m,0,867438,CGK,SUB,Economy,10,Surabaya,bookingcom,Novotel Samator Surabaya Timur,813846,Surabaya,Indonesia,5,8.8,2025-11-05,06/11/2025,novotel samator surabaya timur,1681284,0,Budget
2025-11-05,Lion Air,09:00,10:30,1h 30m,0,867438,CGK,SUB,Economy,10,Surabaya,bookingcom,Bumi Surabaya City Resort,822924,Surabaya,Indonesia,5,9.2,2025-11-05,06/11/2025,bumi city surabaya,1690362,0,Budget
2025-11-05,Lion Air,09:00,10:30,1h 30m,0,867438,CGK,SUB,Economy,10,Surabaya,bookingcom,Aloft Surabaya Pakuwon City,871200,Surabaya,Indonesia,4,10.0,2025-11-05,06/11/2025,aloft city pakuwon surabaya,1738638,0,Budget
2025-11-05,Lion Air,09:00,10:30,1h 30m,0,867438,CGK,SUB,Economy,10,Surabaya,bookingcom,Movenpick Surabaya City,910800,Surabaya,Indonesia,5,9.0,2025-11-05,06/11/2025,city movenpick surabaya,1778238,0,Budget
2025-11-05,Lion Air,09:00,10:30,1h 30m,0,867438,CGK,SUB,Economy,10,Surabaya,bookingcom,Oakwood Hotel & Residence Surabaya,1087063,Surabaya,Indonesia,5,9.8,2025-11-05,06/11/2025,oakwood residence surabaya,1954501,0,Budget
2025-11-05,Lion Air,09:00,10:30,1h 30m,0,867438,CGK,SUB,Economy,10,Surabaya,bookingcom,Platinum Hotel Tunjungan Surabaya,1090545,Surabaya,Indonesia,4,9.4,2025-11-05,06/11/2025,platinum surabaya tunjungan,1957983,0,Budget
2025-11-05,Lion Air,09:00,10:30,1h 30m,0,867438,CGK,SUB,Economy,10,Surabaya,bookingcom,DoubleTree by Hilton Surabaya,1258884,Surabaya,Indonesia,5,9.4,2025-11-05,06/11/2025,by doubletree hilton surabaya,2126322,0,Budget
2025-11-05,Lion Air,09:00,10:30,1h 30m,0,867438,CGK,SUB,Economy,10,Surabaya,bookingcom,Vasa Hotel Surabaya,1266305,Surabaya,Indonesia,5,9.0,2025-11-05,06/11/2025,surabaya vasa,2133743,0,Budget
2025-11-05,Lion Air,09:00,10:30,1h 30m,0,867438,CGK,SUB,Economy,10,Surabaya,bookingcom,Hotel Ciputra World Surabaya managed by Swiss-Belhotel International,1330000,Surabaya,Indonesia,5,9.4,2025-11-05,06/11/2025,by ciputra international managed surabaya swissbelhotel world,2197438,0,Budget
2025-11-05,Lion Air,09:00,10:30,1h 30m,0,867438,CGK,SUB,Economy,10,Surabaya,bookingcom,Ascott Waterplace Surabaya,1377000,Surabaya,Indonesia,5,9.3,2025-11-05,06/11/2025,ascott surabaya waterplace,2244438,0,Budget
2025-11-05,Lion Air,09:00,10:30,1h 30m,0,867438,CGK,SUB,Economy,10,Surabaya,bookingcom,Shangri-la Surabaya,1431430,Surabaya,Indonesia,5,8.9,2025-11-05,06/11/2025,shangrila surabaya,2298868,0,Budget
2025-11-05,Lion Air,09:00,10:30,1h 30m,0,867438,CGK,SUB,Economy,10,Surabaya,bookingcom,"Four Points by Sheraton Surabaya, Tunjungan Plaza",1524600,Surabaya,Indonesia,4,9.5,2025-11-05,06/11/2025,by four plaza points sheraton surabaya tunjungan,2392038,0,Budget
2025-11-05,Lion Air,09:00,10:30,1h 30m,0,867438,CGK,SUB,Economy,10,Surabaya,bookingcom,"Four Points by Sheraton Surabaya, Pakuwon Indah",1548800,Surabaya,Indonesia,5,9.6,2025-11-05,06/11/2025,by four indah pakuwon points sheraton surabaya,2416238,0,Budget
2025-11-05,Lion Air,09:00,10:30,1h 30m,0,867438,CGK,SUB,Economy,10,Surabaya,bookingcom,Hotel Majapahit Surabaya MGallery,1647000,Surabaya,Indonesia,5,9.3,2025-11-05,06/11/2025,majapahit mgallery surabaya,2514438,0,Budget
2025-11-05,Lion Air,09:00,10:30,1h 30m,0,867438,CGK,SUB,Economy,10,Surabaya,bookingcom,Sheraton Surabaya Hotel & Towers,1936000,Surabaya,Indonesia,2,8.7,2025-11-05,06/11/2025,sheraton surabaya towers,2803438,0,Budget
2025-11-05,Lion Air,09:00,10:30,1h 30m,0,867438,CGK,SUB,Economy,10,Surabaya,bookingcom,JW Marriott Hotel Surabaya,1996500,Surabaya,Indonesia,5,9.4,2025-11-05,06/11/2025,jw marriott surabaya,2863938,0,Budget
2025-11-05,Lion Air,10:50,12:20,1h 30m,0,867438,CGK,SUB,Economy,10,Surabaya,bookingcom,Rebahan Stay,220500,Surabaya,Indonesia,2,8.5,2025-11-05,06/11/2025,rebahan stay,1087938,0,Budget
2025-11-05,Lion Air,10:50,12:20,1h 30m,0,867438,CGK,SUB,Economy,10,Surabaya,bookingcom,Collection O 30 Amega Crown Sub,237927,Surabaya,Indonesia,5,9.2,2025-11-05,06/11/2025,30 amega collection crown o sub,1105365,0,Budget
2025-11-05,Lion Air,10:50,12:20,1h 30m,0,867438,CGK,SUB,Economy,10,Surabaya,bookingcom,Hadi Park,260000,Surabaya,Indonesia,4,8.6,2025-11-05,06/11/2025,hadi park,1127438,0,Budget
2025-11-05,Lion Air,10:50,12:20,1h 30m,0,867438,CGK,SUB,Economy,10,Surabaya,bookingcom,POP! Hotel Diponegoro,308000,Surabaya,Indonesia,3,7.0,2025-11-05,06/11/2025,diponegoro pop,1175438,0,Budget
2025-11-05,Lion Air,10:50,12:20,1h 30m,0,867438,CGK,SUB,Economy,10,Surabaya,bookingcom,Choice City Hotel,322007,Surabaya,Indonesia,5,8.9,2025-11-05,06/11/2025,choice city,1189445,0,Budget
2025-11-05,Lion Air,10:50,12:20,1h 30m,0,867438,CGK,SUB,Economy,10,Surabaya,bookingcom,favehotel MEX Tunjungan Surabaya,339583,Surabaya,Indonesia,5,9.0,2025-11-05,06/11/2025,favehotel mex surabaya tunjungan,1207021,0,Budget
2025-11-05,Lion Air,10:50,12:20,1h 30m,0,867438,CGK,SUB,Economy,10,Surabaya,bookingcom,favehotel Rungkut Surabaya,347873,Surabaya,Indonesia,4,8.9,2025-11-05,06/11/2025,favehotel rungkut surabaya,1215311,0,Budget
2025-11-05,Lion Air,10:50,12:20,1h 30m,0,867438,CGK,SUB,Economy,10,Surabaya,bookingcom,Amaris Hotel Darmo Surabaya,365499,Surabaya,Indonesia,3,9.2,2025-11-05,06/11/2025,amaris darmo surabaya,1232937,0,Budget
2025-11-05,Lion Air,10:50,12:20,1h 30m,0,867438,CGK,SUB,Economy,10,Surabaya,bookingcom,Amaris Hotel Margorejo Surabaya,375000,Surabaya,Indonesia,4,9.3,2025-11-05,06/11/2025,amaris margorejo surabaya,1242438,0,Budget
2025-11-05,Lion Air,10:50,12:20,1h 30m,0,867438,CGK,SUB,Economy,10,Surabaya,bookingcom,Surabaya River View Hotel,380704,Surabaya,Indonesia,5,9.2,2025-11-05,06/11/2025,river surabaya view,1248142,0,Budget
2025-11-05,Lion Air,10:50,12:20,1h 30m,0,867438,CGK,SUB,Economy,10,Surabaya,bookingcom,Ibis Surabaya City Center,403750,Surabaya,Indonesia,3,8.6,2025-11-05,06/11/2025,center city ibis surabaya,1271188,0,Budget
2025-11-05,Lion Air,10:50,12:20,1h 30m,0,867438,CGK,SUB,Economy,10,Surabaya,bookingcom,Kokoon Hotel Surabaya,409101,Surabaya,Indonesia,4,8.5,2025-11-05,06/11/2025,kokoon surabaya,1276539,0,Budget
2025-11-05,Lion Air,10:50,12:20,1h 30m,0,867438,CGK,SUB,Economy,10,Surabaya,bookingcom,La Lisa Hotel Surabaya,410219,Surabaya,Indonesia,5,9.3,2025-11-05,06/11/2025,la lisa surabaya,1277657,0,Budget
2025-11-05,Lion Air,10:50,12:20,1h 30m,0,867438,CGK,SUB,Economy,10,Surabaya,bookingcom,ibis Surabaya Tidar,419381,Surabaya,Indonesia,4,9.0,2025-11-05,06/11/2025,ibis surabaya tidar,1286819,0,Budget
2025-11-05,Lion Air,10:50,12:20,1h 30m,0,867438,CGK,SUB,Economy,10,Surabaya,bookingcom,Surabaya Suites Hotel Powered by Archipelago,425417,Surabaya,Indonesia,4,9.4,2025-11-05,06/11/2025,archipelago by powered suites surabaya,1292855,0,Budget
2025-11-05,Lion Air,10:50,12:20,1h 30m,0,867438,CGK,SUB,Economy,10,Surabaya,bookingcom,Kana Citra Guesthouse,440396,Surabaya,Indonesia,2,8.7,2025-11-05,06/11/2025,citra kana,1307834,0,Budget
2025-11-05,Lion Air,10:50,12:20,1h 30m,0,867438,CGK,SUB,Economy,10,Surabaya,bookingcom,Deka Hotel Surabaya HR Muhammad,450179,Surabaya,Indonesia,5,8.4,2025-11-05,06/11/2025,deka hr muhammad surabaya,1317617,0,Budget
2025-11-05,Lion Air,10:50,12:20,1h 30m,0,867438,CGK,SUB,Economy,10,Surabaya,bookingcom,KHAS Surabaya,450289,Surabaya,Indonesia,5,8.3,2025-11-05,06/11/2025,khas surabaya,1317727,0,Budget
2025-11-05,Lion Air,10:50,12:20,1h 30m,0,867438,CGK,SUB,Economy,10,Surabaya,bookingcom,MaxOneHotel Tidar Surabaya,454500,Surabaya,Indonesia,4,9.4,2025-11-05,06/11/2025,maxonehotel surabaya tidar,1321938,0,Budget
2025-11-05,Lion Air,10:50,12:20,1h 30m,0,867438,CGK,SUB,Economy,10,Surabaya,bookingcom,Aston Inn Jemursari,463776,Surabaya,Indonesia,5,8.8,2025-11-05,06/11/2025,aston jemursari,1331214,0,Budget
2025-11-05,Lion Air,10:50,12:20,1h 30m,0,867438,CGK,SUB,Economy,10,Surabaya,bookingcom,Hotel Santika Pandegiling - Surabaya,476709,Surabaya,Indonesia,2,7.8,2025-11-05,06/11/2025,pandegiling santika surabaya,1344147,0,Budget
2025-11-05,Lion Air,10:50,12:20,1h 30m,0,867438,CGK,SUB,Economy,10,Surabaya,bookingcom,Midtown Hotel Surabaya,480690,Surabaya,Indonesia,5,9.0,2025-11-05,06/11/2025,midtown surabaya,1348128,0,Budget
2025-11-05,Lion Air,10:50,12:20,1h 30m,0,867438,CGK,SUB,Economy,10,Surabaya,bookingcom,Java Paragon Hotel & Residences,590456,Surabaya,Indonesia,4,9.4,2025-11-05,06/11/2025,java paragon residences,1457894,0,Budget
2025-11-05,Lion Air,10:50,12:20,1h 30m,0,867438,CGK,SUB,Economy,10,Surabaya,bookingcom,Holiday Inn Express Surabaya CenterPoint by IHG,601152,Surabaya,Indonesia,4,7.7,2025-11-05,06/11/2025,by centerpoint express holiday ihg surabaya,1468590,0,Budget
2025-11-05,Lion Air,10:50,12:20,1h 30m,0,867438,CGK,SUB,Economy,10,Surabaya,bookingcom,The Southern Hotel Surabaya,602229,Surabaya,Indonesia,4,9.1,2025-11-05,06/11/2025,southern surabaya the,1469667,0,Budget
2025-11-05,Lion Air,10:50,12:20,1h 30m,0,867438,CGK,SUB,Economy,10,Surabaya,bookingcom,Aria Centra Surabaya,621000,Surabaya,Indonesia,4,8.1,2025-11-05,06/11/2025,aria centra surabaya,1488438,0,Budget
2025-11-05,Lion Air,10:50,12:20,1h 30m,0,867438,CGK,SUB,Economy,10,Surabaya,bookingcom,Best Western Papilio Hotel,655200,Surabaya,Indonesia,5,8.8,2025-11-05,06/11/2025,best papilio western,1522638,0,Budget
2025-11-05,Lion Air,10:50,12:20,1h 30m,0,867438,CGK,SUB,Economy,10,Surabaya,bookingcom,Mercure Surabaya Grand Mirama,678681,Surabaya,Indonesia,5,9.3,2025-11-05,06/11/2025,grand mercure mirama surabaya,1546119,0,Budget
2025-11-05,Lion Air,10:50,12:20,1h 30m,0,867438,CGK,SUB,Economy,10,Surabaya,bookingcom,HARRIS Hotel & Conventions Bundaran Satelit Surabaya,684000,Surabaya,Indonesia,5,8.8,2025-11-05,06/11/2025,bundaran conventions harris satelit surabaya,1551438,0,Budget
2025-11-05,Lion Air,10:50,12:20,1h 30m,0,867438,CGK,SUB,Economy,10,Surabaya,bookingcom,Kampi Hotel Tunjungan - Surabaya,690000,Surabaya,Indonesia,4,9.2,2025-11-05,06/11/2025,kampi surabaya tunjungan,1557438,0,Budget
2025-11-05,Lion Air,10:50,12:20,1h 30m,0,867438,CGK,SUB,Economy,10,Surabaya,bookingcom,Swiss-Belinn Tunjungan Surabaya,765000,Surabaya,Indonesia,5,9.0,2025-11-05,06/11/2025,surabaya swissbelinn tunjungan,1632438,0,Budget
2025-11-05,Lion Air,10:50,12:20,1h 30m,0,867438,CGK,SUB,Economy,10,Surabaya,bookingcom,Grand Swiss-Belhotel Darmo,771900,Surabaya,Indonesia,5,9.3,2025-11-05,06/11/2025,darmo grand swissbelhotel,1639338,0,Budget
2025-11-05,Lion Air,10:50,12:20,1h 30m,0,867438,CGK,SUB,Economy,10,Surabaya,bookingcom,Wyndham Surabaya,807500,Surabaya,Indonesia,5,9.2,2025-11-05,06/11/2025,surabaya wyndham,1674938,0,Budget
2025-11-05,Lion Air,10:50,12:20,1h 30m,0,867438,CGK,SUB,Economy,10,Surabaya,bookingcom,Novotel Samator Surabaya Timur,813846,Surabaya,Indonesia,5,8.8,2025-11-05,06/11/2025,novotel samator surabaya timur,1681284,0,Budget
2025-11-05,Lion Air,10:50,12:20,1h 30m,0,867438,CGK,SUB,Economy,10,Surabaya,bookingcom,Bumi Surabaya City Resort,822924,Surabaya,Indonesia,5,9.2,2025-11-05,06/11/2025,bumi city surabaya,1690362,0,Budget
2025-11-05,Lion Air,10:50,12:20,1h 30m,0,867438,CGK,SUB,Economy,10,Surabaya,bookingcom,Aloft Surabaya Pakuwon City,871200,Surabaya,Indonesia,4,10.0,2025-11-05,06/11/2025,aloft city pakuwon surabaya,1738638,0,Budget
2025-11-05,Lion Air,10:50,12:20,1h 30m,0,867438,CGK,SUB,Economy,10,Surabaya,bookingcom,Movenpick Surabaya City,910800,Surabaya,Indonesia,5,9.0,2025-11-05,06/11/2025,city movenpick surabaya,1778238,0,Budget
2025-11-05,Lion Air,10:50,12:20,1h 30m,0,867438,CGK,SUB,Economy,10,Surabaya,bookingcom,Oakwood Hotel & Residence Surabaya,1087063,Surabaya,Indonesia,5,9.8,2025-11-05,06/11/2025,oakwood residence surabaya,1954501,0,Budget
2025-11-05,Lion Air,10:50,12:20,1h 30m,0,867438,CGK,SUB,Economy,10,Surabaya,bookingcom,Platinum Hotel Tunjungan Surabaya,1090545,Surabaya,Indonesia,4,9.4,2025-11-05,06/11/2025,platinum surabaya tunjungan,1957983,0,Budget
2025-11-05,Lion Air,10:50,12:20,1h 30m,0,867438,CGK,SUB,Economy,10,Surabaya,bookingcom,DoubleTree by Hilton Surabaya,1258884,Surabaya,Indonesia,5,9.4,2025-11-05,06/11/2025,by doubletree hilton surabaya,2126322,0,Budget
2025-11-05,Lion Air,10:50,12:20,1h 30m,0,867438,CGK,SUB,Economy,10,Surabaya,bookingcom,Vasa Hotel Surabaya,1266305,Surabaya,Indonesia,5,9.0,2025-11-05,06/11/2025,surabaya vasa,2133743,0,Budget
2025-11-05,Lion Air,10:50,12:20,1h 30m,0,867438,CGK,SUB,Economy,10,Surabaya,bookingcom,Hotel Ciputra World Surabaya managed by Swiss-Belhotel International,1330000,Surabaya,Indonesia,5,9.4,2025-11-05,06/11/2025,by ciputra international managed surabaya swissbelhotel world,2197438,0,Budget
2025-11-05,Lion Air,10:50,12:20,1h 30m,0,867438,CGK,SUB,Economy,10,Surabaya,bookingcom,Ascott Waterplace Surabaya,1377000,Surabaya,Indonesia,5,9.3,2025-11-05,06/11/2025,ascott surabaya waterplace,2244438,0,Budget
2025-11-05,Lion Air,10:50,12:20,1h 30m,0,867438,CGK,SUB,Economy,10,Surabaya,bookingcom,Shangri-la Surabaya,1431430,Surabaya,Indonesia,5,8.9,2025-11-05,06/11/2025,shangrila surabaya,2298868,0,Budget
2025-11-05,Lion Air,10:50,12:20,1h 30m,0,867438,CGK,SUB,Economy,10,Surabaya,bookingcom,"Four Points by Sheraton Surabaya, Tunjungan Plaza",1524600,Surabaya,Indonesia,4,9.5,2025-11-05,06/11/2025,by four plaza points sheraton surabaya tunjungan,2392038,0,Budget
2025-11-05,Lion Air,10:50,12:20,1h 30m,0,867438,CGK,SUB,Economy,10,Surabaya,bookingcom,"Four Points by Sheraton Surabaya, Pakuwon Indah",1548800,Surabaya,Indonesia,5,9.6,2025-11-05,06/11/2025,by four indah pakuwon points sheraton surabaya,2416238,0,Budget
2025-11-05,Lion Air,10:50,12:20,1h 30m,0,867438,CGK,SUB,Economy,10,Surabaya,bookingcom,Hotel Majapahit Surabaya MGallery,1647000,Surabaya,Indonesia,5,9.3,2025-11-05,06/11/2025,majapahit mgallery surabaya,2514438,0,Budget
2025-11-05,Lion Air,10:50,12:20,1h 30m,0,867438,CGK,SUB,Economy,10,Surabaya,bookingcom,Sheraton Surabaya Hotel & Towers,1936000,Surabaya,Indonesia,2,8.7,2025-11-05,06/11/2025,sheraton surabaya towers,2803438,0,Budget
2025-11-05,Lion Air,10:50,12:20,1h 30m,0,867438,CGK,SUB,Economy,10,Surabaya,bookingcom,JW Marriott Hotel Surabaya,1996500,Surabaya,Indonesia,5,9.4,2025-11-05,06/11/2025,jw marriott surabaya,2863938,0,Budget
2025-11-05,Lion Air,14:40,16:10,1h 30m,0,815128,CGK,SUB,Economy,10,Surabaya,bookingcom,Rebahan Stay,220500,Surabaya,Indonesia,2,8.5,2025-11-05,06/11/2025,rebahan stay,1035628,0,Budget
2025-11-05,Lion Air,14:40,16:10,1h 30m,0,815128,CGK,SUB,Economy,10,Surabaya,bookingcom,Collection O 30 Amega Crown Sub,237927,Surabaya,Indonesia,5,9.2,2025-11-05,06/11/2025,30 amega collection crown o sub,1053055,0,Budget
2025-11-05,Lion Air,14:40,16:10,1h 30m,0,815128,CGK,SUB,Economy,10,Surabaya,bookingcom,Hadi Park,260000,Surabaya,Indonesia,4,8.6,2025-11-05,06/11/2025,hadi park,1075128,0,Budget
2025-11-05,Lion Air,14:40,16:10,1h 30m,0,815128,CGK,SUB,Economy,10,Surabaya,bookingcom,POP! Hotel Diponegoro,308000,Surabaya,Indonesia,3,7.0,2025-11-05,06/11/2025,diponegoro pop,1123128,0,Budget
2025-11-05,Lion Air,14:40,16:10,1h 30m,0,815128,CGK,SUB,Economy,10,Surabaya,bookingcom,Choice City Hotel,322007,Surabaya,Indonesia,5,8.9,2025-11-05,06/11/2025,choice city,1137135,0,Budget
2025-11-05,Lion Air,14:40,16:10,1h 30m,0,815128,CGK,SUB,Economy,10,Surabaya,bookingcom,favehotel MEX Tunjungan Surabaya,339583,Surabaya,Indonesia,5,9.0,2025-11-05,06/11/2025,favehotel mex surabaya tunjungan,1154711,0,Budget
2025-11-05,Lion Air,14:40,16:10,1h 30m,0,815128,CGK,SUB,Economy,10,Surabaya,bookingcom,favehotel Rungkut Surabaya,347873,Surabaya,Indonesia,4,8.9,2025-11-05,06/11/2025,favehotel rungkut surabaya,1163001,0,Budget
2025-11-05,Lion Air,14:40,16:10,1h 30m,0,815128,CGK,SUB,Economy,10,Surabaya,bookingcom,Amaris Hotel Darmo Surabaya,365499,Surabaya,Indonesia,3,9.2,2025-11-05,06/11/2025,amaris darmo surabaya,1180627,0,Budget
2025-11-05,Lion Air,14:40,16:10,1h 30m,0,815128,CGK,SUB,Economy,10,Surabaya,bookingcom,Amaris Hotel Margorejo Surabaya,375000,Surabaya,Indonesia,4,9.3,2025-11-05,06/11/2025,amaris margorejo surabaya,1190128,0,Budget
2025-11-05,Lion Air,14:40,16:10,1h 30m,0,815128,CGK,SUB,Economy,10,Surabaya,bookingcom,Surabaya River View Hotel,380704,Surabaya,Indonesia,5,9.2,2025-11-05,06/11/2025,river surabaya view,1195832,0,Budget
2025-11-05,Lion Air,14:40,16:10,1h 30m,0,815128,CGK,SUB,Economy,10,Surabaya,bookingcom,Ibis Surabaya City Center,403750,Surabaya,Indonesia,3,8.6,2025-11-05,06/11/2025,center city ibis surabaya,1218878,0,Budget
2025-11-05,Lion Air,14:40,16:10,1h 30m,0,815128,CGK,SUB,Economy,10,Surabaya,bookingcom,Kokoon Hotel Surabaya,409101,Surabaya,Indonesia,4,8.5,2025-11-05,06/11/2025,kokoon surabaya,1224229,0,Budget
2025-11-05,Lion Air,14:40,16:10,1h 30m,0,815128,CGK,SUB,Economy,10,Surabaya,bookingcom,La Lisa Hotel Surabaya,410219,Surabaya,Indonesia,5,9.3,2025-11-05,06/11/2025,la lisa surabaya,1225347,0,Budget
2025-11-05,Lion Air,14:40,16:10,1h 30m,0,815128,CGK,SUB,Economy,10,Surabaya,bookingcom,ibis Surabaya Tidar,419381,Surabaya,Indonesia,4,9.0,2025-11-05,06/11/2025,ibis surabaya tidar,1234509,0,Budget
2025-11-05,Lion Air,14:40,16:10,1h 30m,0,815128,CGK,SUB,Economy,10,Surabaya,bookingcom,Surabaya Suites Hotel Powered by Archipelago,425417,Surabaya,Indonesia,4,9.4,2025-11-05,06/11/2025,archipelago by powered suites surabaya,1240545,0,Budget
2025-11-05,Lion Air,14:40,16:10,1h 30m,0,815128,CGK,SUB,Economy,10,Surabaya,bookingcom,Kana Citra Guesthouse,440396,Surabaya,Indonesia,2,8.7,2025-11-05,06/11/2025,citra kana,1255524,0,Budget
2025-11-05,Lion Air,14:40,16:10,1h 30m,0,815128,CGK,SUB,Economy,10,Surabaya,bookingcom,Deka Hotel Surabaya HR Muhammad,450179,Surabaya,Indonesia,5,8.4,2025-11-05,06/11/2025,deka hr muhammad surabaya,1265307,0,Budget
2025-11-05,Lion Air,14:40,16:10,1h 30m,0,815128,CGK,SUB,Economy,10,Surabaya,bookingcom,KHAS Surabaya,450289,Surabaya,Indonesia,5,8.3,2025-11-05,06/11/2025,khas surabaya,1265417,0,Budget
2025-11-05,Lion Air,14:40,16:10,1h 30m,0,815128,CGK,SUB,Economy,10,Surabaya,bookingcom,MaxOneHotel Tidar Surabaya,454500,Surabaya,Indonesia,4,9.4,2025-11-05,06/11/2025,maxonehotel surabaya tidar,1269628,0,Budget
2025-11-05,Lion Air,14:40,16:10,1h 30m,0,815128,CGK,SUB,Economy,10,Surabaya,bookingcom,Aston Inn Jemursari,463776,Surabaya,Indonesia,5,8.8,2025-11-05,06/11/2025,aston jemursari,1278904,0,Budget
2025-11-05,Lion Air,14:40,16:10,1h 30m,0,815128,CGK,SUB,Economy,10,Surabaya,bookingcom,Hotel Santika Pandegiling - Surabaya,476709,Surabaya,Indonesia,2,7.8,2025-11-05,06/11/2025,pandegiling santika surabaya,1291837,0,Budget
2025-11-05,Lion Air,14:40,16:10,1h 30m,0,815128,CGK,SUB,Economy,10,Surabaya,bookingcom,Midtown Hotel Surabaya,480690,Surabaya,Indonesia,5,9.0,2025-11-05,06/11/2025,midtown surabaya,1295818,0,Budget
2025-11-05,Lion Air,14:40,16:10,1h 30m,0,815128,CGK,SUB,Economy,10,Surabaya,bookingcom,Java Paragon Hotel & Residences,590456,Surabaya,Indonesia,4,9.4,2025-11-05,06/11/2025,java paragon residences,1405584,0,Budget
2025-11-05,Lion Air,14:40,16:10,1h 30m,0,815128,CGK,SUB,Economy,10,Surabaya,bookingcom,Holiday Inn Express Surabaya CenterPoint by IHG,601152,Surabaya,Indonesia,4,7.7,2025-11-05,06/11/2025,by centerpoint express holiday ihg surabaya,1416280,0,Budget
2025-11-05,Lion Air,14:40,16:10,1h 30m,0,815128,CGK,SUB,Economy,10,Surabaya,bookingcom,The Southern Hotel Surabaya,602229,Surabaya,Indonesia,4,9.1,2025-11-05,06/11/2025,southern surabaya the,1417357,0,Budget
2025-11-05,Lion Air,14:40,16:10,1h 30m,0,815128,CGK,SUB,Economy,10,Surabaya,bookingcom,Aria Centra Surabaya,621000,Surabaya,Indonesia,4,8.1,2025-11-05,06/11/2025,aria centra surabaya,1436128,0,Budget
2025-11-05,Lion Air,14:40,16:10,1h 30m,0,815128,CGK,SUB,Economy,10,Surabaya,bookingcom,Best Western Papilio Hotel,655200,Surabaya,Indonesia,5,8.8,2025-11-05,06/11/2025,best papilio western,1470328,0,Budget
2025-11-05,Lion Air,14:40,16:10,1h 30m,0,815128,CGK,SUB,Economy,10,Surabaya,bookingcom,Mercure Surabaya Grand Mirama,678681,Surabaya,Indonesia,5,9.3,2025-11-05,06/11/2025,grand mercure mirama surabaya,1493809,0,Budget
2025-11-05,Lion Air,14:40,16:10,1h 30m,0,815128,CGK,SUB,Economy,10,Surabaya,bookingcom,HARRIS Hotel & Conventions Bundaran Satelit Surabaya,684000,Surabaya,Indonesia,5,8.8,2025-11-05,06/11/2025,bundaran conventions harris satelit surabaya,1499128,0,Budget
2025-11-05,Lion Air,14:40,16:10,1h 30m,0,815128,CGK,SUB,Economy,10,Surabaya,bookingcom,Kampi Hotel Tunjungan - Surabaya,690000,Surabaya,Indonesia,4,9.2,2025-11-05,06/11/2025,kampi surabaya tunjungan,1505128,0,Budget
2025-11-05,Lion Air,14:40,16:10,1h 30m,0,815128,CGK,SUB,Economy,10,Surabaya,bookingcom,Swiss-Belinn Tunjungan Surabaya,765000,Surabaya,Indonesia,5,9.0,2025-11-05,06/11/2025,surabaya swissbelinn tunjungan,1580128,0,Budget
2025-11-05,Lion Air,14:40,16:10,1h 30m,0,815128,CGK,SUB,Economy,10,Surabaya,bookingcom,Grand Swiss-Belhotel Darmo,771900,Surabaya,Indonesia,5,9.3,2025-11-05,06/11/2025,darmo grand swissbelhotel,1587028,0,Budget
2025-11-05,Lion Air,14:40,16:10,1h 30m,0,815128,CGK,SUB,Economy,10,Surabaya,bookingcom,Wyndham Surabaya,807500,Surabaya,Indonesia,5,9.2,2025-11-05,06/11/2025,surabaya wyndham,1622628,0,Budget
2025-11-05,Lion Air,14:40,16:10,1h 30m,0,815128,CGK,SUB,Economy,10,Surabaya,bookingcom,Novotel Samator Surabaya Timur,813846,Surabaya,Indonesia,5,8.8,2025-11-05,06/11/2025,novotel samator surabaya timur,1628974,0,Budget
2025-11-05,Lion Air,14:40,16:10,1h 30m,0,815128,CGK,SUB,Economy,10,Surabaya,bookingcom,Bumi Surabaya City Resort,822924,Surabaya,Indonesia,5,9.2,2025-11-05,06/11/2025,bumi city surabaya,1638052,0,Budget
2025-11-05,Lion Air,14:40,16:10,1h 30m,0,815128,CGK,SUB,Economy,10,Surabaya,bookingcom,Aloft Surabaya Pakuwon City,871200,Surabaya,Indonesia,4,10.0,2025-11-05,06/11/2025,aloft city pakuwon surabaya,1686328,0,Budget
2025-11-05,Lion Air,14:40,16:10,1h 30m,0,815128,CGK,SUB,Economy,10,Surabaya,bookingcom,Movenpick Surabaya City,910800,Surabaya,Indonesia,5,9.0,2025-11-05,06/11/2025,city movenpick surabaya,1725928,0,Budget
2025-11-05,Lion Air,14:40,16:10,1h 30m,0,815128,CGK,SUB,Economy,10,Surabaya,bookingcom,Oakwood Hotel & Residence Surabaya,1087063,Surabaya,Indonesia,5,9.8,2025-11-05,06/11/2025,oakwood residence surabaya,1902191,0,Budget
2025-11-05,Lion Air,14:40,16:10,1h 30m,0,815128,CGK,SUB,Economy,10,Surabaya,bookingcom,Platinum Hotel Tunjungan Surabaya,1090545,Surabaya,Indonesia,4,9.4,2025-11-05,06/11/2025,platinum surabaya tunjungan,1905673,0,Budget
2025-11-05,Lion Air,14:40,16:10,1h 30m,0,815128,CGK,SUB,Economy,10,Surabaya,bookingcom,DoubleTree by Hilton Surabaya,1258884,Surabaya,Indonesia,5,9.4,2025-11-05,06/11/2025,by doubletree hilton surabaya,2074012,0,Budget
2025-11-05,Lion Air,14:40,16:10,1h 30m,0,815128,CGK,SUB,Economy,10,Surabaya,bookingcom,Vasa Hotel Surabaya,1266305,Surabaya,Indonesia,5,9.0,2025-11-05,06/11/2025,surabaya vasa,2081433,0,Budget
2025-11-05,Lion Air,14:40,16:10,1h 30m,0,815128,CGK,SUB,Economy,10,Surabaya,bookingcom,Hotel Ciputra World Surabaya managed by Swiss-Belhotel International,1330000,Surabaya,Indonesia,5,9.4,2025-11-05,06/11/2025,by ciputra international managed surabaya swissbelhotel world,2145128,0,Budget
2025-11-05,Lion Air,14:40,16:10,1h 30m,0,815128,CGK,SUB,Economy,10,Surabaya,bookingcom,Ascott Waterplace Surabaya,1377000,Surabaya,Indonesia,5,9.3,2025-11-05,06/11/2025,ascott surabaya waterplace,2192128,0,Budget
2025-11-05,Lion Air,14:40,16:10,1h 30m,0,815128,CGK,SUB,Economy,10,Surabaya,bookingcom,Shangri-la Surabaya,1431430,Surabaya,Indonesia,5,8.9,2025-11-05,06/11/2025,shangrila surabaya,2246558,0,Budget
2025-11-05,Lion Air,14:40,16:10,1h 30m,0,815128,CGK,SUB,Economy,10,Surabaya,bookingcom,"Four Points by Sheraton Surabaya, Tunjungan Plaza",1524600,Surabaya,Indonesia,4,9.5,2025-11-05,06/11/2025,by four plaza points sheraton surabaya tunjungan,2339728,0,Budget
2025-11-05,Lion Air,14:40,16:10,1h 30m,0,815128,CGK,SUB,Economy,10,Surabaya,bookingcom,"Four Points by Sheraton Surabaya, Pakuwon Indah",1548800,Surabaya,Indonesia,5,9.6,2025-11-05,06/11/2025,by four indah pakuwon points sheraton surabaya,2363928,0,Budget
2025-11-05,Lion Air,14:40,16:10,1h 30m,0,815128,CGK,SUB,Economy,10,Surabaya,bookingcom,Hotel Majapahit Surabaya MGallery,1647000,Surabaya,Indonesia,5,9.3,2025-11-05,06/11/2025,majapahit mgallery surabaya,2462128,0,Budget
2025-11-05,Lion Air,14:40,16:10,1h 30m,0,815128,CGK,SUB,Economy,10,Surabaya,bookingcom,Sheraton Surabaya Hotel & Towers,1936000,Surabaya,Indonesia,2,8.7,2025-11-05,06/11/2025,sheraton surabaya towers,2751128,0,Budget
2025-11-05,Lion Air,14:40,16:10,1h 30m,0,815128,CGK,SUB,Economy,10,Surabaya,bookingcom,JW Marriott Hotel Surabaya,1996500,Surabaya,Indonesia,5,9.4,2025-11-05,06/11/2025,jw marriott surabaya,2811628,0,Budget
2025-11-05,Lion Air,18:50,20:20,1h 30m,0,867438,CGK,SUB,Economy,10,Surabaya,bookingcom,Rebahan Stay,220500,Surabaya,Indonesia,2,8.5,2025-11-05,06/11/2025,rebahan stay,1087938,0,Budget
2025-11-05,Lion Air,18:50,20:20,1h 30m,0,867438,CGK,SUB,Economy,10,Surabaya,bookingcom,Collection O 30 Amega Crown Sub,237927,Surabaya,Indonesia,5,9.2,2025-11-05,06/11/2025,30 amega collection crown o sub,1105365,0,Budget
2025-11-05,Lion Air,18:50,20:20,1h 30m,0,867438,CGK,SUB,Economy,10,Surabaya,bookingcom,Hadi Park,260000,Surabaya,Indonesia,4,8.6,2025-11-05,06/11/2025,hadi park,1127438,0,Budget
2025-11-05,Lion Air,18:50,20:20,1h 30m,0,867438,CGK,SUB,Economy,10,Surabaya,bookingcom,POP! Hotel Diponegoro,308000,Surabaya,Indonesia,3,7.0,2025-11-05,06/11/2025,diponegoro pop,1175438,0,Budget
2025-11-05,Lion Air,18:50,20:20,1h 30m,0,867438,CGK,SUB,Economy,10,Surabaya,bookingcom,Choice City Hotel,322007,Surabaya,Indonesia,5,8.9,2025-11-05,06/11/2025,choice city,1189445,0,Budget
2025-11-05,Lion Air,18:50,20:20,1h 30m,0,867438,CGK,SUB,Economy,10,Surabaya,bookingcom,favehotel MEX Tunjungan Surabaya,339583,Surabaya,Indonesia,5,9.0,2025-11-05,06/11/2025,favehotel mex surabaya tunjungan,1207021,0,Budget
2025-11-05,Lion Air,18:50,20:20,1h 30m,0,867438,CGK,SUB,Economy,10,Surabaya,bookingcom,favehotel Rungkut Surabaya,347873,Surabaya,Indonesia,4,8.9,2025-11-05,06/11/2025,favehotel rungkut surabaya,1215311,0,Budget
2025-11-05,Lion Air,18:50,20:20,1h 30m,0,867438,CGK,SUB,Economy,10,Surabaya,bookingcom,Amaris Hotel Darmo Surabaya,365499,Surabaya,Indonesia,3,9.2,2025-11-05,06/11/2025,amaris darmo surabaya,1232937,0,Budget
2025-11-05,Lion Air,18:50,20:20,1h 30m,0,867438,CGK,SUB,Economy,10,Surabaya,bookingcom,Amaris Hotel Margorejo Surabaya,375000,Surabaya,Indonesia,4,9.3,2025-11-05,06/11/2025,amaris margorejo surabaya,1242438,0,Budget
2025-11-05,Lion Air,18:50,20:20,1h 30m,0,867438,CGK,SUB,Economy,10,Surabaya,bookingcom,Surabaya River View Hotel,380704,Surabaya,Indonesia,5,9.2,2025-11-05,06/11/2025,river surabaya view,1248142,0,Budget
2025-11-05,Lion Air,18:50,20:20,1h 30m,0,867438,CGK,SUB,Economy,10,Surabaya,bookingcom,Ibis Surabaya City Center,403750,Surabaya,Indonesia,3,8.6,2025-11-05,06/11/2025,center city ibis surabaya,1271188,0,Budget
2025-11-05,Lion Air,18:50,20:20,1h 30m,0,867438,CGK,SUB,Economy,10,Surabaya,bookingcom,Kokoon Hotel Surabaya,409101,Surabaya,Indonesia,4,8.5,2025-11-05,06/11/2025,kokoon surabaya,1276539,0,Budget
2025-11-05,Lion Air,18:50,20:20,1h 30m,0,867438,CGK,SUB,Economy,10,Surabaya,bookingcom,La Lisa Hotel Surabaya,410219,Surabaya,Indonesia,5,9.3,2025-11-05,06/11/2025,la lisa surabaya,1277657,0,Budget
2025-11-05,Lion Air,18:50,20:20,1h 30m,0,867438,CGK,SUB,Economy,10,Surabaya,bookingcom,ibis Surabaya Tidar,419381,Surabaya,Indonesia,4,9.0,2025-11-05,06/11/2025,ibis surabaya tidar,1286819,0,Budget
2025-11-05,Lion Air,18:50,20:20,1h 30m,0,867438,CGK,SUB,Economy,10,Surabaya,bookingcom,Surabaya Suites Hotel Powered by Archipelago,425417,Surabaya,Indonesia,4,9.4,2025-11-05,06/11/2025,archipelago by powered suites surabaya,1292855,0,Budget
2025-11-05,Lion Air,18:50,20:20,1h 30m,0,867438,CGK,SUB,Economy,10,Surabaya,bookingcom,Kana Citra Guesthouse,440396,Surabaya,Indonesia,2,8.7,2025-11-05,06/11/2025,citra kana,1307834,0,Budget
2025-11-05,Lion Air,18:50,20:20,1h 30m,0,867438,CGK,SUB,Economy,10,Surabaya,bookingcom,Deka Hotel Surabaya HR Muhammad,450179,Surabaya,Indonesia,5,8.4,2025-11-05,06/11/2025,deka hr muhammad surabaya,1317617,0,Budget
2025-11-05,Lion Air,18:50,20:20,1h 30m,0,867438,CGK,SUB,Economy,10,Surabaya,bookingcom,KHAS Surabaya,450289,Surabaya,Indonesia,5,8.3,2025-11-05,06/11/2025,khas surabaya,1317727,0,Budget
2025-11-05,Lion Air,18:50,20:20,1h 30m,0,867438,CGK,SUB,Economy,10,Surabaya,bookingcom,MaxOneHotel Tidar Surabaya,454500,Surabaya,Indonesia,4,9.4,2025-11-05,06/11/2025,maxonehotel surabaya tidar,1321938,0,Budget
2025-11-05,Lion Air,18:50,20:20,1h 30m,0,867438,CGK,SUB,Economy,10,Surabaya,bookingcom,Aston Inn Jemursari,463776,Surabaya,Indonesia,5,8.8,2025-11-05,06/11/2025,aston jemursari,1331214,0,Budget
2025-11-05,Lion Air,18:50,20:20,1h 30m,0,867438,CGK,SUB,Economy,10,Surabaya,bookingcom,Hotel Santika Pandegiling - Surabaya,476709,Surabaya,Indonesia,2,7.8,2025-11-05,06/11/2025,pandegiling santika surabaya,1344147,0,Budget
2025-11-05,Lion Air,18:50,20:20,1h 30m,0,867438,CGK,SUB,Economy,10,Surabaya,bookingcom,Midtown Hotel Surabaya,480690,Surabaya,Indonesia,5,9.0,2025-11-05,06/11/2025,midtown surabaya,1348128,0,Budget
2025-11-05,Lion Air,18:50,20:20,1h 30m,0,867438,CGK,SUB,Economy,10,Surabaya,bookingcom,Java Paragon Hotel & Residences,590456,Surabaya,Indonesia,4,9.4,2025-11-05,06/11/2025,java paragon residences,1457894,0,Budget
2025-11-05,Lion Air,18:50,20:20,1h 30m,0,867438,CGK,SUB,Economy,10,Surabaya,bookingcom,Holiday Inn Express Surabaya CenterPoint by IHG,601152,Surabaya,Indonesia,4,7.7,2025-11-05,06/11/2025,by centerpoint express holiday ihg surabaya,1468590,0,Budget
2025-11-05,Lion Air,18:50,20:20,1h 30m,0,867438,CGK,SUB,Economy,10,Surabaya,bookingcom,The Southern Hotel Surabaya,602229,Surabaya,Indonesia,4,9.1,2025-11-05,06/11/2025,southern surabaya the,1469667,0,Budget
2025-11-05,Lion Air,18:50,20:20,1h 30m,0,867438,CGK,SUB,Economy,10,Surabaya,bookingcom,Aria Centra Surabaya,621000,Surabaya,Indonesia,4,8.1,2025-11-05,06/11/2025,aria centra surabaya,1488438,0,Budget
2025-11-05,Lion Air,18:50,20:20,1h 30m,0,867438,CGK,SUB,Economy,10,Surabaya,bookingcom,Best Western Papilio Hotel,655200,Surabaya,Indonesia,5,8.8,2025-11-05,06/11/2025,best papilio western,1522638,0,Budget
2025-11-05,Lion Air,18:50,20:20,1h 30m,0,867438,CGK,SUB,Economy,10,Surabaya,bookingcom,Mercure Surabaya Grand Mirama,678681,Surabaya,Indonesia,5,9.3,2025-11-05,06/11/2025,grand mercure mirama surabaya,1546119,0,Budget
2025-11-05,Lion Air,18:50,20:20,1h 30m,0,867438,CGK,SUB,Economy,10,Surabaya,bookingcom,HARRIS Hotel & Conventions Bundaran Satelit Surabaya,684000,Surabaya,Indonesia,5,8.8,2025-11-05,06/11/2025,bundaran conventions harris satelit surabaya,1551438,0,Budget
2025-11-05,Lion Air,18:50,20:20,1h 30m,0,867438,CGK,SUB,Economy,10,Surabaya,bookingcom,Kampi Hotel Tunjungan - Surabaya,690000,Surabaya,Indonesia,4,9.2,2025-11-05,06/11/2025,kampi surabaya tunjungan,1557438,0,Budget
2025-11-05,Lion Air,18:50,20:20,1h 30m,0,867438,CGK,SUB,Economy,10,Surabaya,bookingcom,Swiss-Belinn Tunjungan Surabaya,765000,Surabaya,Indonesia,5,9.0,2025-11-05,06/11/2025,surabaya swissbelinn tunjungan,1632438,0,Budget
2025-11-05,Lion Air,18:50,20:20,1h 30m,0,867438,CGK,SUB,Economy,10,Surabaya,bookingcom,Grand Swiss-Belhotel Darmo,771900,Surabaya,Indonesia,5,9.3,2025-11-05,06/11/2025,darmo grand swissbelhotel,1639338,0,Budget
2025-11-05,Lion Air,18:50,20:20,1h 30m,0,867438,CGK,SUB,Economy,10,Surabaya,bookingcom,Wyndham Surabaya,807500,Surabaya,Indonesia,5,9.2,2025-11-05,06/11/2025,surabaya wyndham,1674938,0,Budget
2025-11-05,Lion Air,18:50,20:20,1h 30m,0,867438,CGK,SUB,Economy,10,Surabaya,bookingcom,Novotel Samator Surabaya Timur,813846,Surabaya,Indonesia,5,8.8,2025-11-05,06/11/2025,novotel samator surabaya timur,1681284,0,Budget
2025-11-05,Lion Air,18:50,20:20,1h 30m,0,867438,CGK,SUB,Economy,10,Surabaya,bookingcom,Bumi Surabaya City Resort,822924,Surabaya,Indonesia,5,9.2,2025-11-05,06/11/2025,bumi city surabaya,1690362,0,Budget
2025-11-05,Lion Air,18:50,20:20,1h 30m,0,867438,CGK,SUB,Economy,10,Surabaya,bookingcom,Aloft Surabaya Pakuwon City,871200,Surabaya,Indonesia,4,10.0,2025-11-05,06/11/2025,aloft city pakuwon surabaya,1738638,0,Budget
2025-11-05,Lion Air,18:50,20:20,1h 30m,0,867438,CGK,SUB,Economy,10,Surabaya,bookingcom,Movenpick Surabaya City,910800,Surabaya,Indonesia,5,9.0,2025-11-05,06/11/2025,city movenpick surabaya,1778238,0,Budget
2025-11-05,Lion Air,18:50,20:20,1h 30m,0,867438,CGK,SUB,Economy,10,Surabaya,bookingcom,Oakwood Hotel & Residence Surabaya,1087063,Surabaya,Indonesia,5,9.8,2025-11-05,06/11/2025,oakwood residence surabaya,1954501,0,Budget
2025-11-05,Lion Air,18:50,20:20,1h 30m,0,867438,CGK,SUB,Economy,10,Surabaya,bookingcom,Platinum Hotel Tunjungan Surabaya,1090545,Surabaya,Indonesia,4,9.4,2025-11-05,06/11/2025,platinum surabaya tunjungan,1957983,0,Budget
2025-11-05,Lion Air,18:50,20:20,1h 30m,0,867438,CGK,SUB,Economy,10,Surabaya,bookingcom,DoubleTree by Hilton Surabaya,1258884,Surabaya,Indonesia,5,9.4,2025-11-05,06/11/2025,by doubletree hilton surabaya,2126322,0,Budget
2025-11-05,Lion Air,18:50,20:20,1h 30m,0,867438,CGK,SUB,Economy,10,Surabaya,bookingcom,Vasa Hotel Surabaya,1266305,Surabaya,Indonesia,5,9.0,2025-11-05,06/11/2025,surabaya vasa,2133743,0,Budget
2025-11-05,Lion Air,18:50,20:20,1h 30m,0,867438,CGK,SUB,Economy,10,Surabaya,bookingcom,Hotel Ciputra World Surabaya managed by Swiss-Belhotel International,1330000,Surabaya,Indonesia,5,9.4,2025-11-05,06/11/2025,by ciputra international managed surabaya swissbelhotel world,2197438,0,Budget
2025-11-05,Lion Air,18:50,20:20,1h 30m,0,867438,CGK,SUB,Economy,10,Surabaya,bookingcom,Ascott Waterplace Surabaya,1377000,Surabaya,Indonesia,5,9.3,2025-11-05,06/11/2025,ascott surabaya waterplace,2244438,0,Budget
2025-11-05,Lion Air,18:50,20:20,1h 30m,0,867438,CGK,SUB,Economy,10,Surabaya,bookingcom,Shangri-la Surabaya,1431430,Surabaya,Indonesia,5,8.9,2025-11-05,06/11/2025,shangrila surabaya,2298868,0,Budget
2025-11-05,Lion Air,18:50,20:20,1h 30m,0,867438,CGK,SUB,Economy,10,Surabaya,bookingcom,"Four Points by Sheraton Surabaya, Tunjungan Plaza",1524600,Surabaya,Indonesia,4,9.5,2025-11-05,06/11/2025,by four plaza points sheraton surabaya tunjungan,2392038,0,Budget
2025-11-05,Lion Air,18:50,20:20,1h 30m,0,867438,CGK,SUB,Economy,10,Surabaya,bookingcom,"Four Points by Sheraton Surabaya, Pakuwon Indah",1548800,Surabaya,Indonesia,5,9.6,2025-11-05,06/11/2025,by four indah pakuwon points sheraton surabaya,2416238,0,Budget
2025-11-05,Lion Air,18:50,20:20,1h 30m,0,867438,CGK,SUB,Economy,10,Surabaya,bookingcom,Hotel Majapahit Surabaya MGallery,1647000,Surabaya,Indonesia,5,9.3,2025-11-05,06/11/2025,majapahit mgallery surabaya,2514438,0,Budget
2025-11-05,Lion Air,18:50,20:20,1h 30m,0,867438,CGK,SUB,Economy,10,Surabaya,bookingcom,Sheraton Surabaya Hotel & Towers,1936000,Surabaya,Indonesia,2,8.7,2025-11-05,06/11/2025,sheraton surabaya towers,2803438,0,Budget
2025-11-05,Lion Air,18:50,20:20,1h 30m,0,867438,CGK,SUB,Economy,10,Surabaya,bookingcom,JW Marriott Hotel Surabaya,1996500,Surabaya,Indonesia,5,9.4,2025-11-05,06/11/2025,jw marriott surabaya,2863938,0,Budget
2025-11-05,Pelita Air,06:40,08:15,1h 35m,0,978331,CGK,SUB,Economy,10,Surabaya,bookingcom,Rebahan Stay,220500,Surabaya,Indonesia,2,8.5,2025-11-05,06/11/2025,rebahan stay,1198831,0,Budget
2025-11-05,Pelita Air,06:40,08:15,1h 35m,0,978331,CGK,SUB,Economy,10,Surabaya,bookingcom,Collection O 30 Amega Crown Sub,237927,Surabaya,Indonesia,5,9.2,2025-11-05,06/11/2025,30 amega collection crown o sub,1216258,0,Budget
2025-11-05,Pelita Air,06:40,08:15,1h 35m,0,978331,CGK,SUB,Economy,10,Surabaya,bookingcom,Hadi Park,260000,Surabaya,Indonesia,4,8.6,2025-11-05,06/11/2025,hadi park,1238331,0,Budget
2025-11-05,Pelita Air,06:40,08:15,1h 35m,0,978331,CGK,SUB,Economy,10,Surabaya,bookingcom,POP! Hotel Diponegoro,308000,Surabaya,Indonesia,3,7.0,2025-11-05,06/11/2025,diponegoro pop,1286331,0,Budget
2025-11-05,Pelita Air,06:40,08:15,1h 35m,0,978331,CGK,SUB,Economy,10,Surabaya,bookingcom,Choice City Hotel,322007,Surabaya,Indonesia,5,8.9,2025-11-05,06/11/2025,choice city,1300338,0,Budget
2025-11-05,Pelita Air,06:40,08:15,1h 35m,0,978331,CGK,SUB,Economy,10,Surabaya,bookingcom,favehotel MEX Tunjungan Surabaya,339583,Surabaya,Indonesia,5,9.0,2025-11-05,06/11/2025,favehotel mex surabaya tunjungan,1317914,0,Budget
2025-11-05,Pelita Air,06:40,08:15,1h 35m,0,978331,CGK,SUB,Economy,10,Surabaya,bookingcom,favehotel Rungkut Surabaya,347873,Surabaya,Indonesia,4,8.9,2025-11-05,06/11/2025,favehotel rungkut surabaya,1326204,0,Budget
2025-11-05,Pelita Air,06:40,08:15,1h 35m,0,978331,CGK,SUB,Economy,10,Surabaya,bookingcom,Amaris Hotel Darmo Surabaya,365499,Surabaya,Indonesia,3,9.2,2025-11-05,06/11/2025,amaris darmo surabaya,1343830,0,Budget
2025-11-05,Pelita Air,06:40,08:15,1h 35m,0,978331,CGK,SUB,Economy,10,Surabaya,bookingcom,Amaris Hotel Margorejo Surabaya,375000,Surabaya,Indonesia,4,9.3,2025-11-05,06/11/2025,amaris margorejo surabaya,1353331,0,Budget
2025-11-05,Pelita Air,06:40,08:15,1h 35m,0,978331,CGK,SUB,Economy,10,Surabaya,bookingcom,Surabaya River View Hotel,380704,Surabaya,Indonesia,5,9.2,2025-11-05,06/11/2025,river surabaya view,1359035,0,Budget
2025-11-05,Pelita Air,06:40,08:15,1h 35m,0,978331,CGK,SUB,Economy,10,Surabaya,bookingcom,Ibis Surabaya City Center,403750,Surabaya,Indonesia,3,8.6,2025-11-05,06/11/2025,center city ibis surabaya,1382081,0,Budget
2025-11-05,Pelita Air,06:40,08:15,1h 35m,0,978331,CGK,SUB,Economy,10,Surabaya,bookingcom,Kokoon Hotel Surabaya,409101,Surabaya,Indonesia,4,8.5,2025-11-05,06/11/2025,kokoon surabaya,1387432,0,Budget
2025-11-05,Pelita Air,06:40,08:15,1h 35m,0,978331,CGK,SUB,Economy,10,Surabaya,bookingcom,La Lisa Hotel Surabaya,410219,Surabaya,Indonesia,5,9.3,2025-11-05,06/11/2025,la lisa surabaya,1388550,0,Budget
2025-11-05,Pelita Air,06:40,08:15,1h 35m,0,978331,CGK,SUB,Economy,10,Surabaya,bookingcom,ibis Surabaya Tidar,419381,Surabaya,Indonesia,4,9.0,2025-11-05,06/11/2025,ibis surabaya tidar,1397712,0,Budget
2025-11-05,Pelita Air,06:40,08:15,1h 35m,0,978331,CGK,SUB,Economy,10,Surabaya,bookingcom,Surabaya Suites Hotel Powered by Archipelago,425417,Surabaya,Indonesia,4,9.4,2025-11-05,06/11/2025,archipelago by powered suites surabaya,1403748,0,Budget
2025-11-05,Pelita Air,06:40,08:15,1h 35m,0,978331,CGK,SUB,Economy,10,Surabaya,bookingcom,Kana Citra Guesthouse,440396,Surabaya,Indonesia,2,8.7,2025-11-05,06/11/2025,citra kana,1418727,0,Budget
2025-11-05,Pelita Air,06:40,08:15,1h 35m,0,978331,CGK,SUB,Economy,10,Surabaya,bookingcom,Deka Hotel Surabaya HR Muhammad,450179,Surabaya,Indonesia,5,8.4,2025-11-05,06/11/2025,deka hr muhammad surabaya,1428510,0,Budget
2025-11-05,Pelita Air,06:40,08:15,1h 35m,0,978331,CGK,SUB,Economy,10,Surabaya,bookingcom,KHAS Surabaya,450289,Surabaya,Indonesia,5,8.3,2025-11-05,06/11/2025,khas surabaya,1428620,0,Budget
2025-11-05,Pelita Air,06:40,08:15,1h 35m,0,978331,CGK,SUB,Economy,10,Surabaya,bookingcom,MaxOneHotel Tidar Surabaya,454500,Surabaya,Indonesia,4,9.4,2025-11-05,06/11/2025,maxonehotel surabaya tidar,1432831,0,Budget
2025-11-05,Pelita Air,06:40,08:15,1h 35m,0,978331,CGK,SUB,Economy,10,Surabaya,bookingcom,Aston Inn Jemursari,463776,Surabaya,Indonesia,5,8.8,2025-11-05,06/11/2025,aston jemursari,1442107,0,Budget
2025-11-05,Pelita Air,06:40,08:15,1h 35m,0,978331,CGK,SUB,Economy,10,Surabaya,bookingcom,Hotel Santika Pandegiling - Surabaya,476709,Surabaya,Indonesia,2,7.8,2025-11-05,06/11/2025,pandegiling santika surabaya,1455040,0,Budget
2025-11-05,Pelita Air,06:40,08:15,1h 35m,0,978331,CGK,SUB,Economy,10,Surabaya,bookingcom,Midtown Hotel Surabaya,480690,Surabaya,Indonesia,5,9.0,2025-11-05,06/11/2025,midtown surabaya,1459021,0,Budget
2025-11-05,Pelita Air,06:40,08:15,1h 35m,0,978331,CGK,SUB,Economy,10,Surabaya,bookingcom,Java Paragon Hotel & Residences,590456,Surabaya,Indonesia,4,9.4,2025-11-05,06/11/2025,java paragon residences,1568787,0,Budget
2025-11-05,Pelita Air,06:40,08:15,1h 35m,0,978331,CGK,SUB,Economy,10,Surabaya,bookingcom,Holiday Inn Express Surabaya CenterPoint by IHG,601152,Surabaya,Indonesia,4,7.7,2025-11-05,06/11/2025,by centerpoint express holiday ihg surabaya,1579483,0,Budget
2025-11-05,Pelita Air,06:40,08:15,1h 35m,0,978331,CGK,SUB,Economy,10,Surabaya,bookingcom,The Southern Hotel Surabaya,602229,Surabaya,Indonesia,4,9.1,2025-11-05,06/11/2025,southern surabaya the,1580560,0,Budget
2025-11-05,Pelita Air,06:40,08:15,1h 35m,0,978331,CGK,SUB,Economy,10,Surabaya,bookingcom,Aria Centra Surabaya,621000,Surabaya,Indonesia,4,8.1,2025-11-05,06/11/2025,aria centra surabaya,1599331,0,Budget
2025-11-05,Pelita Air,06:40,08:15,1h 35m,0,978331,CGK,SUB,Economy,10,Surabaya,bookingcom,Best Western Papilio Hotel,655200,Surabaya,Indonesia,5,8.8,2025-11-05,06/11/2025,best papilio western,1633531,0,Budget
2025-11-05,Pelita Air,06:40,08:15,1h 35m,0,978331,CGK,SUB,Economy,10,Surabaya,bookingcom,Mercure Surabaya Grand Mirama,678681,Surabaya,Indonesia,5,9.3,2025-11-05,06/11/2025,grand mercure mirama surabaya,1657012,0,Budget
2025-11-05,Pelita Air,06:40,08:15,1h 35m,0,978331,CGK,SUB,Economy,10,Surabaya,bookingcom,HARRIS Hotel & Conventions Bundaran Satelit Surabaya,684000,Surabaya,Indonesia,5,8.8,2025-11-05,06/11/2025,bundaran conventions harris satelit surabaya,1662331,0,Budget
2025-11-05,Pelita Air,06:40,08:15,1h 35m,0,978331,CGK,SUB,Economy,10,Surabaya,bookingcom,Kampi Hotel Tunjungan - Surabaya,690000,Surabaya,Indonesia,4,9.2,2025-11-05,06/11/2025,kampi surabaya tunjungan,1668331,0,Budget
2025-11-05,Pelita Air,06:40,08:15,1h 35m,0,978331,CGK,SUB,Economy,10,Surabaya,bookingcom,Swiss-Belinn Tunjungan Surabaya,765000,Surabaya,Indonesia,5,9.0,2025-11-05,06/11/2025,surabaya swissbelinn tunjungan,1743331,0,Budget
2025-11-05,Pelita Air,06:40,08:15,1h 35m,0,978331,CGK,SUB,Economy,10,Surabaya,bookingcom,Grand Swiss-Belhotel Darmo,771900,Surabaya,Indonesia,5,9.3,2025-11-05,06/11/2025,darmo grand swissbelhotel,1750231,0,Budget
2025-11-05,Pelita Air,06:40,08:15,1h 35m,0,978331,CGK,SUB,Economy,10,Surabaya,bookingcom,Wyndham Surabaya,807500,Surabaya,Indonesia,5,9.2,2025-11-05,06/11/2025,surabaya wyndham,1785831,0,Budget
2025-11-05,Pelita Air,06:40,08:15,1h 35m,0,978331,CGK,SUB,Economy,10,Surabaya,bookingcom,Novotel Samator Surabaya Timur,813846,Surabaya,Indonesia,5,8.8,2025-11-05,06/11/2025,novotel samator surabaya timur,1792177,0,Budget
2025-11-05,Pelita Air,06:40,08:15,1h 35m,0,978331,CGK,SUB,Economy,10,Surabaya,bookingcom,Bumi Surabaya City Resort,822924,Surabaya,Indonesia,5,9.2,2025-11-05,06/11/2025,bumi city surabaya,1801255,0,Budget
2025-11-05,Pelita Air,06:40,08:15,1h 35m,0,978331,CGK,SUB,Economy,10,Surabaya,bookingcom,Aloft Surabaya Pakuwon City,871200,Surabaya,Indonesia,4,10.0,2025-11-05,06/11/2025,aloft city pakuwon surabaya,1849531,0,Budget
2025-11-05,Pelita Air,06:40,08:15,1h 35m,0,978331,CGK,SUB,Economy,10,Surabaya,bookingcom,Movenpick Surabaya City,910800,Surabaya,Indonesia,5,9.0,2025-11-05,06/11/2025,city movenpick surabaya,1889131,0,Budget
2025-11-05,Pelita Air,06:40,08:15,1h 35m,0,978331,CGK,SUB,Economy,10,Surabaya,bookingcom,Oakwood Hotel & Residence Surabaya,1087063,Surabaya,Indonesia,5,9.8,2025-11-05,06/11/2025,oakwood residence surabaya,2065394,0,Budget
2025-11-05,Pelita Air,06:40,08:15,1h 35m,0,978331,CGK,SUB,Economy,10,Surabaya,bookingcom,Platinum Hotel Tunjungan Surabaya,1090545,Surabaya,Indonesia,4,9.4,2025-11-05,06/11/2025,platinum surabaya tunjungan,2068876,0,Budget
2025-11-05,Pelita Air,06:40,08:15,1h 35m,0,978331,CGK,SUB,Economy,10,Surabaya,bookingcom,DoubleTree by Hilton Surabaya,1258884,Surabaya,Indonesia,5,9.4,2025-11-05,06/11/2025,by doubletree hilton surabaya,2237215,0,Budget
2025-11-05,Pelita Air,06:40,08:15,1h 35m,0,978331,CGK,SUB,Economy,10,Surabaya,bookingcom,Vasa Hotel Surabaya,1266305,Surabaya,Indonesia,5,9.0,2025-11-05,06/11/2025,surabaya vasa,2244636,0,Budget
2025-11-05,Pelita Air,06:40,08:15,1h 35m,0,978331,CGK,SUB,Economy,10,Surabaya,bookingcom,Hotel Ciputra World Surabaya managed by Swiss-Belhotel International,1330000,Surabaya,Indonesia,5,9.4,2025-11-05,06/11/2025,by ciputra international managed surabaya swissbelhotel world,2308331,0,Budget
2025-11-05,Pelita Air,06:40,08:15,1h 35m,0,978331,CGK,SUB,Economy,10,Surabaya,bookingcom,Ascott Waterplace Surabaya,1377000,Surabaya,Indonesia,5,9.3,2025-11-05,06/11/2025,ascott surabaya waterplace,2355331,0,Budget
2025-11-05,Pelita Air,06:40,08:15,1h 35m,0,978331,CGK,SUB,Economy,10,Surabaya,bookingcom,Shangri-la Surabaya,1431430,Surabaya,Indonesia,5,8.9,2025-11-05,06/11/2025,shangrila surabaya,2409761,0,Budget
2025-11-05,Pelita Air,06:40,08:15,1h 35m,0,978331,CGK,SUB,Economy,10,Surabaya,bookingcom,"Four Points by Sheraton Surabaya, Tunjungan Plaza",1524600,Surabaya,Indonesia,4,9.5,2025-11-05,06/11/2025,by four plaza points sheraton surabaya tunjungan,2502931,0,Budget
2025-11-05,Pelita Air,06:40,08:15,1h 35m,0,978331,CGK,SUB,Economy,10,Surabaya,bookingcom,"Four Points by Sheraton Surabaya, Pakuwon Indah",1548800,Surabaya,Indonesia,5,9.6,2025-11-05,06/11/2025,by four indah pakuwon points sheraton surabaya,2527131,0,Budget
2025-11-05,Pelita Air,06:40,08:15,1h 35m,0,978331,CGK,SUB,Economy,10,Surabaya,bookingcom,Hotel Majapahit Surabaya MGallery,1647000,Surabaya,Indonesia,5,9.3,2025-11-05,06/11/2025,majapahit mgallery surabaya,2625331,0,Budget
2025-11-05,Pelita Air,06:40,08:15,1h 35m,0,978331,CGK,SUB,Economy,10,Surabaya,bookingcom,Sheraton Surabaya Hotel & Towers,1936000,Surabaya,Indonesia,2,8.7,2025-11-05,06/11/2025,sheraton surabaya towers,2914331,0,Budget
2025-11-05,Pelita Air,06:40,08:15,1h 35m,0,978331,CGK,SUB,Economy,10,Surabaya,bookingcom,JW Marriott Hotel Surabaya,1996500,Surabaya,Indonesia,5,9.4,2025-11-05,06/11/2025,jw marriott surabaya,2974831,0,Budget
2025-11-05,Pelita Air,08:30,10:05,1h 35m,0,960268,CGK,SUB,Economy,10,Surabaya,bookingcom,Rebahan Stay,220500,Surabaya,Indonesia,2,8.5,2025-11-05,06/11/2025,rebahan stay,1180768,0,Budget
2025-11-05,Pelita Air,08:30,10:05,1h 35m,0,960268,CGK,SUB,Economy,10,Surabaya,bookingcom,Collection O 30 Amega Crown Sub,237927,Surabaya,Indonesia,5,9.2,2025-11-05,06/11/2025,30 amega collection crown o sub,1198195,0,Budget
2025-11-05,Pelita Air,08:30,10:05,1h 35m,0,960268,CGK,SUB,Economy,10,Surabaya,bookingcom,Hadi Park,260000,Surabaya,Indonesia,4,8.6,2025-11-05,06/11/2025,hadi park,1220268,0,Budget
2025-11-05,Pelita Air,08:30,10:05,1h 35m,0,960268,CGK,SUB,Economy,10,Surabaya,bookingcom,POP! Hotel Diponegoro,308000,Surabaya,Indonesia,3,7.0,2025-11-05,06/11/2025,diponegoro pop,1268268,0,Budget
2025-11-05,Pelita Air,08:30,10:05,1h 35m,0,960268,CGK,SUB,Economy,10,Surabaya,bookingcom,Choice City Hotel,322007,Surabaya,Indonesia,5,8.9,2025-11-05,06/11/2025,choice city,1282275,0,Budget
2025-11-05,Pelita Air,08:30,10:05,1h 35m,0,960268,CGK,SUB,Economy,10,Surabaya,bookingcom,favehotel MEX Tunjungan Surabaya,339583,Surabaya,Indonesia,5,9.0,2025-11-05,06/11/2025,favehotel mex surabaya tunjungan,1299851,0,Budget
2025-11-05,Pelita Air,08:30,10:05,1h 35m,0,960268,CGK,SUB,Economy,10,Surabaya,bookingcom,favehotel Rungkut Surabaya,347873,Surabaya,Indonesia,4,8.9,2025-11-05,06/11/2025,favehotel rungkut surabaya,1308141,0,Budget
2025-11-05,Pelita Air,08:30,10:05,1h 35m,0,960268,CGK,SUB,Economy,10,Surabaya,bookingcom,Amaris Hotel Darmo Surabaya,365499,Surabaya,Indonesia,3,9.2,2025-11-05,06/11/2025,amaris darmo surabaya,1325767,0,Budget
2025-11-05,Pelita Air,08:30,10:05,1h 35m,0,960268,CGK,SUB,Economy,10,Surabaya,bookingcom,Amaris Hotel Margorejo Surabaya,375000,Surabaya,Indonesia,4,9.3,2025-11-05,06/11/2025,amaris margorejo surabaya,1335268,0,Budget
2025-11-05,Pelita Air,08:30,10:05,1h 35m,0,960268,CGK,SUB,Economy,10,Surabaya,bookingcom,Surabaya River View Hotel,380704,Surabaya,Indonesia,5,9.2,2025-11-05,06/11/2025,river surabaya view,1340972,0,Budget
2025-11-05,Pelita Air,08:30,10:05,1h 35m,0,960268,CGK,SUB,Economy,10,Surabaya,bookingcom,Ibis Surabaya City Center,403750,Surabaya,Indonesia,3,8.6,2025-11-05,06/11/2025,center city ibis surabaya,1364018,0,Budget
2025-11-05,Pelita Air,08:30,10:05,1h 35m,0,960268,CGK,SUB,Economy,10,Surabaya,bookingcom,Kokoon Hotel Surabaya,409101,Surabaya,Indonesia,4,8.5,2025-11-05,06/11/2025,kokoon surabaya,1369369,0,Budget
2025-11-05,Pelita Air,08:30,10:05,1h 35m,0,960268,CGK,SUB,Economy,10,Surabaya,bookingcom,La Lisa Hotel Surabaya,410219,Surabaya,Indonesia,5,9.3,2025-11-05,06/11/2025,la lisa surabaya,1370487,0,Budget
2025-11-05,Pelita Air,08:30,10:05,1h 35m,0,960268,CGK,SUB,Economy,10,Surabaya,bookingcom,ibis Surabaya Tidar,419381,Surabaya,Indonesia,4,9.0,2025-11-05,06/11/2025,ibis surabaya tidar,1379649,0,Budget
2025-11-05,Pelita Air,08:30,10:05,1h 35m,0,960268,CGK,SUB,Economy,10,Surabaya,bookingcom,Surabaya Suites Hotel Powered by Archipelago,425417,Surabaya,Indonesia,4,9.4,2025-11-05,06/11/2025,archipelago by powered suites surabaya,1385685,0,Budget
2025-11-05,Pelita Air,08:30,10:05,1h 35m,0,960268,CGK,SUB,Economy,10,Surabaya,bookingcom,Kana Citra Guesthouse,440396,Surabaya,Indonesia,2,8.7,2025-11-05,06/11/2025,citra kana,1400664,0,Budget
2025-11-05,Pelita Air,08:30,10:05,1h 35m,0,960268,CGK,SUB,Economy,10,Surabaya,bookingcom,Deka Hotel Surabaya HR Muhammad,450179,Surabaya,Indonesia,5,8.4,2025-11-05,06/11/2025,deka hr muhammad surabaya,1410447,0,Budget
2025-11-05,Pelita Air,08:30,10:05,1h 35m,0,960268,CGK,SUB,Economy,10,Surabaya,bookingcom,KHAS Surabaya,450289,Surabaya,Indonesia,5,8.3,2025-11-05,06/11/2025,khas surabaya,1410557,0,Budget
2025-11-05,Pelita Air,08:30,10:05,1h 35m,0,960268,CGK,SUB,Economy,10,Surabaya,bookingcom,MaxOneHotel Tidar Surabaya,454500,Surabaya,Indonesia,4,9.4,2025-11-05,06/11/2025,maxonehotel surabaya tidar,1414768,0,Budget
2025-11-05,Pelita Air,08:30,10:05,1h 35m,0,960268,CGK,SUB,Economy,10,Surabaya,bookingcom,Aston Inn Jemursari,463776,Surabaya,Indonesia,5,8.8,2025-11-05,06/11/2025,aston jemursari,1424044,0,Budget
2025-11-05,Pelita Air,08:30,10:05,1h 35m,0,960268,CGK,SUB,Economy,10,Surabaya,bookingcom,Hotel Santika Pandegiling - Surabaya,476709,Surabaya,Indonesia,2,7.8,2025-11-05,06/11/2025,pandegiling santika surabaya,1436977,0,Budget
2025-11-05,Pelita Air,08:30,10:05,1h 35m,0,960268,CGK,SUB,Economy,10,Surabaya,bookingcom,Midtown Hotel Surabaya,480690,Surabaya,Indonesia,5,9.0,2025-11-05,06/11/2025,midtown surabaya,1440958,0,Budget
2025-11-05,Pelita Air,08:30,10:05,1h 35m,0,960268,CGK,SUB,Economy,10,Surabaya,bookingcom,Java Paragon Hotel & Residences,590456,Surabaya,Indonesia,4,9.4,2025-11-05,06/11/2025,java paragon residences,1550724,0,Budget
2025-11-05,Pelita Air,08:30,10:05,1h 35m,0,960268,CGK,SUB,Economy,10,Surabaya,bookingcom,Holiday Inn Express Surabaya CenterPoint by IHG,601152,Surabaya,Indonesia,4,7.7,2025-11-05,06/11/2025,by centerpoint express holiday ihg surabaya,1561420,0,Budget
2025-11-05,Pelita Air,08:30,10:05,1h 35m,0,960268,CGK,SUB,Economy,10,Surabaya,bookingcom,The Southern Hotel Surabaya,602229,Surabaya,Indonesia,4,9.1,2025-11-05,06/11/2025,southern surabaya the,1562497,0,Budget
2025-11-05,Pelita Air,08:30,10:05,1h 35m,0,960268,CGK,SUB,Economy,10,Surabaya,bookingcom,Aria Centra Surabaya,621000,Surabaya,Indonesia,4,8.1,2025-11-05,06/11/2025,aria centra surabaya,1581268,0,Budget
2025-11-05,Pelita Air,08:30,10:05,1h 35m,0,960268,CGK,SUB,Economy,10,Surabaya,bookingcom,Best Western Papilio Hotel,655200,Surabaya,Indonesia,5,8.8,2025-11-05,06/11/2025,best papilio western,1615468,0,Budget
2025-11-05,Pelita Air,08:30,10:05,1h 35m,0,960268,CGK,SUB,Economy,10,Surabaya,bookingcom,Mercure Surabaya Grand Mirama,678681,Surabaya,Indonesia,5,9.3,2025-11-05,06/11/2025,grand mercure mirama surabaya,1638949,0,Budget
2025-11-05,Pelita Air,08:30,10:05,1h 35m,0,960268,CGK,SUB,Economy,10,Surabaya,bookingcom,HARRIS Hotel & Conventions Bundaran Satelit Surabaya,684000,Surabaya,Indonesia,5,8.8,2025-11-05,06/11/2025,bundaran conventions harris satelit surabaya,1644268,0,Budget
2025-11-05,Pelita Air,08:30,10:05,1h 35m,0,960268,CGK,SUB,Economy,10,Surabaya,bookingcom,Kampi Hotel Tunjungan - Surabaya,690000,Surabaya,Indonesia,4,9.2,2025-11-05,06/11/2025,kampi surabaya tunjungan,1650268,0,Budget
2025-11-05,Pelita Air,08:30,10:05,1h 35m,0,960268,CGK,SUB,Economy,10,Surabaya,bookingcom,Swiss-Belinn Tunjungan Surabaya,765000,Surabaya,Indonesia,5,9.0,2025-11-05,06/11/2025,surabaya swissbelinn tunjungan,1725268,0,Budget
2025-11-05,Pelita Air,08:30,10:05,1h 35m,0,960268,CGK,SUB,Economy,10,Surabaya,bookingcom,Grand Swiss-Belhotel Darmo,771900,Surabaya,Indonesia,5,9.3,2025-11-05,06/11/2025,darmo grand swissbelhotel,1732168,0,Budget
2025-11-05,Pelita Air,08:30,10:05,1h 35m,0,960268,CGK,SUB,Economy,10,Surabaya,bookingcom,Wyndham Surabaya,807500,Surabaya,Indonesia,5,9.2,2025-11-05,06/11/2025,surabaya wyndham,1767768,0,Budget
2025-11-05,Pelita Air,08:30,10:05,1h 35m,0,960268,CGK,SUB,Economy,10,Surabaya,bookingcom,Novotel Samator Surabaya Timur,813846,Surabaya,Indonesia,5,8.8,2025-11-05,06/11/2025,novotel samator surabaya timur,1774114,0,Budget
2025-11-05,Pelita Air,08:30,10:05,1h 35m,0,960268,CGK,SUB,Economy,10,Surabaya,bookingcom,Bumi Surabaya City Resort,822924,Surabaya,Indonesia,5,9.2,2025-11-05,06/11/2025,bumi city surabaya,1783192,0,Budget
2025-11-05,Pelita Air,08:30,10:05,1h 35m,0,960268,CGK,SUB,Economy,10,Surabaya,bookingcom,Aloft Surabaya Pakuwon City,871200,Surabaya,Indonesia,4,10.0,2025-11-05,06/11/2025,aloft city pakuwon surabaya,1831468,0,Budget
2025-11-05,Pelita Air,08:30,10:05,1h 35m,0,960268,CGK,SUB,Economy,10,Surabaya,bookingcom,Movenpick Surabaya City,910800,Surabaya,Indonesia,5,9.0,2025-11-05,06/11/2025,city movenpick surabaya,1871068,0,Budget
2025-11-05,Pelita Air,08:30,10:05,1h 35m,0,960268,CGK,SUB,Economy,10,Surabaya,bookingcom,Oakwood Hotel & Residence Surabaya,1087063,Surabaya,Indonesia,5,9.8,2025-11-05,06/11/2025,oakwood residence surabaya,2047331,0,Budget
2025-11-05,Pelita Air,08:30,10:05,1h 35m,0,960268,CGK,SUB,Economy,10,Surabaya,bookingcom,Platinum Hotel Tunjungan Surabaya,1090545,Surabaya,Indonesia,4,9.4,2025-11-05,06/11/2025,platinum surabaya tunjungan,2050813,0,Budget
2025-11-05,Pelita Air,08:30,10:05,1h 35m,0,960268,CGK,SUB,Economy,10,Surabaya,bookingcom,DoubleTree by Hilton Surabaya,1258884,Surabaya,Indonesia,5,9.4,2025-11-05,06/11/2025,by doubletree hilton surabaya,2219152,0,Budget
2025-11-05,Pelita Air,08:30,10:05,1h 35m,0,960268,CGK,SUB,Economy,10,Surabaya,bookingcom,Vasa Hotel Surabaya,1266305,Surabaya,Indonesia,5,9.0,2025-11-05,06/11/2025,surabaya vasa,2226573,0,Budget
2025-11-05,Pelita Air,08:30,10:05,1h 35m,0,960268,CGK,SUB,Economy,10,Surabaya,bookingcom,Hotel Ciputra World Surabaya managed by Swiss-Belhotel International,1330000,Surabaya,Indonesia,5,9.4,2025-11-05,06/11/2025,by ciputra international managed surabaya swissbelhotel world,2290268,0,Budget
2025-11-05,Pelita Air,08:30,10:05,1h 35m,0,960268,CGK,SUB,Economy,10,Surabaya,bookingcom,Ascott Waterplace Surabaya,1377000,Surabaya,Indonesia,5,9.3,2025-11-05,06/11/2025,ascott surabaya waterplace,2337268,0,Budget
2025-11-05,Pelita Air,08:30,10:05,1h 35m,0,960268,CGK,SUB,Economy,10,Surabaya,bookingcom,Shangri-la Surabaya,1431430,Surabaya,Indonesia,5,8.9,2025-11-05,06/11/2025,shangrila surabaya,2391698,0,Budget
2025-11-05,Pelita Air,08:30,10:05,1h 35m,0,960268,CGK,SUB,Economy,10,Surabaya,bookingcom,"Four Points by Sheraton Surabaya, Tunjungan Plaza",1524600,Surabaya,Indonesia,4,9.5,2025-11-05,06/11/2025,by four plaza points sheraton surabaya tunjungan,2484868,0,Budget
2025-11-05,Pelita Air,08:30,10:05,1h 35m,0,960268,CGK,SUB,Economy,10,Surabaya,bookingcom,"Four Points by Sheraton Surabaya, Pakuwon Indah",1548800,Surabaya,Indonesia,5,9.6,2025-11-05,06/11/2025,by four indah pakuwon points sheraton surabaya,2509068,0,Budget
2025-11-05,Pelita Air,08:30,10:05,1h 35m,0,960268,CGK,SUB,Economy,10,Surabaya,bookingcom,Hotel Majapahit Surabaya MGallery,1647000,Surabaya,Indonesia,5,9.3,2025-11-05,06/11/2025,majapahit mgallery surabaya,2607268,0,Budget
2025-11-05,Pelita Air,08:30,10:05,1h 35m,0,960268,CGK,SUB,Economy,10,Surabaya,bookingcom,Sheraton Surabaya Hotel & Towers,1936000,Surabaya,Indonesia,2,8.7,2025-11-05,06/11/2025,sheraton surabaya towers,2896268,0,Budget
2025-11-05,Pelita Air,08:30,10:05,1h 35m,0,960268,CGK,SUB,Economy,10,Surabaya,bookingcom,JW Marriott Hotel Surabaya,1996500,Surabaya,Indonesia,5,9.4,2025-11-05,06/11/2025,jw marriott surabaya,2956768,0,Budget
2025-11-05,Pelita Air,10:40,12:15,1h 35m,0,960268,CGK,SUB,Economy,10,Surabaya,bookingcom,Rebahan Stay,220500,Surabaya,Indonesia,2,8.5,2025-11-05,06/11/2025,rebahan stay,1180768,0,Budget
2025-11-05,Pelita Air,10:40,12:15,1h 35m,0,960268,CGK,SUB,Economy,10,Surabaya,bookingcom,Collection O 30 Amega Crown Sub,237927,Surabaya,Indonesia,5,9.2,2025-11-05,06/11/2025,30 amega collection crown o sub,1198195,0,Budget
2025-11-05,Pelita Air,10:40,12:15,1h 35m,0,960268,CGK,SUB,Economy,10,Surabaya,bookingcom,Hadi Park,260000,Surabaya,Indonesia,4,8.6,2025-11-05,06/11/2025,hadi park,1220268,0,Budget
2025-11-05,Pelita Air,10:40,12:15,1h 35m,0,960268,CGK,SUB,Economy,10,Surabaya,bookingcom,POP! Hotel Diponegoro,308000,Surabaya,Indonesia,3,7.0,2025-11-05,06/11/2025,diponegoro pop,1268268,0,Budget
2025-11-05,Pelita Air,10:40,12:15,1h 35m,0,960268,CGK,SUB,Economy,10,Surabaya,bookingcom,Choice City Hotel,322007,Surabaya,Indonesia,5,8.9,2025-11-05,06/11/2025,choice city,1282275,0,Budget
2025-11-05,Pelita Air,10:40,12:15,1h 35m,0,960268,CGK,SUB,Economy,10,Surabaya,bookingcom,favehotel MEX Tunjungan Surabaya,339583,Surabaya,Indonesia,5,9.0,2025-11-05,06/11/2025,favehotel mex surabaya tunjungan,1299851,0,Budget
2025-11-05,Pelita Air,10:40,12:15,1h 35m,0,960268,CGK,SUB,Economy,10,Surabaya,bookingcom,favehotel Rungkut Surabaya,347873,Surabaya,Indonesia,4,8.9,2025-11-05,06/11/2025,favehotel rungkut surabaya,1308141,0,Budget
2025-11-05,Pelita Air,10:40,12:15,1h 35m,0,960268,CGK,SUB,Economy,10,Surabaya,bookingcom,Amaris Hotel Darmo Surabaya,365499,Surabaya,Indonesia,3,9.2,2025-11-05,06/11/2025,amaris darmo surabaya,1325767,0,Budget
2025-11-05,Pelita Air,10:40,12:15,1h 35m,0,960268,CGK,SUB,Economy,10,Surabaya,bookingcom,Amaris Hotel Margorejo Surabaya,375000,Surabaya,Indonesia,4,9.3,2025-11-05,06/11/2025,amaris margorejo surabaya,1335268,0,Budget
2025-11-05,Pelita Air,10:40,12:15,1h 35m,0,960268,CGK,SUB,Economy,10,Surabaya,bookingcom,Surabaya River View Hotel,380704,Surabaya,Indonesia,5,9.2,2025-11-05,06/11/2025,river surabaya view,1340972,0,Budget
2025-11-05,Pelita Air,10:40,12:15,1h 35m,0,960268,CGK,SUB,Economy,10,Surabaya,bookingcom,Ibis Surabaya City Center,403750,Surabaya,Indonesia,3,8.6,2025-11-05,06/11/2025,center city ibis surabaya,1364018,0,Budget
2025-11-05,Pelita Air,10:40,12:15,1h 35m,0,960268,CGK,SUB,Economy,10,Surabaya,bookingcom,Kokoon Hotel Surabaya,409101,Surabaya,Indonesia,4,8.5,2025-11-05,06/11/2025,kokoon surabaya,1369369,0,Budget
2025-11-05,Pelita Air,10:40,12:15,1h 35m,0,960268,CGK,SUB,Economy,10,Surabaya,bookingcom,La Lisa Hotel Surabaya,410219,Surabaya,Indonesia,5,9.3,2025-11-05,06/11/2025,la lisa surabaya,1370487,0,Budget
2025-11-05,Pelita Air,10:40,12:15,1h 35m,0,960268,CGK,SUB,Economy,10,Surabaya,bookingcom,ibis Surabaya Tidar,419381,Surabaya,Indonesia,4,9.0,2025-11-05,06/11/2025,ibis surabaya tidar,1379649,0,Budget
2025-11-05,Pelita Air,10:40,12:15,1h 35m,0,960268,CGK,SUB,Economy,10,Surabaya,bookingcom,Surabaya Suites Hotel Powered by Archipelago,425417,Surabaya,Indonesia,4,9.4,2025-11-05,06/11/2025,archipelago by powered suites surabaya,1385685,0,Budget
2025-11-05,Pelita Air,10:40,12:15,1h 35m,0,960268,CGK,SUB,Economy,10,Surabaya,bookingcom,Kana Citra Guesthouse,440396,Surabaya,Indonesia,2,8.7,2025-11-05,06/11/2025,citra kana,1400664,0,Budget
2025-11-05,Pelita Air,10:40,12:15,1h 35m,0,960268,CGK,SUB,Economy,10,Surabaya,bookingcom,Deka Hotel Surabaya HR Muhammad,450179,Surabaya,Indonesia,5,8.4,2025-11-05,06/11/2025,deka hr muhammad surabaya,1410447,0,Budget
2025-11-05,Pelita Air,10:40,12:15,1h 35m,0,960268,CGK,SUB,Economy,10,Surabaya,bookingcom,KHAS Surabaya,450289,Surabaya,Indonesia,5,8.3,2025-11-05,06/11/2025,khas surabaya,1410557,0,Budget
2025-11-05,Pelita Air,10:40,12:15,1h 35m,0,960268,CGK,SUB,Economy,10,Surabaya,bookingcom,MaxOneHotel Tidar Surabaya,454500,Surabaya,Indonesia,4,9.4,2025-11-05,06/11/2025,maxonehotel surabaya tidar,1414768,0,Budget
2025-11-05,Pelita Air,10:40,12:15,1h 35m,0,960268,CGK,SUB,Economy,10,Surabaya,bookingcom,Aston Inn Jemursari,463776,Surabaya,Indonesia,5,8.8,2025-11-05,06/11/2025,aston jemursari,1424044,0,Budget
2025-11-05,Pelita Air,10:40,12:15,1h 35m,0,960268,CGK,SUB,Economy,10,Surabaya,bookingcom,Hotel Santika Pandegiling - Surabaya,476709,Surabaya,Indonesia,2,7.8,2025-11-05,06/11/2025,pandegiling santika surabaya,1436977,0,Budget
2025-11-05,Pelita Air,10:40,12:15,1h 35m,0,960268,CGK,SUB,Economy,10,Surabaya,bookingcom,Midtown Hotel Surabaya,480690,Surabaya,Indonesia,5,9.0,2025-11-05,06/11/2025,midtown surabaya,1440958,0,Budget
2025-11-05,Pelita Air,10:40,12:15,1h 35m,0,960268,CGK,SUB,Economy,10,Surabaya,bookingcom,Java Paragon Hotel & Residences,590456,Surabaya,Indonesia,4,9.4,2025-11-05,06/11/2025,java paragon residences,1550724,0,Budget
2025-11-05,Pelita Air,10:40,12:15,1h 35m,0,960268,CGK,SUB,Economy,10,Surabaya,bookingcom,Holiday Inn Express Surabaya CenterPoint by IHG,601152,Surabaya,Indonesia,4,7.7,2025-11-05,06/11/2025,by centerpoint express holiday ihg surabaya,1561420,0,Budget
2025-11-05,Pelita Air,10:40,12:15,1h 35m,0,960268,CGK,SUB,Economy,10,Surabaya,bookingcom,The Southern Hotel Surabaya,602229,Surabaya,Indonesia,4,9.1,2025-11-05,06/11/2025,southern surabaya the,1562497,0,Budget
2025-11-05,Pelita Air,10:40,12:15,1h 35m,0,960268,CGK,SUB,Economy,10,Surabaya,bookingcom,Aria Centra Surabaya,621000,Surabaya,Indonesia,4,8.1,2025-11-05,06/11/2025,aria centra surabaya,1581268,0,Budget
2025-11-05,Pelita Air,10:40,12:15,1h 35m,0,960268,CGK,SUB,Economy,10,Surabaya,bookingcom,Best Western Papilio Hotel,655200,Surabaya,Indonesia,5,8.8,2025-11-05,06/11/2025,best papilio western,1615468,0,Budget
2025-11-05,Pelita Air,10:40,12:15,1h 35m,0,960268,CGK,SUB,Economy,10,Surabaya,bookingcom,Mercure Surabaya Grand Mirama,678681,Surabaya,Indonesia,5,9.3,2025-11-05,06/11/2025,grand mercure mirama surabaya,1638949,0,Budget
2025-11-05,Pelita Air,10:40,12:15,1h 35m,0,960268,CGK,SUB,Economy,10,Surabaya,bookingcom,HARRIS Hotel & Conventions Bundaran Satelit Surabaya,684000,Surabaya,Indonesia,5,8.8,2025-11-05,06/11/2025,bundaran conventions harris satelit surabaya,1644268,0,Budget
2025-11-05,Pelita Air,10:40,12:15,1h 35m,0,960268,CGK,SUB,Economy,10,Surabaya,bookingcom,Kampi Hotel Tunjungan - Surabaya,690000,Surabaya,Indonesia,4,9.2,2025-11-05,06/11/2025,kampi surabaya tunjungan,1650268,0,Budget
2025-11-05,Pelita Air,10:40,12:15,1h 35m,0,960268,CGK,SUB,Economy,10,Surabaya,bookingcom,Swiss-Belinn Tunjungan Surabaya,765000,Surabaya,Indonesia,5,9.0,2025-11-05,06/11/2025,surabaya swissbelinn tunjungan,1725268,0,Budget
2025-11-05,Pelita Air,10:40,12:15,1h 35m,0,960268,CGK,SUB,Economy,10,Surabaya,bookingcom,Grand Swiss-Belhotel Darmo,771900,Surabaya,Indonesia,5,9.3,2025-11-05,06/11/2025,darmo grand swissbelhotel,1732168,0,Budget
2025-11-05,Pelita Air,10:40,12:15,1h 35m,0,960268,CGK,SUB,Economy,10,Surabaya,bookingcom,Wyndham Surabaya,807500,Surabaya,Indonesia,5,9.2,2025-11-05,06/11/2025,surabaya wyndham,1767768,0,Budget
2025-11-05,Pelita Air,10:40,12:15,1h 35m,0,960268,CGK,SUB,Economy,10,Surabaya,bookingcom,Novotel Samator Surabaya Timur,813846,Surabaya,Indonesia,5,8.8,2025-11-05,06/11/2025,novotel samator surabaya timur,1774114,0,Budget
2025-11-05,Pelita Air,10:40,12:15,1h 35m,0,960268,CGK,SUB,Economy,10,Surabaya,bookingcom,Bumi Surabaya City Resort,822924,Surabaya,Indonesia,5,9.2,2025-11-05,06/11/2025,bumi city surabaya,1783192,0,Budget
2025-11-05,Pelita Air,10:40,12:15,1h 35m,0,960268,CGK,SUB,Economy,10,Surabaya,bookingcom,Aloft Surabaya Pakuwon City,871200,Surabaya,Indonesia,4,10.0,2025-11-05,06/11/2025,aloft city pakuwon surabaya,1831468,0,Budget
2025-11-05,Pelita Air,10:40,12:15,1h 35m,0,960268,CGK,SUB,Economy,10,Surabaya,bookingcom,Movenpick Surabaya City,910800,Surabaya,Indonesia,5,9.0,2025-11-05,06/11/2025,city movenpick surabaya,1871068,0,Budget
2025-11-05,Pelita Air,10:40,12:15,1h 35m,0,960268,CGK,SUB,Economy,10,Surabaya,bookingcom,Oakwood Hotel & Residence Surabaya,1087063,Surabaya,Indonesia,5,9.8,2025-11-05,06/11/2025,oakwood residence surabaya,2047331,0,Budget
2025-11-05,Pelita Air,10:40,12:15,1h 35m,0,960268,CGK,SUB,Economy,10,Surabaya,bookingcom,Platinum Hotel Tunjungan Surabaya,1090545,Surabaya,Indonesia,4,9.4,2025-11-05,06/11/2025,platinum surabaya tunjungan,2050813,0,Budget
2025-11-05,Pelita Air,10:40,12:15,1h 35m,0,960268,CGK,SUB,Economy,10,Surabaya,bookingcom,DoubleTree by Hilton Surabaya,1258884,Surabaya,Indonesia,5,9.4,2025-11-05,06/11/2025,by doubletree hilton surabaya,2219152,0,Budget
2025-11-05,Pelita Air,10:40,12:15,1h 35m,0,960268,CGK,SUB,Economy,10,Surabaya,bookingcom,Vasa Hotel Surabaya,1266305,Surabaya,Indonesia,5,9.0,2025-11-05,06/11/2025,surabaya vasa,2226573,0,Budget
2025-11-05,Pelita Air,10:40,12:15,1h 35m,0,960268,CGK,SUB,Economy,10,Surabaya,bookingcom,Hotel Ciputra World Surabaya managed by Swiss-Belhotel International,1330000,Surabaya,Indonesia,5,9.4,2025-11-05,06/11/2025,by ciputra international managed surabaya swissbelhotel world,2290268,0,Budget
2025-11-05,Pelita Air,10:40,12:15,1h 35m,0,960268,CGK,SUB,Economy,10,Surabaya,bookingcom,Ascott Waterplace Surabaya,1377000,Surabaya,Indonesia,5,9.3,2025-11-05,06/11/2025,ascott surabaya waterplace,2337268,0,Budget
2025-11-05,Pelita Air,10:40,12:15,1h 35m,0,960268,CGK,SUB,Economy,10,Surabaya,bookingcom,Shangri-la Surabaya,1431430,Surabaya,Indonesia,5,8.9,2025-11-05,06/11/2025,shangrila surabaya,2391698,0,Budget
2025-11-05,Pelita Air,10:40,12:15,1h 35m,0,960268,CGK,SUB,Economy,10,Surabaya,bookingcom,"Four Points by Sheraton Surabaya, Tunjungan Plaza",1524600,Surabaya,Indonesia,4,9.5,2025-11-05,06/11/2025,by four plaza points sheraton surabaya tunjungan,2484868,0,Budget
2025-11-05,Pelita Air,10:40,12:15,1h 35m,0,960268,CGK,SUB,Economy,10,Surabaya,bookingcom,"Four Points by Sheraton Surabaya, Pakuwon Indah",1548800,Surabaya,Indonesia,5,9.6,2025-11-05,06/11/2025,by four indah pakuwon points sheraton surabaya,2509068,0,Budget
2025-11-05,Pelita Air,10:40,12:15,1h 35m,0,960268,CGK,SUB,Economy,10,Surabaya,bookingcom,Hotel Majapahit Surabaya MGallery,1647000,Surabaya,Indonesia,5,9.3,2025-11-05,06/11/2025,majapahit mgallery surabaya,2607268,0,Budget
2025-11-05,Pelita Air,10:40,12:15,1h 35m,0,960268,CGK,SUB,Economy,10,Surabaya,bookingcom,Sheraton Surabaya Hotel & Towers,1936000,Surabaya,Indonesia,2,8.7,2025-11-05,06/11/2025,sheraton surabaya towers,2896268,0,Budget
2025-11-05,Pelita Air,10:40,12:15,1h 35m,0,960268,CGK,SUB,Economy,10,Surabaya,bookingcom,JW Marriott Hotel Surabaya,1996500,Surabaya,Indonesia,5,9.4,2025-11-05,06/11/2025,jw marriott surabaya,2956768,0,Budget
2025-11-05,Pelita Air,14:25,16:00,1h 35m,0,960268,CGK,SUB,Economy,10,Surabaya,bookingcom,Rebahan Stay,220500,Surabaya,Indonesia,2,8.5,2025-11-05,06/11/2025,rebahan stay,1180768,0,Budget
2025-11-05,Pelita Air,14:25,16:00,1h 35m,0,960268,CGK,SUB,Economy,10,Surabaya,bookingcom,Collection O 30 Amega Crown Sub,237927,Surabaya,Indonesia,5,9.2,2025-11-05,06/11/2025,30 amega collection crown o sub,1198195,0,Budget
2025-11-05,Pelita Air,14:25,16:00,1h 35m,0,960268,CGK,SUB,Economy,10,Surabaya,bookingcom,Hadi Park,260000,Surabaya,Indonesia,4,8.6,2025-11-05,06/11/2025,hadi park,1220268,0,Budget
2025-11-05,Pelita Air,14:25,16:00,1h 35m,0,960268,CGK,SUB,Economy,10,Surabaya,bookingcom,POP! Hotel Diponegoro,308000,Surabaya,Indonesia,3,7.0,2025-11-05,06/11/2025,diponegoro pop,1268268,0,Budget
2025-11-05,Pelita Air,14:25,16:00,1h 35m,0,960268,CGK,SUB,Economy,10,Surabaya,bookingcom,Choice City Hotel,322007,Surabaya,Indonesia,5,8.9,2025-11-05,06/11/2025,choice city,1282275,0,Budget
2025-11-05,Pelita Air,14:25,16:00,1h 35m,0,960268,CGK,SUB,Economy,10,Surabaya,bookingcom,favehotel MEX Tunjungan Surabaya,339583,Surabaya,Indonesia,5,9.0,2025-11-05,06/11/2025,favehotel mex surabaya tunjungan,1299851,0,Budget
2025-11-05,Pelita Air,14:25,16:00,1h 35m,0,960268,CGK,SUB,Economy,10,Surabaya,bookingcom,favehotel Rungkut Surabaya,347873,Surabaya,Indonesia,4,8.9,2025-11-05,06/11/2025,favehotel rungkut surabaya,1308141,0,Budget
2025-11-05,Pelita Air,14:25,16:00,1h 35m,0,960268,CGK,SUB,Economy,10,Surabaya,bookingcom,Amaris Hotel Darmo Surabaya,365499,Surabaya,Indonesia,3,9.2,2025-11-05,06/11/2025,amaris darmo surabaya,1325767,0,Budget
2025-11-05,Pelita Air,14:25,16:00,1h 35m,0,960268,CGK,SUB,Economy,10,Surabaya,bookingcom,Amaris Hotel Margorejo Surabaya,375000,Surabaya,Indonesia,4,9.3,2025-11-05,06/11/2025,amaris margorejo surabaya,1335268,0,Budget
2025-11-05,Pelita Air,14:25,16:00,1h 35m,0,960268,CGK,SUB,Economy,10,Surabaya,bookingcom,Surabaya River View Hotel,380704,Surabaya,Indonesia,5,9.2,2025-11-05,06/11/2025,river surabaya view,1340972,0,Budget
2025-11-05,Pelita Air,14:25,16:00,1h 35m,0,960268,CGK,SUB,Economy,10,Surabaya,bookingcom,Ibis Surabaya City Center,403750,Surabaya,Indonesia,3,8.6,2025-11-05,06/11/2025,center city ibis surabaya,1364018,0,Budget
2025-11-05,Pelita Air,14:25,16:00,1h 35m,0,960268,CGK,SUB,Economy,10,Surabaya,bookingcom,Kokoon Hotel Surabaya,409101,Surabaya,Indonesia,4,8.5,2025-11-05,06/11/2025,kokoon surabaya,1369369,0,Budget
2025-11-05,Pelita Air,14:25,16:00,1h 35m,0,960268,CGK,SUB,Economy,10,Surabaya,bookingcom,La Lisa Hotel Surabaya,410219,Surabaya,Indonesia,5,9.3,2025-11-05,06/11/2025,la lisa surabaya,1370487,0,Budget
2025-11-05,Pelita Air,14:25,16:00,1h 35m,0,960268,CGK,SUB,Economy,10,Surabaya,bookingcom,ibis Surabaya Tidar,419381,Surabaya,Indonesia,4,9.0,2025-11-05,06/11/2025,ibis surabaya tidar,1379649,0,Budget
2025-11-05,Pelita Air,14:25,16:00,1h 35m,0,960268,CGK,SUB,Economy,10,Surabaya,bookingcom,Surabaya Suites Hotel Powered by Archipelago,425417,Surabaya,Indonesia,4,9.4,2025-11-05,06/11/2025,archipelago by powered suites surabaya,1385685,0,Budget
2025-11-05,Pelita Air,14:25,16:00,1h 35m,0,960268,CGK,SUB,Economy,10,Surabaya,bookingcom,Kana Citra Guesthouse,440396,Surabaya,Indonesia,2,8.7,2025-11-05,06/11/2025,citra kana,1400664,0,Budget
2025-11-05,Pelita Air,14:25,16:00,1h 35m,0,960268,CGK,SUB,Economy,10,Surabaya,bookingcom,Deka Hotel Surabaya HR Muhammad,450179,Surabaya,Indonesia,5,8.4,2025-11-05,06/11/2025,deka hr muhammad surabaya,1410447,0,Budget
2025-11-05,Pelita Air,14:25,16:00,1h 35m,0,960268,CGK,SUB,Economy,10,Surabaya,bookingcom,KHAS Surabaya,450289,Surabaya,Indonesia,5,8.3,2025-11-05,06/11/2025,khas surabaya,1410557,0,Budget
2025-11-05,Pelita Air,14:25,16:00,1h 35m,0,960268,CGK,SUB,Economy,10,Surabaya,bookingcom,MaxOneHotel Tidar Surabaya,454500,Surabaya,Indonesia,4,9.4,2025-11-05,06/11/2025,maxonehotel surabaya tidar,1414768,0,Budget
2025-11-05,Pelita Air,14:25,16:00,1h 35m,0,960268,CGK,SUB,Economy,10,Surabaya,bookingcom,Aston Inn Jemursari,463776,Surabaya,Indonesia,5,8.8,2025-11-05,06/11/2025,aston jemursari,1424044,0,Budget
2025-11-05,Pelita Air,14:25,16:00,1h 35m,0,960268,CGK,SUB,Economy,10,Surabaya,bookingcom,Hotel Santika Pandegiling - Surabaya,476709,Surabaya,Indonesia,2,7.8,2025-11-05,06/11/2025,pandegiling santika surabaya,1436977,0,Budget
2025-11-05,Pelita Air,14:25,16:00,1h 35m,0,960268,CGK,SUB,Economy,10,Surabaya,bookingcom,Midtown Hotel Surabaya,480690,Surabaya,Indonesia,5,9.0,2025-11-05,06/11/2025,midtown surabaya,1440958,0,Budget
2025-11-05,Pelita Air,14:25,16:00,1h 35m,0,960268,CGK,SUB,Economy,10,Surabaya,bookingcom,Java Paragon Hotel & Residences,590456,Surabaya,Indonesia,4,9.4,2025-11-05,06/11/2025,java paragon residences,1550724,0,Budget
2025-11-05,Pelita Air,14:25,16:00,1h 35m,0,960268,CGK,SUB,Economy,10,Surabaya,bookingcom,Holiday Inn Express Surabaya CenterPoint by IHG,601152,Surabaya,Indonesia,4,7.7,2025-11-05,06/11/2025,by centerpoint express holiday ihg surabaya,1561420,0,Budget
2025-11-05,Pelita Air,14:25,16:00,1h 35m,0,960268,CGK,SUB,Economy,10,Surabaya,bookingcom,The Southern Hotel Surabaya,602229,Surabaya,Indonesia,4,9.1,2025-11-05,06/11/2025,southern surabaya the,1562497,0,Budget
2025-11-05,Pelita Air,14:25,16:00,1h 35m,0,960268,CGK,SUB,Economy,10,Surabaya,bookingcom,Aria Centra Surabaya,621000,Surabaya,Indonesia,4,8.1,2025-11-05,06/11/2025,aria centra surabaya,1581268,0,Budget
2025-11-05,Pelita Air,14:25,16:00,1h 35m,0,960268,CGK,SUB,Economy,10,Surabaya,bookingcom,Best Western Papilio Hotel,655200,Surabaya,Indonesia,5,8.8,2025-11-05,06/11/2025,best papilio western,1615468,0,Budget
2025-11-05,Pelita Air,14:25,16:00,1h 35m,0,960268,CGK,SUB,Economy,10,Surabaya,bookingcom,Mercure Surabaya Grand Mirama,678681,Surabaya,Indonesia,5,9.3,2025-11-05,06/11/2025,grand mercure mirama surabaya,1638949,0,Budget
2025-11-05,Pelita Air,14:25,16:00,1h 35m,0,960268,CGK,SUB,Economy,10,Surabaya,bookingcom,HARRIS Hotel & Conventions Bundaran Satelit Surabaya,684000,Surabaya,Indonesia,5,8.8,2025-11-05,06/11/2025,bundaran conventions harris satelit surabaya,1644268,0,Budget
2025-11-05,Pelita Air,14:25,16:00,1h 35m,0,960268,CGK,SUB,Economy,10,Surabaya,bookingcom,Kampi Hotel Tunjungan - Surabaya,690000,Surabaya,Indonesia,4,9.2,2025-11-05,06/11/2025,kampi surabaya tunjungan,1650268,0,Budget
2025-11-05,Pelita Air,14:25,16:00,1h 35m,0,960268,CGK,SUB,Economy,10,Surabaya,bookingcom,Swiss-Belinn Tunjungan Surabaya,765000,Surabaya,Indonesia,5,9.0,2025-11-05,06/11/2025,surabaya swissbelinn tunjungan,1725268,0,Budget
2025-11-05,Pelita Air,14:25,16:00,1h 35m,0,960268,CGK,SUB,Economy,10,Surabaya,bookingcom,Grand Swiss-Belhotel Darmo,771900,Surabaya,Indonesia,5,9.3,2025-11-05,06/11/2025,darmo grand swissbelhotel,1732168,0,Budget
2025-11-05,Pelita Air,14:25,16:00,1h 35m,0,960268,CGK,SUB,Economy,10,Surabaya,bookingcom,Wyndham Surabaya,807500,Surabaya,Indonesia,5,9.2,2025-11-05,06/11/2025,surabaya wyndham,1767768,0,Budget
2025-11-05,Pelita Air,14:25,16:00,1h 35m,0,960268,CGK,SUB,Economy,10,Surabaya,bookingcom,Novotel Samator Surabaya Timur,813846,Surabaya,Indonesia,5,8.8,2025-11-05,06/11/2025,novotel samator surabaya timur,1774114,0,Budget
2025-11-05,Pelita Air,14:25,16:00,1h 35m,0,960268,CGK,SUB,Economy,10,Surabaya,bookingcom,Bumi Surabaya City Resort,822924,Surabaya,Indonesia,5,9.2,2025-11-05,06/11/2025,bumi city surabaya,1783192,0,Budget
2025-11-05,Pelita Air,14:25,16:00,1h 35m,0,960268,CGK,SUB,Economy,10,Surabaya,bookingcom,Aloft Surabaya Pakuwon City,871200,Surabaya,Indonesia,4,10.0,2025-11-05,06/11/2025,aloft city pakuwon surabaya,1831468,0,Budget
2025-11-05,Pelita Air,14:25,16:00,1h 35m,0,960268,CGK,SUB,Economy,10,Surabaya,bookingcom,Movenpick Surabaya City,910800,Surabaya,Indonesia,5,9.0,2025-11-05,06/11/2025,city movenpick surabaya,1871068,0,Budget
2025-11-05,Pelita Air,14:25,16:00,1h 35m,0,960268,CGK,SUB,Economy,10,Surabaya,bookingcom,Oakwood Hotel & Residence Surabaya,1087063,Surabaya,Indonesia,5,9.8,2025-11-05,06/11/2025,oakwood residence surabaya,2047331,0,Budget
2025-11-05,Pelita Air,14:25,16:00,1h 35m,0,960268,CGK,SUB,Economy,10,Surabaya,bookingcom,Platinum Hotel Tunjungan Surabaya,1090545,Surabaya,Indonesia,4,9.4,2025-11-05,06/11/2025,platinum surabaya tunjungan,2050813,0,Budget
2025-11-05,Pelita Air,14:25,16:00,1h 35m,0,960268,CGK,SUB,Economy,10,Surabaya,bookingcom,DoubleTree by Hilton Surabaya,1258884,Surabaya,Indonesia,5,9.4,2025-11-05,06/11/2025,by doubletree hilton surabaya,2219152,0,Budget
2025-11-05,Pelita Air,14:25,16:00,1h 35m,0,960268,CGK,SUB,Economy,10,Surabaya,bookingcom,Vasa Hotel Surabaya,1266305,Surabaya,Indonesia,5,9.0,2025-11-05,06/11/2025,surabaya vasa,2226573,0,Budget
2025-11-05,Pelita Air,14:25,16:00,1h 35m,0,960268,CGK,SUB,Economy,10,Surabaya,bookingcom,Hotel Ciputra World Surabaya managed by Swiss-Belhotel International,1330000,Surabaya,Indonesia,5,9.4,2025-11-05,06/11/2025,by ciputra international managed surabaya swissbelhotel world,2290268,0,Budget
2025-11-05,Pelita Air,14:25,16:00,1h 35m,0,960268,CGK,SUB,Economy,10,Surabaya,bookingcom,Ascott Waterplace Surabaya,1377000,Surabaya,Indonesia,5,9.3,2025-11-05,06/11/2025,ascott surabaya waterplace,2337268,0,Budget
2025-11-05,Pelita Air,14:25,16:00,1h 35m,0,960268,CGK,SUB,Economy,10,Surabaya,bookingcom,Shangri-la Surabaya,1431430,Surabaya,Indonesia,5,8.9,2025-11-05,06/11/2025,shangrila surabaya,2391698,0,Budget
2025-11-05,Pelita Air,14:25,16:00,1h 35m,0,960268,CGK,SUB,Economy,10,Surabaya,bookingcom,"Four Points by Sheraton Surabaya, Tunjungan Plaza",1524600,Surabaya,Indonesia,4,9.5,2025-11-05,06/11/2025,by four plaza points sheraton surabaya tunjungan,2484868,0,Budget
2025-11-05,Pelita Air,14:25,16:00,1h 35m,0,960268,CGK,SUB,Economy,10,Surabaya,bookingcom,"Four Points by Sheraton Surabaya, Pakuwon Indah",1548800,Surabaya,Indonesia,5,9.6,2025-11-05,06/11/2025,by four indah pakuwon points sheraton surabaya,2509068,0,Budget
2025-11-05,Pelita Air,14:25,16:00,1h 35m,0,960268,CGK,SUB,Economy,10,Surabaya,bookingcom,Hotel Majapahit Surabaya MGallery,1647000,Surabaya,Indonesia,5,9.3,2025-11-05,06/11/2025,majapahit mgallery surabaya,2607268,0,Budget
2025-11-05,Pelita Air,14:25,16:00,1h 35m,0,960268,CGK,SUB,Economy,10,Surabaya,bookingcom,Sheraton Surabaya Hotel & Towers,1936000,Surabaya,Indonesia,2,8.7,2025-11-05,06/11/2025,sheraton surabaya towers,2896268,0,Budget
2025-11-05,Pelita Air,14:25,16:00,1h 35m,0,960268,CGK,SUB,Economy,10,Surabaya,bookingcom,JW Marriott Hotel Surabaya,1996500,Surabaya,Indonesia,5,9.4,2025-11-05,06/11/2025,jw marriott surabaya,2956768,0,Budget
2025-11-05,Pelita Air,17:15,18:50,1h 35m,0,960268,CGK,SUB,Economy,10,Surabaya,bookingcom,Rebahan Stay,220500,Surabaya,Indonesia,2,8.5,2025-11-05,06/11/2025,rebahan stay,1180768,0,Budget
2025-11-05,Pelita Air,17:15,18:50,1h 35m,0,960268,CGK,SUB,Economy,10,Surabaya,bookingcom,Collection O 30 Amega Crown Sub,237927,Surabaya,Indonesia,5,9.2,2025-11-05,06/11/2025,30 amega collection crown o sub,1198195,0,Budget
2025-11-05,Pelita Air,17:15,18:50,1h 35m,0,960268,CGK,SUB,Economy,10,Surabaya,bookingcom,Hadi Park,260000,Surabaya,Indonesia,4,8.6,2025-11-05,06/11/2025,hadi park,1220268,0,Budget
2025-11-05,Pelita Air,17:15,18:50,1h 35m,0,960268,CGK,SUB,Economy,10,Surabaya,bookingcom,POP! Hotel Diponegoro,308000,Surabaya,Indonesia,3,7.0,2025-11-05,06/11/2025,diponegoro pop,1268268,0,Budget
2025-11-05,Pelita Air,17:15,18:50,1h 35m,0,960268,CGK,SUB,Economy,10,Surabaya,bookingcom,Choice City Hotel,322007,Surabaya,Indonesia,5,8.9,2025-11-05,06/11/2025,choice city,1282275,0,Budget
2025-11-05,Pelita Air,17:15,18:50,1h 35m,0,960268,CGK,SUB,Economy,10,Surabaya,bookingcom,favehotel MEX Tunjungan Surabaya,339583,Surabaya,Indonesia,5,9.0,2025-11-05,06/11/2025,favehotel mex surabaya tunjungan,1299851,0,Budget
2025-11-05,Pelita Air,17:15,18:50,1h 35m,0,960268,CGK,SUB,Economy,10,Surabaya,bookingcom,favehotel Rungkut Surabaya,347873,Surabaya,Indonesia,4,8.9,2025-11-05,06/11/2025,favehotel rungkut surabaya,1308141,0,Budget
2025-11-05,Pelita Air,17:15,18:50,1h 35m,0,960268,CGK,SUB,Economy,10,Surabaya,bookingcom,Amaris Hotel Darmo Surabaya,365499,Surabaya,Indonesia,3,9.2,2025-11-05,06/11/2025,amaris darmo surabaya,1325767,0,Budget
2025-11-05,Pelita Air,17:15,18:50,1h 35m,0,960268,CGK,SUB,Economy,10,Surabaya,bookingcom,Amaris Hotel Margorejo Surabaya,375000,Surabaya,Indonesia,4,9.3,2025-11-05,06/11/2025,amaris margorejo surabaya,1335268,0,Budget
2025-11-05,Pelita Air,17:15,18:50,1h 35m,0,960268,CGK,SUB,Economy,10,Surabaya,bookingcom,Surabaya River View Hotel,380704,Surabaya,Indonesia,5,9.2,2025-11-05,06/11/2025,river surabaya view,1340972,0,Budget
2025-11-05,Pelita Air,17:15,18:50,1h 35m,0,960268,CGK,SUB,Economy,10,Surabaya,bookingcom,Ibis Surabaya City Center,403750,Surabaya,Indonesia,3,8.6,2025-11-05,06/11/2025,center city ibis surabaya,1364018,0,Budget
2025-11-05,Pelita Air,17:15,18:50,1h 35m,0,960268,CGK,SUB,Economy,10,Surabaya,bookingcom,Kokoon Hotel Surabaya,409101,Surabaya,Indonesia,4,8.5,2025-11-05,06/11/2025,kokoon surabaya,1369369,0,Budget
2025-11-05,Pelita Air,17:15,18:50,1h 35m,0,960268,CGK,SUB,Economy,10,Surabaya,bookingcom,La Lisa Hotel Surabaya,410219,Surabaya,Indonesia,5,9.3,2025-11-05,06/11/2025,la lisa surabaya,1370487,0,Budget
2025-11-05,Pelita Air,17:15,18:50,1h 35m,0,960268,CGK,SUB,Economy,10,Surabaya,bookingcom,ibis Surabaya Tidar,419381,Surabaya,Indonesia,4,9.0,2025-11-05,06/11/2025,ibis surabaya tidar,1379649,0,Budget
2025-11-05,Pelita Air,17:15,18:50,1h 35m,0,960268,CGK,SUB,Economy,10,Surabaya,bookingcom,Surabaya Suites Hotel Powered by Archipelago,425417,Surabaya,Indonesia,4,9.4,2025-11-05,06/11/2025,archipelago by powered suites surabaya,1385685,0,Budget
2025-11-05,Pelita Air,17:15,18:50,1h 35m,0,960268,CGK,SUB,Economy,10,Surabaya,bookingcom,Kana Citra Guesthouse,440396,Surabaya,Indonesia,2,8.7,2025-11-05,06/11/2025,citra kana,1400664,0,Budget
2025-11-05,Pelita Air,17:15,18:50,1h 35m,0,960268,CGK,SUB,Economy,10,Surabaya,bookingcom,Deka Hotel Surabaya HR Muhammad,450179,Surabaya,Indonesia,5,8.4,2025-11-05,06/11/2025,deka hr muhammad surabaya,1410447,0,Budget
2025-11-05,Pelita Air,17:15,18:50,1h 35m,0,960268,CGK,SUB,Economy,10,Surabaya,bookingcom,KHAS Surabaya,450289,Surabaya,Indonesia,5,8.3,2025-11-05,06/11/2025,khas surabaya,1410557,0,Budget
2025-11-05,Pelita Air,17:15,18:50,1h 35m,0,960268,CGK,SUB,Economy,10,Surabaya,bookingcom,MaxOneHotel Tidar Surabaya,454500,Surabaya,Indonesia,4,9.4,2025-11-05,06/11/2025,maxonehotel surabaya tidar,1414768,0,Budget
2025-11-05,Pelita Air,17:15,18:50,1h 35m,0,960268,CGK,SUB,Economy,10,Surabaya,bookingcom,Aston Inn Jemursari,463776,Surabaya,Indonesia,5,8.8,2025-11-05,06/11/2025,aston jemursari,1424044,0,Budget
2025-11-05,Pelita Air,17:15,18:50,1h 35m,0,960268,CGK,SUB,Economy,10,Surabaya,bookingcom,Hotel Santika Pandegiling - Surabaya,476709,Surabaya,Indonesia,2,7.8,2025-11-05,06/11/2025,pandegiling santika surabaya,1436977,0,Budget
2025-11-05,Pelita Air,17:15,18:50,1h 35m,0,960268,CGK,SUB,Economy,10,Surabaya,bookingcom,Midtown Hotel Surabaya,480690,Surabaya,Indonesia,5,9.0,2025-11-05,06/11/2025,midtown surabaya,1440958,0,Budget
2025-11-05,Pelita Air,17:15,18:50,1h 35m,0,960268,CGK,SUB,Economy,10,Surabaya,bookingcom,Java Paragon Hotel & Residences,590456,Surabaya,Indonesia,4,9.4,2025-11-05,06/11/2025,java paragon residences,1550724,0,Budget
2025-11-05,Pelita Air,17:15,18:50,1h 35m,0,960268,CGK,SUB,Economy,10,Surabaya,bookingcom,Holiday Inn Express Surabaya CenterPoint by IHG,601152,Surabaya,Indonesia,4,7.7,2025-11-05,06/11/2025,by centerpoint express holiday ihg surabaya,1561420,0,Budget
2025-11-05,Pelita Air,17:15,18:50,1h 35m,0,960268,CGK,SUB,Economy,10,Surabaya,bookingcom,The Southern Hotel Surabaya,602229,Surabaya,Indonesia,4,9.1,2025-11-05,06/11/2025,southern surabaya the,1562497,0,Budget
2025-11-05,Pelita Air,17:15,18:50,1h 35m,0,960268,CGK,SUB,Economy,10,Surabaya,bookingcom,Aria Centra Surabaya,621000,Surabaya,Indonesia,4,8.1,2025-11-05,06/11/2025,aria centra surabaya,1581268,0,Budget
2025-11-05,Pelita Air,17:15,18:50,1h 35m,0,960268,CGK,SUB,Economy,10,Surabaya,bookingcom,Best Western Papilio Hotel,655200,Surabaya,Indonesia,5,8.8,2025-11-05,06/11/2025,best papilio western,1615468,0,Budget
2025-11-05,Pelita Air,17:15,18:50,1h 35m,0,960268,CGK,SUB,Economy,10,Surabaya,bookingcom,Mercure Surabaya Grand Mirama,678681,Surabaya,Indonesia,5,9.3,2025-11-05,06/11/2025,grand mercure mirama surabaya,1638949,0,Budget
2025-11-05,Pelita Air,17:15,18:50,1h 35m,0,960268,CGK,SUB,Economy,10,Surabaya,bookingcom,HARRIS Hotel & Conventions Bundaran Satelit Surabaya,684000,Surabaya,Indonesia,5,8.8,2025-11-05,06/11/2025,bundaran conventions harris satelit surabaya,1644268,0,Budget
2025-11-05,Pelita Air,17:15,18:50,1h 35m,0,960268,CGK,SUB,Economy,10,Surabaya,bookingcom,Kampi Hotel Tunjungan - Surabaya,690000,Surabaya,Indonesia,4,9.2,2025-11-05,06/11/2025,kampi surabaya tunjungan,1650268,0,Budget
2025-11-05,Pelita Air,17:15,18:50,1h 35m,0,960268,CGK,SUB,Economy,10,Surabaya,bookingcom,Swiss-Belinn Tunjungan Surabaya,765000,Surabaya,Indonesia,5,9.0,2025-11-05,06/11/2025,surabaya swissbelinn tunjungan,1725268,0,Budget
2025-11-05,Pelita Air,17:15,18:50,1h 35m,0,960268,CGK,SUB,Economy,10,Surabaya,bookingcom,Grand Swiss-Belhotel Darmo,771900,Surabaya,Indonesia,5,9.3,2025-11-05,06/11/2025,darmo grand swissbelhotel,1732168,0,Budget
2025-11-05,Pelita Air,17:15,18:50,1h 35m,0,960268,CGK,SUB,Economy,10,Surabaya,bookingcom,Wyndham Surabaya,807500,Surabaya,Indonesia,5,9.2,2025-11-05,06/11/2025,surabaya wyndham,1767768,0,Budget
2025-11-05,Pelita Air,17:15,18:50,1h 35m,0,960268,CGK,SUB,Economy,10,Surabaya,bookingcom,Novotel Samator Surabaya Timur,813846,Surabaya,Indonesia,5,8.8,2025-11-05,06/11/2025,novotel samator surabaya timur,1774114,0,Budget
2025-11-05,Pelita Air,17:15,18:50,1h 35m,0,960268,CGK,SUB,Economy,10,Surabaya,bookingcom,Bumi Surabaya City Resort,822924,Surabaya,Indonesia,5,9.2,2025-11-05,06/11/2025,bumi city surabaya,1783192,0,Budget
2025-11-05,Pelita Air,17:15,18:50,1h 35m,0,960268,CGK,SUB,Economy,10,Surabaya,bookingcom,Aloft Surabaya Pakuwon City,871200,Surabaya,Indonesia,4,10.0,2025-11-05,06/11/2025,aloft city pakuwon surabaya,1831468,0,Budget
2025-11-05,Pelita Air,17:15,18:50,1h 35m,0,960268,CGK,SUB,Economy,10,Surabaya,bookingcom,Movenpick Surabaya City,910800,Surabaya,Indonesia,5,9.0,2025-11-05,06/11/2025,city movenpick surabaya,1871068,0,Budget
2025-11-05,Pelita Air,17:15,18:50,1h 35m,0,960268,CGK,SUB,Economy,10,Surabaya,bookingcom,Oakwood Hotel & Residence Surabaya,1087063,Surabaya,Indonesia,5,9.8,2025-11-05,06/11/2025,oakwood residence surabaya,2047331,0,Budget
2025-11-05,Pelita Air,17:15,18:50,1h 35m,0,960268,CGK,SUB,Economy,10,Surabaya,bookingcom,Platinum Hotel Tunjungan Surabaya,1090545,Surabaya,Indonesia,4,9.4,2025-11-05,06/11/2025,platinum surabaya tunjungan,2050813,0,Budget
2025-11-05,Pelita Air,17:15,18:50,1h 35m,0,960268,CGK,SUB,Economy,10,Surabaya,bookingcom,DoubleTree by Hilton Surabaya,1258884,Surabaya,Indonesia,5,9.4,2025-11-05,06/11/2025,by doubletree hilton surabaya,2219152,0,Budget
2025-11-05,Pelita Air,17:15,18:50,1h 35m,0,960268,CGK,SUB,Economy,10,Surabaya,bookingcom,Vasa Hotel Surabaya,1266305,Surabaya,Indonesia,5,9.0,2025-11-05,06/11/2025,surabaya vasa,2226573,0,Budget
2025-11-05,Pelita Air,17:15,18:50,1h 35m,0,960268,CGK,SUB,Economy,10,Surabaya,bookingcom,Hotel Ciputra World Surabaya managed by Swiss-Belhotel International,1330000,Surabaya,Indonesia,5,9.4,2025-11-05,06/11/2025,by ciputra international managed surabaya swissbelhotel world,2290268,0,Budget
2025-11-05,Pelita Air,17:15,18:50,1h 35m,0,960268,CGK,SUB,Economy,10,Surabaya,bookingcom,Ascott Waterplace Surabaya,1377000,Surabaya,Indonesia,5,9.3,2025-11-05,06/11/2025,ascott surabaya waterplace,2337268,0,Budget
2025-11-05,Pelita Air,17:15,18:50,1h 35m,0,960268,CGK,SUB,Economy,10,Surabaya,bookingcom,Shangri-la Surabaya,1431430,Surabaya,Indonesia,5,8.9,2025-11-05,06/11/2025,shangrila surabaya,2391698,0,Budget
2025-11-05,Pelita Air,17:15,18:50,1h 35m,0,960268,CGK,SUB,Economy,10,Surabaya,bookingcom,"Four Points by Sheraton Surabaya, Tunjungan Plaza",1524600,Surabaya,Indonesia,4,9.5,2025-11-05,06/11/2025,by four plaza points sheraton surabaya tunjungan,2484868,0,Budget
2025-11-05,Pelita Air,17:15,18:50,1h 35m,0,960268,CGK,SUB,Economy,10,Surabaya,bookingcom,"Four Points by Sheraton Surabaya, Pakuwon Indah",1548800,Surabaya,Indonesia,5,9.6,2025-11-05,06/11/2025,by four indah pakuwon points sheraton surabaya,2509068,0,Budget
2025-11-05,Pelita Air,17:15,18:50,1h 35m,0,960268,CGK,SUB,Economy,10,Surabaya,bookingcom,Hotel Majapahit Surabaya MGallery,1647000,Surabaya,Indonesia,5,9.3,2025-11-05,06/11/2025,majapahit mgallery surabaya,2607268,0,Budget
2025-11-05,Pelita Air,17:15,18:50,1h 35m,0,960268,CGK,SUB,Economy,10,Surabaya,bookingcom,Sheraton Surabaya Hotel & Towers,1936000,Surabaya,Indonesia,2,8.7,2025-11-05,06/11/2025,sheraton surabaya towers,2896268,0,Budget
2025-11-05,Pelita Air,17:15,18:50,1h 35m,0,960268,CGK,SUB,Economy,10,Surabaya,bookingcom,JW Marriott Hotel Surabaya,1996500,Surabaya,Indonesia,5,9.4,2025-11-05,06/11/2025,jw marriott surabaya,2956768,0,Budget
